ISO-10303-21;
HEADER;
FILE_DESCRIPTION(('KiCad electronic assembly'),'2;1');
FILE_NAME('s1-module.step','2026-04-09T11:08:38',('Pcbnew'),('Kicad'),
  'Open CASCADE STEP processor 7.8','KiCad to STEP converter','Unknown'
  );
FILE_SCHEMA(('AUTOMOTIVE_DESIGN { 1 0 10303 214 1 1 1 1 }'));
ENDSEC;
DATA;
#1 = APPLICATION_PROTOCOL_DEFINITION('international standard',
  'automotive_design',2000,#2);
#2 = APPLICATION_CONTEXT(
  'core data for automotive mechanical design processes');
#3 = SHAPE_DEFINITION_REPRESENTATION(#4,#10);
#4 = PRODUCT_DEFINITION_SHAPE('','',#5);
#5 = PRODUCT_DEFINITION('design','',#6,#9);
#6 = PRODUCT_DEFINITION_FORMATION('','',#7);
#7 = PRODUCT('s1-module 1','s1-module 1','',(#8));
#8 = PRODUCT_CONTEXT('',#2,'mechanical');
#9 = PRODUCT_DEFINITION_CONTEXT('part definition',#2,'design');
#10 = SHAPE_REPRESENTATION('',(#11,#15,#19,#23,#27,#31,#35,#39,#43,#47,
    #51,#55,#59,#63,#67,#71,#75,#79,#83,#87,#91,#95,#99,#103,#107,#111,
    #115,#119,#123,#127,#131,#135,#139,#143,#147,#151),#155);
#11 = AXIS2_PLACEMENT_3D('',#12,#13,#14);
#12 = CARTESIAN_POINT('',(0.,0.,0.));
#13 = DIRECTION('',(0.,0.,1.));
#14 = DIRECTION('',(1.,0.,-0.));
#15 = AXIS2_PLACEMENT_3D('',#16,#17,#18);
#16 = CARTESIAN_POINT('',(73.07,-41.2,0.395));
#17 = DIRECTION('',(0.,0.,1.));
#18 = DIRECTION('',(1.,0.,0.));
#19 = AXIS2_PLACEMENT_3D('',#20,#21,#22);
#20 = CARTESIAN_POINT('',(75.87,-40.5,0.395));
#21 = DIRECTION('',(0.,0.,1.));
#22 = DIRECTION('',(-1.,1.224646799147E-16,0.));
#23 = AXIS2_PLACEMENT_3D('',#24,#25,#26);
#24 = CARTESIAN_POINT('',(72.02,-46.83,0.395));
#25 = DIRECTION('',(-0.,0.,1.));
#26 = DIRECTION('',(1.110223024625E-16,-1.,0.));
#27 = AXIS2_PLACEMENT_3D('',#28,#29,#30);
#28 = CARTESIAN_POINT('',(73.07,-40.5,0.395));
#29 = DIRECTION('',(0.,0.,1.));
#30 = DIRECTION('',(-1.,1.224646799147E-16,0.));
#31 = AXIS2_PLACEMENT_3D('',#32,#33,#34);
#32 = CARTESIAN_POINT('',(72.02,-40.85,0.395));
#33 = DIRECTION('',(-0.,0.,1.));
#34 = DIRECTION('',(1.110223024625E-16,-1.,0.));
#35 = AXIS2_PLACEMENT_3D('',#36,#37,#38);
#36 = CARTESIAN_POINT('',(72.77,-42.9,0.345));
#37 = DIRECTION('',(0.,0.,1.));
#38 = DIRECTION('',(-1.,1.224646799147E-16,0.));
#39 = AXIS2_PLACEMENT_3D('',#40,#41,#42);
#40 = CARTESIAN_POINT('',(75.87,-41.2,0.395));
#41 = DIRECTION('',(0.,0.,1.));
#42 = DIRECTION('',(-1.,1.224646799147E-16,0.));
#43 = AXIS2_PLACEMENT_3D('',#44,#45,#46);
#44 = CARTESIAN_POINT('',(74.47,-41.2,0.395));
#45 = DIRECTION('',(0.,0.,1.));
#46 = DIRECTION('',(1.,0.,0.));
#47 = AXIS2_PLACEMENT_3D('',#48,#49,#50);
#48 = CARTESIAN_POINT('',(74.47,-40.5,0.395));
#49 = DIRECTION('',(0.,0.,1.));
#50 = DIRECTION('',(-1.,1.224646799147E-16,0.));
#51 = AXIS2_PLACEMENT_3D('',#52,#53,#54);
#52 = CARTESIAN_POINT('',(71.12,-40.15,0.895));
#53 = DIRECTION('',(0.,0.,1.));
#54 = DIRECTION('',(1.,0.,0.));
#55 = AXIS2_PLACEMENT_3D('',#56,#57,#58);
#56 = CARTESIAN_POINT('',(75.32,-42.85,0.495));
#57 = DIRECTION('',(0.,-0.,1.));
#58 = DIRECTION('',(1.144237745222E-17,1.,0.));
#59 = AXIS2_PLACEMENT_3D('',#60,#61,#62);
#60 = CARTESIAN_POINT('',(75.37,-46.09,0.345));
#61 = DIRECTION('',(-0.,0.,1.));
#62 = DIRECTION('',(1.110223024625E-16,-1.,0.));
#63 = AXIS2_PLACEMENT_3D('',#64,#65,#66);
#64 = CARTESIAN_POINT('',(72.82,-45.2,0.295));
#65 = DIRECTION('',(0.,-0.,1.));
#66 = DIRECTION('',(1.110223024625E-16,1.,0.));
#67 = AXIS2_PLACEMENT_3D('',#68,#69,#70);
#68 = CARTESIAN_POINT('',(73.64,-46.83,0.395));
#69 = DIRECTION('',(-0.,0.,1.));
#70 = DIRECTION('',(1.110223024625E-16,-1.,0.));
#71 = AXIS2_PLACEMENT_3D('',#72,#73,#74);
#72 = CARTESIAN_POINT('',(72.73,-46.7,0.395));
#73 = DIRECTION('',(0.,-0.,1.));
#74 = DIRECTION('',(1.110223024625E-16,1.,0.));
#75 = AXIS2_PLACEMENT_3D('',#76,#77,#78);
#76 = CARTESIAN_POINT('',(75.52,-41.2,-8.5E-02));
#77 = DIRECTION('',(0.,-1.224646799147E-16,-1.));
#78 = DIRECTION('',(1.,0.,0.));
#79 = AXIS2_PLACEMENT_3D('',#80,#81,#82);
#80 = CARTESIAN_POINT('',(75.52,-40.5,-8.5E-02));
#81 = DIRECTION('',(0.,-1.224646799147E-16,-1.));
#82 = DIRECTION('',(1.,0.,0.));
#83 = AXIS2_PLACEMENT_3D('',#84,#85,#86);
#84 = CARTESIAN_POINT('',(74.47,-40.85,-8.5E-02));
#85 = DIRECTION('',(1.224646799147E-16,-1.359631073447E-32,-1.));
#86 = DIRECTION('',(1.110223024625E-16,1.,0.));
#87 = AXIS2_PLACEMENT_3D('',#88,#89,#90);
#88 = CARTESIAN_POINT('',(73.77,-40.85,-8.5E-02));
#89 = DIRECTION('',(-1.224646799147E-16,-1.359631073447E-32,-1.));
#90 = DIRECTION('',(1.110223024625E-16,-1.,0.));
#91 = AXIS2_PLACEMENT_3D('',#92,#93,#94);
#92 = CARTESIAN_POINT('',(73.9,-45.76,-8.5E-02));
#93 = DIRECTION('',(-1.224646799147E-16,-1.359631073447E-32,-1.));
#94 = DIRECTION('',(1.110223024625E-16,-1.,0.));
#95 = AXIS2_PLACEMENT_3D('',#96,#97,#98);
#96 = CARTESIAN_POINT('',(75.185,-45.19,-8.5E-02));
#97 = DIRECTION('',(1.499759782662E-32,1.224646799147E-16,-1.));
#98 = DIRECTION('',(-1.,1.224646799147E-16,0.));
#99 = AXIS2_PLACEMENT_3D('',#100,#101,#102);
#100 = CARTESIAN_POINT('',(73.2,-47.07,-8.5E-02));
#101 = DIRECTION('',(1.499759782662E-32,1.224646799147E-16,-1.));
#102 = DIRECTION('',(-1.,1.224646799147E-16,0.));
#103 = AXIS2_PLACEMENT_3D('',#104,#105,#106);
#104 = CARTESIAN_POINT('',(73.055,-44.3,-8.5E-02));
#105 = DIRECTION('',(1.499759782662E-32,1.224646799147E-16,-1.));
#106 = DIRECTION('',(-1.,1.224646799147E-16,0.));
#107 = AXIS2_PLACEMENT_3D('',#108,#109,#110);
#108 = CARTESIAN_POINT('',(75.42,-44.37,-8.5E-02));
#109 = DIRECTION('',(0.,-1.224646799147E-16,-1.));
#110 = DIRECTION('',(1.,0.,0.));
#111 = AXIS2_PLACEMENT_3D('',#112,#113,#114);
#112 = CARTESIAN_POINT('',(75.185,-46.13,-8.5E-02));
#113 = DIRECTION('',(1.499759782662E-32,1.224646799147E-16,-1.));
#114 = DIRECTION('',(-1.,1.224646799147E-16,0.));
#115 = AXIS2_PLACEMENT_3D('',#116,#117,#118);
#116 = CARTESIAN_POINT('',(72.37,-40.85,-8.5E-02));
#117 = DIRECTION('',(1.224646799147E-16,-1.359631073447E-32,-1.));
#118 = DIRECTION('',(1.110223024625E-16,1.,0.));
#119 = AXIS2_PLACEMENT_3D('',#120,#121,#122);
#120 = CARTESIAN_POINT('',(73.05,-42.22,-8.5E-02));
#121 = DIRECTION('',(1.499759782662E-32,1.224646799147E-16,-1.));
#122 = DIRECTION('',(-1.,1.224646799147E-16,0.));
#123 = AXIS2_PLACEMENT_3D('',#124,#125,#126);
#124 = CARTESIAN_POINT('',(75.185,-42.315,-8.5E-02));
#125 = DIRECTION('',(0.,-1.224646799147E-16,-1.));
#126 = DIRECTION('',(1.,0.,0.));
#127 = AXIS2_PLACEMENT_3D('',#128,#129,#130);
#128 = CARTESIAN_POINT('',(73.055,-43.36,-8.5E-02));
#129 = DIRECTION('',(1.499759782662E-32,1.224646799147E-16,-1.));
#130 = DIRECTION('',(-1.,1.224646799147E-16,0.));
#131 = AXIS2_PLACEMENT_3D('',#132,#133,#134);
#132 = CARTESIAN_POINT('',(73.2,-45.76,-8.5E-02));
#133 = DIRECTION('',(1.224646799147E-16,-1.359631073447E-32,-1.));
#134 = DIRECTION('',(1.110223024625E-16,1.,0.));
#135 = AXIS2_PLACEMENT_3D('',#136,#137,#138);
#136 = CARTESIAN_POINT('',(75.185,-47.07,-8.5E-02));
#137 = DIRECTION('',(0.,-1.224646799147E-16,-1.));
#138 = DIRECTION('',(1.,0.,0.));
#139 = AXIS2_PLACEMENT_3D('',#140,#141,#142);
#140 = CARTESIAN_POINT('',(72.47,-45.76,-8.5E-02));
#141 = DIRECTION('',(-1.224646799147E-16,-1.359631073447E-32,-1.));
#142 = DIRECTION('',(1.110223024625E-16,-1.,0.));
#143 = AXIS2_PLACEMENT_3D('',#144,#145,#146);
#144 = CARTESIAN_POINT('',(73.07,-40.85,-8.5E-02));
#145 = DIRECTION('',(-1.224646799147E-16,-1.359631073447E-32,-1.));
#146 = DIRECTION('',(1.110223024625E-16,-1.,0.));
#147 = AXIS2_PLACEMENT_3D('',#148,#149,#150);
#148 = CARTESIAN_POINT('',(75.185,-43.55,-8.5E-02));
#149 = DIRECTION('',(1.499759782662E-32,1.224646799147E-16,-1.));
#150 = DIRECTION('',(-1.,1.224646799147E-16,0.));
#151 = AXIS2_PLACEMENT_3D('',#152,#153,#154);
#152 = CARTESIAN_POINT('',(0.,0.,0.));
#153 = DIRECTION('',(0.,0.,1.));
#154 = DIRECTION('',(1.,0.,-0.));
#155 = ( GEOMETRIC_REPRESENTATION_CONTEXT(3) 
GLOBAL_UNCERTAINTY_ASSIGNED_CONTEXT((#159)) GLOBAL_UNIT_ASSIGNED_CONTEXT
((#156,#157,#158)) REPRESENTATION_CONTEXT('Context #1',
  '3D Context with UNIT and UNCERTAINTY') );
#156 = ( LENGTH_UNIT() NAMED_UNIT(*) SI_UNIT(.MILLI.,.METRE.) );
#157 = ( NAMED_UNIT(*) PLANE_ANGLE_UNIT() SI_UNIT($,.RADIAN.) );
#158 = ( NAMED_UNIT(*) SI_UNIT($,.STERADIAN.) SOLID_ANGLE_UNIT() );
#159 = UNCERTAINTY_MEASURE_WITH_UNIT(LENGTH_MEASURE(1.E-06),#156,
  'distance_accuracy_value','confusion accuracy');
#160 = PRODUCT_RELATED_PRODUCT_CATEGORY('part',$,(#7));
#161 = SHAPE_DEFINITION_REPRESENTATION(#162,#168);
#162 = PRODUCT_DEFINITION_SHAPE('','',#163);
#163 = PRODUCT_DEFINITION('design','',#164,#167);
#164 = PRODUCT_DEFINITION_FORMATION('','',#165);
#165 = PRODUCT('C_0201_0603Metric','C_0201_0603Metric','',(#166));
#166 = PRODUCT_CONTEXT('',#2,'mechanical');
#167 = PRODUCT_DEFINITION_CONTEXT('part definition',#2,'design');
#168 = ADVANCED_BREP_SHAPE_REPRESENTATION('',(#11,#169),#1023);
#169 = MANIFOLD_SOLID_BREP('',#170);
#170 = CLOSED_SHELL('',(#171,#247,#278,#303,#328,#352,#376,#401,#426,
    #443,#529,#561,#585,#610,#634,#659,#683,#708,#725,#811,#842,#867,
    #892,#916,#940,#965,#990,#1007));
#171 = ADVANCED_FACE('',(#172),#242,.F.);
#172 = FACE_BOUND('',#173,.F.);
#173 = EDGE_LOOP('',(#174,#184,#193,#201,#210,#218,#227,#235));
#174 = ORIENTED_EDGE('',*,*,#175,.F.);
#175 = EDGE_CURVE('',#176,#178,#180,.T.);
#176 = VERTEX_POINT('',#177);
#177 = CARTESIAN_POINT('',(-0.3,-0.15,1.5E-02));
#178 = VERTEX_POINT('',#179);
#179 = CARTESIAN_POINT('',(-0.3,-0.15,0.285));
#180 = LINE('',#181,#182);
#181 = CARTESIAN_POINT('',(-0.3,-0.15,0.));
#182 = VECTOR('',#183,1.);
#183 = DIRECTION('',(0.,0.,1.));
#184 = ORIENTED_EDGE('',*,*,#185,.T.);
#185 = EDGE_CURVE('',#176,#186,#188,.T.);
#186 = VERTEX_POINT('',#187);
#187 = CARTESIAN_POINT('',(-0.3,-0.135,-2.775557561563E-17));
#188 = CIRCLE('',#189,1.5E-02);
#189 = AXIS2_PLACEMENT_3D('',#190,#191,#192);
#190 = CARTESIAN_POINT('',(-0.3,-0.135,1.5E-02));
#191 = DIRECTION('',(1.,0.,-0.));
#192 = DIRECTION('',(0.,0.,1.));
#193 = ORIENTED_EDGE('',*,*,#194,.T.);
#194 = EDGE_CURVE('',#186,#195,#197,.T.);
#195 = VERTEX_POINT('',#196);
#196 = CARTESIAN_POINT('',(-0.3,0.135,-2.775557561563E-17));
#197 = LINE('',#198,#199);
#198 = CARTESIAN_POINT('',(-0.3,-0.15,0.));
#199 = VECTOR('',#200,1.);
#200 = DIRECTION('',(0.,1.,0.));
#201 = ORIENTED_EDGE('',*,*,#202,.F.);
#202 = EDGE_CURVE('',#203,#195,#205,.T.);
#203 = VERTEX_POINT('',#204);
#204 = CARTESIAN_POINT('',(-0.3,0.15,1.5E-02));
#205 = CIRCLE('',#206,1.5E-02);
#206 = AXIS2_PLACEMENT_3D('',#207,#208,#209);
#207 = CARTESIAN_POINT('',(-0.3,0.135,1.5E-02));
#208 = DIRECTION('',(-1.,0.,0.));
#209 = DIRECTION('',(0.,0.,1.));
#210 = ORIENTED_EDGE('',*,*,#211,.T.);
#211 = EDGE_CURVE('',#203,#212,#214,.T.);
#212 = VERTEX_POINT('',#213);
#213 = CARTESIAN_POINT('',(-0.3,0.15,0.285));
#214 = LINE('',#215,#216);
#215 = CARTESIAN_POINT('',(-0.3,0.15,0.));
#216 = VECTOR('',#217,1.);
#217 = DIRECTION('',(0.,0.,1.));
#218 = ORIENTED_EDGE('',*,*,#219,.T.);
#219 = EDGE_CURVE('',#212,#220,#222,.T.);
#220 = VERTEX_POINT('',#221);
#221 = CARTESIAN_POINT('',(-0.3,0.135,0.3));
#222 = CIRCLE('',#223,1.5E-02);
#223 = AXIS2_PLACEMENT_3D('',#224,#225,#226);
#224 = CARTESIAN_POINT('',(-0.3,0.135,0.285));
#225 = DIRECTION('',(1.,0.,-0.));
#226 = DIRECTION('',(0.,0.,1.));
#227 = ORIENTED_EDGE('',*,*,#228,.F.);
#228 = EDGE_CURVE('',#229,#220,#231,.T.);
#229 = VERTEX_POINT('',#230);
#230 = CARTESIAN_POINT('',(-0.3,-0.135,0.3));
#231 = LINE('',#232,#233);
#232 = CARTESIAN_POINT('',(-0.3,-0.15,0.3));
#233 = VECTOR('',#234,1.);
#234 = DIRECTION('',(0.,1.,0.));
#235 = ORIENTED_EDGE('',*,*,#236,.F.);
#236 = EDGE_CURVE('',#178,#229,#237,.T.);
#237 = CIRCLE('',#238,1.5E-02);
#238 = AXIS2_PLACEMENT_3D('',#239,#240,#241);
#239 = CARTESIAN_POINT('',(-0.3,-0.135,0.285));
#240 = DIRECTION('',(-1.,0.,0.));
#241 = DIRECTION('',(0.,0.,1.));
#242 = PLANE('',#243);
#243 = AXIS2_PLACEMENT_3D('',#244,#245,#246);
#244 = CARTESIAN_POINT('',(-0.3,-0.15,0.));
#245 = DIRECTION('',(1.,0.,0.));
#246 = DIRECTION('',(0.,0.,1.));
#247 = ADVANCED_FACE('',(#248),#273,.F.);
#248 = FACE_BOUND('',#249,.F.);
#249 = EDGE_LOOP('',(#250,#260,#266,#267));
#250 = ORIENTED_EDGE('',*,*,#251,.F.);
#251 = EDGE_CURVE('',#252,#254,#256,.T.);
#252 = VERTEX_POINT('',#253);
#253 = CARTESIAN_POINT('',(-0.15,-0.15,1.5E-02));
#254 = VERTEX_POINT('',#255);
#255 = CARTESIAN_POINT('',(-0.15,-0.15,0.285));
#256 = LINE('',#257,#258);
#257 = CARTESIAN_POINT('',(-0.15,-0.15,0.));
#258 = VECTOR('',#259,1.);
#259 = DIRECTION('',(0.,0.,1.));
#260 = ORIENTED_EDGE('',*,*,#261,.F.);
#261 = EDGE_CURVE('',#176,#252,#262,.T.);
#262 = LINE('',#263,#264);
#263 = CARTESIAN_POINT('',(-0.3,-0.15,1.5E-02));
#264 = VECTOR('',#265,1.);
#265 = DIRECTION('',(1.,0.,0.));
#266 = ORIENTED_EDGE('',*,*,#175,.T.);
#267 = ORIENTED_EDGE('',*,*,#268,.T.);
#268 = EDGE_CURVE('',#178,#254,#269,.T.);
#269 = LINE('',#270,#271);
#270 = CARTESIAN_POINT('',(-0.3,-0.15,0.285));
#271 = VECTOR('',#272,1.);
#272 = DIRECTION('',(1.,0.,0.));
#273 = PLANE('',#274);
#274 = AXIS2_PLACEMENT_3D('',#275,#276,#277);
#275 = CARTESIAN_POINT('',(-0.3,-0.15,0.));
#276 = DIRECTION('',(0.,1.,0.));
#277 = DIRECTION('',(0.,-0.,1.));
#278 = ADVANCED_FACE('',(#279),#298,.T.);
#279 = FACE_BOUND('',#280,.T.);
#280 = EDGE_LOOP('',(#281,#282,#290,#297));
#281 = ORIENTED_EDGE('',*,*,#185,.T.);
#282 = ORIENTED_EDGE('',*,*,#283,.T.);
#283 = EDGE_CURVE('',#186,#284,#286,.T.);
#284 = VERTEX_POINT('',#285);
#285 = CARTESIAN_POINT('',(-0.15,-0.135,-2.775557561563E-17));
#286 = LINE('',#287,#288);
#287 = CARTESIAN_POINT('',(-0.3,-0.135,-2.775557561563E-17));
#288 = VECTOR('',#289,1.);
#289 = DIRECTION('',(1.,0.,0.));
#290 = ORIENTED_EDGE('',*,*,#291,.F.);
#291 = EDGE_CURVE('',#252,#284,#292,.T.);
#292 = CIRCLE('',#293,1.5E-02);
#293 = AXIS2_PLACEMENT_3D('',#294,#295,#296);
#294 = CARTESIAN_POINT('',(-0.15,-0.135,1.5E-02));
#295 = DIRECTION('',(1.,0.,-0.));
#296 = DIRECTION('',(0.,0.,1.));
#297 = ORIENTED_EDGE('',*,*,#261,.F.);
#298 = CYLINDRICAL_SURFACE('',#299,1.5E-02);
#299 = AXIS2_PLACEMENT_3D('',#300,#301,#302);
#300 = CARTESIAN_POINT('',(-0.3,-0.135,1.5E-02));
#301 = DIRECTION('',(1.,0.,0.));
#302 = DIRECTION('',(0.,-1.,0.));
#303 = ADVANCED_FACE('',(#304),#323,.T.);
#304 = FACE_BOUND('',#305,.T.);
#305 = EDGE_LOOP('',(#306,#307,#316,#322));
#306 = ORIENTED_EDGE('',*,*,#268,.T.);
#307 = ORIENTED_EDGE('',*,*,#308,.T.);
#308 = EDGE_CURVE('',#254,#309,#311,.T.);
#309 = VERTEX_POINT('',#310);
#310 = CARTESIAN_POINT('',(-0.15,-0.135,0.3));
#311 = CIRCLE('',#312,1.5E-02);
#312 = AXIS2_PLACEMENT_3D('',#313,#314,#315);
#313 = CARTESIAN_POINT('',(-0.15,-0.135,0.285));
#314 = DIRECTION('',(-1.,0.,0.));
#315 = DIRECTION('',(0.,0.,1.));
#316 = ORIENTED_EDGE('',*,*,#317,.F.);
#317 = EDGE_CURVE('',#229,#309,#318,.T.);
#318 = LINE('',#319,#320);
#319 = CARTESIAN_POINT('',(-0.3,-0.135,0.3));
#320 = VECTOR('',#321,1.);
#321 = DIRECTION('',(1.,0.,0.));
#322 = ORIENTED_EDGE('',*,*,#236,.F.);
#323 = CYLINDRICAL_SURFACE('',#324,1.5E-02);
#324 = AXIS2_PLACEMENT_3D('',#325,#326,#327);
#325 = CARTESIAN_POINT('',(-0.3,-0.135,0.285));
#326 = DIRECTION('',(1.,0.,0.));
#327 = DIRECTION('',(0.,-1.,0.));
#328 = ADVANCED_FACE('',(#329),#347,.F.);
#329 = FACE_BOUND('',#330,.F.);
#330 = EDGE_LOOP('',(#331,#332,#333,#341));
#331 = ORIENTED_EDGE('',*,*,#194,.F.);
#332 = ORIENTED_EDGE('',*,*,#283,.T.);
#333 = ORIENTED_EDGE('',*,*,#334,.T.);
#334 = EDGE_CURVE('',#284,#335,#337,.T.);
#335 = VERTEX_POINT('',#336);
#336 = CARTESIAN_POINT('',(-0.15,0.135,-2.775557561563E-17));
#337 = LINE('',#338,#339);
#338 = CARTESIAN_POINT('',(-0.15,-0.15,0.));
#339 = VECTOR('',#340,1.);
#340 = DIRECTION('',(0.,1.,0.));
#341 = ORIENTED_EDGE('',*,*,#342,.F.);
#342 = EDGE_CURVE('',#195,#335,#343,.T.);
#343 = LINE('',#344,#345);
#344 = CARTESIAN_POINT('',(-0.3,0.135,-2.775557561563E-17));
#345 = VECTOR('',#346,1.);
#346 = DIRECTION('',(1.,0.,0.));
#347 = PLANE('',#348);
#348 = AXIS2_PLACEMENT_3D('',#349,#350,#351);
#349 = CARTESIAN_POINT('',(-0.3,-0.15,0.));
#350 = DIRECTION('',(0.,0.,1.));
#351 = DIRECTION('',(1.,0.,-0.));
#352 = ADVANCED_FACE('',(#353),#371,.T.);
#353 = FACE_BOUND('',#354,.T.);
#354 = EDGE_LOOP('',(#355,#356,#357,#365));
#355 = ORIENTED_EDGE('',*,*,#228,.F.);
#356 = ORIENTED_EDGE('',*,*,#317,.T.);
#357 = ORIENTED_EDGE('',*,*,#358,.T.);
#358 = EDGE_CURVE('',#309,#359,#361,.T.);
#359 = VERTEX_POINT('',#360);
#360 = CARTESIAN_POINT('',(-0.15,0.135,0.3));
#361 = LINE('',#362,#363);
#362 = CARTESIAN_POINT('',(-0.15,-0.15,0.3));
#363 = VECTOR('',#364,1.);
#364 = DIRECTION('',(0.,1.,0.));
#365 = ORIENTED_EDGE('',*,*,#366,.F.);
#366 = EDGE_CURVE('',#220,#359,#367,.T.);
#367 = LINE('',#368,#369);
#368 = CARTESIAN_POINT('',(-0.3,0.135,0.3));
#369 = VECTOR('',#370,1.);
#370 = DIRECTION('',(1.,0.,0.));
#371 = PLANE('',#372);
#372 = AXIS2_PLACEMENT_3D('',#373,#374,#375);
#373 = CARTESIAN_POINT('',(-0.3,-0.15,0.3));
#374 = DIRECTION('',(0.,0.,1.));
#375 = DIRECTION('',(1.,0.,-0.));
#376 = ADVANCED_FACE('',(#377),#396,.T.);
#377 = FACE_BOUND('',#378,.T.);
#378 = EDGE_LOOP('',(#379,#387,#394,#395));
#379 = ORIENTED_EDGE('',*,*,#380,.T.);
#380 = EDGE_CURVE('',#203,#381,#383,.T.);
#381 = VERTEX_POINT('',#382);
#382 = CARTESIAN_POINT('',(-0.15,0.15,1.5E-02));
#383 = LINE('',#384,#385);
#384 = CARTESIAN_POINT('',(-0.3,0.15,1.5E-02));
#385 = VECTOR('',#386,1.);
#386 = DIRECTION('',(1.,0.,0.));
#387 = ORIENTED_EDGE('',*,*,#388,.T.);
#388 = EDGE_CURVE('',#381,#335,#389,.T.);
#389 = CIRCLE('',#390,1.5E-02);
#390 = AXIS2_PLACEMENT_3D('',#391,#392,#393);
#391 = CARTESIAN_POINT('',(-0.15,0.135,1.5E-02));
#392 = DIRECTION('',(-1.,0.,0.));
#393 = DIRECTION('',(0.,0.,1.));
#394 = ORIENTED_EDGE('',*,*,#342,.F.);
#395 = ORIENTED_EDGE('',*,*,#202,.F.);
#396 = CYLINDRICAL_SURFACE('',#397,1.5E-02);
#397 = AXIS2_PLACEMENT_3D('',#398,#399,#400);
#398 = CARTESIAN_POINT('',(-0.3,0.135,1.5E-02));
#399 = DIRECTION('',(1.,0.,0.));
#400 = DIRECTION('',(-0.,1.,0.));
#401 = ADVANCED_FACE('',(#402),#421,.T.);
#402 = FACE_BOUND('',#403,.T.);
#403 = EDGE_LOOP('',(#404,#405,#406,#415));
#404 = ORIENTED_EDGE('',*,*,#219,.T.);
#405 = ORIENTED_EDGE('',*,*,#366,.T.);
#406 = ORIENTED_EDGE('',*,*,#407,.F.);
#407 = EDGE_CURVE('',#408,#359,#410,.T.);
#408 = VERTEX_POINT('',#409);
#409 = CARTESIAN_POINT('',(-0.15,0.15,0.285));
#410 = CIRCLE('',#411,1.5E-02);
#411 = AXIS2_PLACEMENT_3D('',#412,#413,#414);
#412 = CARTESIAN_POINT('',(-0.15,0.135,0.285));
#413 = DIRECTION('',(1.,0.,-0.));
#414 = DIRECTION('',(0.,0.,1.));
#415 = ORIENTED_EDGE('',*,*,#416,.F.);
#416 = EDGE_CURVE('',#212,#408,#417,.T.);
#417 = LINE('',#418,#419);
#418 = CARTESIAN_POINT('',(-0.3,0.15,0.285));
#419 = VECTOR('',#420,1.);
#420 = DIRECTION('',(1.,0.,0.));
#421 = CYLINDRICAL_SURFACE('',#422,1.5E-02);
#422 = AXIS2_PLACEMENT_3D('',#423,#424,#425);
#423 = CARTESIAN_POINT('',(-0.3,0.135,0.285));
#424 = DIRECTION('',(1.,0.,0.));
#425 = DIRECTION('',(-0.,1.,0.));
#426 = ADVANCED_FACE('',(#427),#438,.T.);
#427 = FACE_BOUND('',#428,.T.);
#428 = EDGE_LOOP('',(#429,#435,#436,#437));
#429 = ORIENTED_EDGE('',*,*,#430,.F.);
#430 = EDGE_CURVE('',#381,#408,#431,.T.);
#431 = LINE('',#432,#433);
#432 = CARTESIAN_POINT('',(-0.15,0.15,0.));
#433 = VECTOR('',#434,1.);
#434 = DIRECTION('',(0.,0.,1.));
#435 = ORIENTED_EDGE('',*,*,#380,.F.);
#436 = ORIENTED_EDGE('',*,*,#211,.T.);
#437 = ORIENTED_EDGE('',*,*,#416,.T.);
#438 = PLANE('',#439);
#439 = AXIS2_PLACEMENT_3D('',#440,#441,#442);
#440 = CARTESIAN_POINT('',(-0.3,0.15,0.));
#441 = DIRECTION('',(0.,1.,0.));
#442 = DIRECTION('',(0.,-0.,1.));
#443 = ADVANCED_FACE('',(#444,#454),#524,.T.);
#444 = FACE_BOUND('',#445,.T.);
#445 = EDGE_LOOP('',(#446,#447,#448,#449,#450,#451,#452,#453));
#446 = ORIENTED_EDGE('',*,*,#251,.F.);
#447 = ORIENTED_EDGE('',*,*,#291,.T.);
#448 = ORIENTED_EDGE('',*,*,#334,.T.);
#449 = ORIENTED_EDGE('',*,*,#388,.F.);
#450 = ORIENTED_EDGE('',*,*,#430,.T.);
#451 = ORIENTED_EDGE('',*,*,#407,.T.);
#452 = ORIENTED_EDGE('',*,*,#358,.F.);
#453 = ORIENTED_EDGE('',*,*,#308,.F.);
#454 = FACE_BOUND('',#455,.T.);
#455 = EDGE_LOOP('',(#456,#467,#475,#484,#492,#501,#509,#518));
#456 = ORIENTED_EDGE('',*,*,#457,.F.);
#457 = EDGE_CURVE('',#458,#460,#462,.T.);
#458 = VERTEX_POINT('',#459);
#459 = CARTESIAN_POINT('',(-0.15,-0.135,3.E-02));
#460 = VERTEX_POINT('',#461);
#461 = CARTESIAN_POINT('',(-0.15,-0.12,1.5E-02));
#462 = CIRCLE('',#463,1.5E-02);
#463 = AXIS2_PLACEMENT_3D('',#464,#465,#466);
#464 = CARTESIAN_POINT('',(-0.15,-0.12,3.E-02));
#465 = DIRECTION('',(1.,0.,-0.));
#466 = DIRECTION('',(0.,0.,1.));
#467 = ORIENTED_EDGE('',*,*,#468,.T.);
#468 = EDGE_CURVE('',#458,#469,#471,.T.);
#469 = VERTEX_POINT('',#470);
#470 = CARTESIAN_POINT('',(-0.15,-0.135,0.27));
#471 = LINE('',#472,#473);
#472 = CARTESIAN_POINT('',(-0.15,-0.135,1.5E-02));
#473 = VECTOR('',#474,1.);
#474 = DIRECTION('',(0.,0.,1.));
#475 = ORIENTED_EDGE('',*,*,#476,.T.);
#476 = EDGE_CURVE('',#469,#477,#479,.T.);
#477 = VERTEX_POINT('',#478);
#478 = CARTESIAN_POINT('',(-0.15,-0.12,0.285));
#479 = CIRCLE('',#480,1.5E-02);
#480 = AXIS2_PLACEMENT_3D('',#481,#482,#483);
#481 = CARTESIAN_POINT('',(-0.15,-0.12,0.27));
#482 = DIRECTION('',(-1.,0.,0.));
#483 = DIRECTION('',(0.,0.,1.));
#484 = ORIENTED_EDGE('',*,*,#485,.T.);
#485 = EDGE_CURVE('',#477,#486,#488,.T.);
#486 = VERTEX_POINT('',#487);
#487 = CARTESIAN_POINT('',(-0.15,0.12,0.285));
#488 = LINE('',#489,#490);
#489 = CARTESIAN_POINT('',(-0.15,-0.135,0.285));
#490 = VECTOR('',#491,1.);
#491 = DIRECTION('',(0.,1.,0.));
#492 = ORIENTED_EDGE('',*,*,#493,.F.);
#493 = EDGE_CURVE('',#494,#486,#496,.T.);
#494 = VERTEX_POINT('',#495);
#495 = CARTESIAN_POINT('',(-0.15,0.135,0.27));
#496 = CIRCLE('',#497,1.5E-02);
#497 = AXIS2_PLACEMENT_3D('',#498,#499,#500);
#498 = CARTESIAN_POINT('',(-0.15,0.12,0.27));
#499 = DIRECTION('',(1.,0.,-0.));
#500 = DIRECTION('',(0.,0.,1.));
#501 = ORIENTED_EDGE('',*,*,#502,.F.);
#502 = EDGE_CURVE('',#503,#494,#505,.T.);
#503 = VERTEX_POINT('',#504);
#504 = CARTESIAN_POINT('',(-0.15,0.135,3.E-02));
#505 = LINE('',#506,#507);
#506 = CARTESIAN_POINT('',(-0.15,0.135,1.5E-02));
#507 = VECTOR('',#508,1.);
#508 = DIRECTION('',(0.,0.,1.));
#509 = ORIENTED_EDGE('',*,*,#510,.T.);
#510 = EDGE_CURVE('',#503,#511,#513,.T.);
#511 = VERTEX_POINT('',#512);
#512 = CARTESIAN_POINT('',(-0.15,0.12,1.5E-02));
#513 = CIRCLE('',#514,1.5E-02);
#514 = AXIS2_PLACEMENT_3D('',#515,#516,#517);
#515 = CARTESIAN_POINT('',(-0.15,0.12,3.E-02));
#516 = DIRECTION('',(-1.,0.,0.));
#517 = DIRECTION('',(0.,0.,1.));
#518 = ORIENTED_EDGE('',*,*,#519,.F.);
#519 = EDGE_CURVE('',#460,#511,#520,.T.);
#520 = LINE('',#521,#522);
#521 = CARTESIAN_POINT('',(-0.15,-0.135,1.5E-02));
#522 = VECTOR('',#523,1.);
#523 = DIRECTION('',(0.,1.,0.));
#524 = PLANE('',#525);
#525 = AXIS2_PLACEMENT_3D('',#526,#527,#528);
#526 = CARTESIAN_POINT('',(-0.15,-0.15,0.));
#527 = DIRECTION('',(1.,0.,0.));
#528 = DIRECTION('',(0.,0.,1.));
#529 = ADVANCED_FACE('',(#530),#556,.T.);
#530 = FACE_BOUND('',#531,.T.);
#531 = EDGE_LOOP('',(#532,#533,#541,#550));
#532 = ORIENTED_EDGE('',*,*,#457,.T.);
#533 = ORIENTED_EDGE('',*,*,#534,.T.);
#534 = EDGE_CURVE('',#460,#535,#537,.T.);
#535 = VERTEX_POINT('',#536);
#536 = CARTESIAN_POINT('',(0.15,-0.12,1.5E-02));
#537 = LINE('',#538,#539);
#538 = CARTESIAN_POINT('',(-0.15,-0.12,1.5E-02));
#539 = VECTOR('',#540,1.);
#540 = DIRECTION('',(1.,0.,0.));
#541 = ORIENTED_EDGE('',*,*,#542,.F.);
#542 = EDGE_CURVE('',#543,#535,#545,.T.);
#543 = VERTEX_POINT('',#544);
#544 = CARTESIAN_POINT('',(0.15,-0.135,3.E-02));
#545 = CIRCLE('',#546,1.5E-02);
#546 = AXIS2_PLACEMENT_3D('',#547,#548,#549);
#547 = CARTESIAN_POINT('',(0.15,-0.12,3.E-02));
#548 = DIRECTION('',(1.,0.,-0.));
#549 = DIRECTION('',(0.,0.,1.));
#550 = ORIENTED_EDGE('',*,*,#551,.F.);
#551 = EDGE_CURVE('',#458,#543,#552,.T.);
#552 = LINE('',#553,#554);
#553 = CARTESIAN_POINT('',(-0.15,-0.135,3.E-02));
#554 = VECTOR('',#555,1.);
#555 = DIRECTION('',(1.,0.,0.));
#556 = CYLINDRICAL_SURFACE('',#557,1.5E-02);
#557 = AXIS2_PLACEMENT_3D('',#558,#559,#560);
#558 = CARTESIAN_POINT('',(-0.15,-0.12,3.E-02));
#559 = DIRECTION('',(1.,0.,0.));
#560 = DIRECTION('',(0.,-1.,0.));
#561 = ADVANCED_FACE('',(#562),#580,.F.);
#562 = FACE_BOUND('',#563,.F.);
#563 = EDGE_LOOP('',(#564,#565,#566,#574));
#564 = ORIENTED_EDGE('',*,*,#519,.F.);
#565 = ORIENTED_EDGE('',*,*,#534,.T.);
#566 = ORIENTED_EDGE('',*,*,#567,.T.);
#567 = EDGE_CURVE('',#535,#568,#570,.T.);
#568 = VERTEX_POINT('',#569);
#569 = CARTESIAN_POINT('',(0.15,0.12,1.5E-02));
#570 = LINE('',#571,#572);
#571 = CARTESIAN_POINT('',(0.15,-0.135,1.5E-02));
#572 = VECTOR('',#573,1.);
#573 = DIRECTION('',(0.,1.,0.));
#574 = ORIENTED_EDGE('',*,*,#575,.F.);
#575 = EDGE_CURVE('',#511,#568,#576,.T.);
#576 = LINE('',#577,#578);
#577 = CARTESIAN_POINT('',(-0.15,0.12,1.5E-02));
#578 = VECTOR('',#579,1.);
#579 = DIRECTION('',(1.,0.,0.));
#580 = PLANE('',#581);
#581 = AXIS2_PLACEMENT_3D('',#582,#583,#584);
#582 = CARTESIAN_POINT('',(-0.15,-0.135,1.5E-02));
#583 = DIRECTION('',(0.,0.,1.));
#584 = DIRECTION('',(1.,0.,-0.));
#585 = ADVANCED_FACE('',(#586),#605,.T.);
#586 = FACE_BOUND('',#587,.T.);
#587 = EDGE_LOOP('',(#588,#596,#603,#604));
#588 = ORIENTED_EDGE('',*,*,#589,.T.);
#589 = EDGE_CURVE('',#503,#590,#592,.T.);
#590 = VERTEX_POINT('',#591);
#591 = CARTESIAN_POINT('',(0.15,0.135,3.E-02));
#592 = LINE('',#593,#594);
#593 = CARTESIAN_POINT('',(-0.15,0.135,3.E-02));
#594 = VECTOR('',#595,1.);
#595 = DIRECTION('',(1.,0.,0.));
#596 = ORIENTED_EDGE('',*,*,#597,.T.);
#597 = EDGE_CURVE('',#590,#568,#598,.T.);
#598 = CIRCLE('',#599,1.5E-02);
#599 = AXIS2_PLACEMENT_3D('',#600,#601,#602);
#600 = CARTESIAN_POINT('',(0.15,0.12,3.E-02));
#601 = DIRECTION('',(-1.,0.,0.));
#602 = DIRECTION('',(0.,0.,1.));
#603 = ORIENTED_EDGE('',*,*,#575,.F.);
#604 = ORIENTED_EDGE('',*,*,#510,.F.);
#605 = CYLINDRICAL_SURFACE('',#606,1.5E-02);
#606 = AXIS2_PLACEMENT_3D('',#607,#608,#609);
#607 = CARTESIAN_POINT('',(-0.15,0.12,3.E-02));
#608 = DIRECTION('',(1.,0.,0.));
#609 = DIRECTION('',(-0.,1.,0.));
#610 = ADVANCED_FACE('',(#611),#629,.T.);
#611 = FACE_BOUND('',#612,.T.);
#612 = EDGE_LOOP('',(#613,#621,#622,#623));
#613 = ORIENTED_EDGE('',*,*,#614,.F.);
#614 = EDGE_CURVE('',#590,#615,#617,.T.);
#615 = VERTEX_POINT('',#616);
#616 = CARTESIAN_POINT('',(0.15,0.135,0.27));
#617 = LINE('',#618,#619);
#618 = CARTESIAN_POINT('',(0.15,0.135,1.5E-02));
#619 = VECTOR('',#620,1.);
#620 = DIRECTION('',(0.,0.,1.));
#621 = ORIENTED_EDGE('',*,*,#589,.F.);
#622 = ORIENTED_EDGE('',*,*,#502,.T.);
#623 = ORIENTED_EDGE('',*,*,#624,.T.);
#624 = EDGE_CURVE('',#494,#615,#625,.T.);
#625 = LINE('',#626,#627);
#626 = CARTESIAN_POINT('',(-0.15,0.135,0.27));
#627 = VECTOR('',#628,1.);
#628 = DIRECTION('',(1.,0.,0.));
#629 = PLANE('',#630);
#630 = AXIS2_PLACEMENT_3D('',#631,#632,#633);
#631 = CARTESIAN_POINT('',(-0.15,0.135,1.5E-02));
#632 = DIRECTION('',(0.,1.,0.));
#633 = DIRECTION('',(0.,-0.,1.));
#634 = ADVANCED_FACE('',(#635),#654,.T.);
#635 = FACE_BOUND('',#636,.T.);
#636 = EDGE_LOOP('',(#637,#638,#646,#653));
#637 = ORIENTED_EDGE('',*,*,#493,.T.);
#638 = ORIENTED_EDGE('',*,*,#639,.T.);
#639 = EDGE_CURVE('',#486,#640,#642,.T.);
#640 = VERTEX_POINT('',#641);
#641 = CARTESIAN_POINT('',(0.15,0.12,0.285));
#642 = LINE('',#643,#644);
#643 = CARTESIAN_POINT('',(-0.15,0.12,0.285));
#644 = VECTOR('',#645,1.);
#645 = DIRECTION('',(1.,0.,0.));
#646 = ORIENTED_EDGE('',*,*,#647,.F.);
#647 = EDGE_CURVE('',#615,#640,#648,.T.);
#648 = CIRCLE('',#649,1.5E-02);
#649 = AXIS2_PLACEMENT_3D('',#650,#651,#652);
#650 = CARTESIAN_POINT('',(0.15,0.12,0.27));
#651 = DIRECTION('',(1.,0.,-0.));
#652 = DIRECTION('',(0.,0.,1.));
#653 = ORIENTED_EDGE('',*,*,#624,.F.);
#654 = CYLINDRICAL_SURFACE('',#655,1.5E-02);
#655 = AXIS2_PLACEMENT_3D('',#656,#657,#658);
#656 = CARTESIAN_POINT('',(-0.15,0.12,0.27));
#657 = DIRECTION('',(1.,0.,0.));
#658 = DIRECTION('',(-0.,1.,0.));
#659 = ADVANCED_FACE('',(#660),#678,.T.);
#660 = FACE_BOUND('',#661,.T.);
#661 = EDGE_LOOP('',(#662,#663,#671,#677));
#662 = ORIENTED_EDGE('',*,*,#485,.F.);
#663 = ORIENTED_EDGE('',*,*,#664,.T.);
#664 = EDGE_CURVE('',#477,#665,#667,.T.);
#665 = VERTEX_POINT('',#666);
#666 = CARTESIAN_POINT('',(0.15,-0.12,0.285));
#667 = LINE('',#668,#669);
#668 = CARTESIAN_POINT('',(-0.15,-0.12,0.285));
#669 = VECTOR('',#670,1.);
#670 = DIRECTION('',(1.,0.,0.));
#671 = ORIENTED_EDGE('',*,*,#672,.T.);
#672 = EDGE_CURVE('',#665,#640,#673,.T.);
#673 = LINE('',#674,#675);
#674 = CARTESIAN_POINT('',(0.15,-0.135,0.285));
#675 = VECTOR('',#676,1.);
#676 = DIRECTION('',(0.,1.,0.));
#677 = ORIENTED_EDGE('',*,*,#639,.F.);
#678 = PLANE('',#679);
#679 = AXIS2_PLACEMENT_3D('',#680,#681,#682);
#680 = CARTESIAN_POINT('',(-0.15,-0.135,0.285));
#681 = DIRECTION('',(0.,0.,1.));
#682 = DIRECTION('',(1.,0.,-0.));
#683 = ADVANCED_FACE('',(#684),#703,.T.);
#684 = FACE_BOUND('',#685,.T.);
#685 = EDGE_LOOP('',(#686,#694,#701,#702));
#686 = ORIENTED_EDGE('',*,*,#687,.T.);
#687 = EDGE_CURVE('',#469,#688,#690,.T.);
#688 = VERTEX_POINT('',#689);
#689 = CARTESIAN_POINT('',(0.15,-0.135,0.27));
#690 = LINE('',#691,#692);
#691 = CARTESIAN_POINT('',(-0.15,-0.135,0.27));
#692 = VECTOR('',#693,1.);
#693 = DIRECTION('',(1.,0.,0.));
#694 = ORIENTED_EDGE('',*,*,#695,.T.);
#695 = EDGE_CURVE('',#688,#665,#696,.T.);
#696 = CIRCLE('',#697,1.5E-02);
#697 = AXIS2_PLACEMENT_3D('',#698,#699,#700);
#698 = CARTESIAN_POINT('',(0.15,-0.12,0.27));
#699 = DIRECTION('',(-1.,0.,0.));
#700 = DIRECTION('',(0.,0.,1.));
#701 = ORIENTED_EDGE('',*,*,#664,.F.);
#702 = ORIENTED_EDGE('',*,*,#476,.F.);
#703 = CYLINDRICAL_SURFACE('',#704,1.5E-02);
#704 = AXIS2_PLACEMENT_3D('',#705,#706,#707);
#705 = CARTESIAN_POINT('',(-0.15,-0.12,0.27));
#706 = DIRECTION('',(1.,0.,0.));
#707 = DIRECTION('',(0.,-1.,0.));
#708 = ADVANCED_FACE('',(#709),#720,.F.);
#709 = FACE_BOUND('',#710,.F.);
#710 = EDGE_LOOP('',(#711,#717,#718,#719));
#711 = ORIENTED_EDGE('',*,*,#712,.F.);
#712 = EDGE_CURVE('',#543,#688,#713,.T.);
#713 = LINE('',#714,#715);
#714 = CARTESIAN_POINT('',(0.15,-0.135,1.5E-02));
#715 = VECTOR('',#716,1.);
#716 = DIRECTION('',(0.,0.,1.));
#717 = ORIENTED_EDGE('',*,*,#551,.F.);
#718 = ORIENTED_EDGE('',*,*,#468,.T.);
#719 = ORIENTED_EDGE('',*,*,#687,.T.);
#720 = PLANE('',#721);
#721 = AXIS2_PLACEMENT_3D('',#722,#723,#724);
#722 = CARTESIAN_POINT('',(-0.15,-0.135,1.5E-02));
#723 = DIRECTION('',(0.,1.,0.));
#724 = DIRECTION('',(0.,-0.,1.));
#725 = ADVANCED_FACE('',(#726,#796),#806,.F.);
#726 = FACE_BOUND('',#727,.F.);
#727 = EDGE_LOOP('',(#728,#738,#747,#755,#764,#772,#781,#789));
#728 = ORIENTED_EDGE('',*,*,#729,.F.);
#729 = EDGE_CURVE('',#730,#732,#734,.T.);
#730 = VERTEX_POINT('',#731);
#731 = CARTESIAN_POINT('',(0.15,-0.15,1.5E-02));
#732 = VERTEX_POINT('',#733);
#733 = CARTESIAN_POINT('',(0.15,-0.15,0.285));
#734 = LINE('',#735,#736);
#735 = CARTESIAN_POINT('',(0.15,-0.15,0.));
#736 = VECTOR('',#737,1.);
#737 = DIRECTION('',(0.,0.,1.));
#738 = ORIENTED_EDGE('',*,*,#739,.T.);
#739 = EDGE_CURVE('',#730,#740,#742,.T.);
#740 = VERTEX_POINT('',#741);
#741 = CARTESIAN_POINT('',(0.15,-0.135,-2.775557561563E-17));
#742 = CIRCLE('',#743,1.5E-02);
#743 = AXIS2_PLACEMENT_3D('',#744,#745,#746);
#744 = CARTESIAN_POINT('',(0.15,-0.135,1.5E-02));
#745 = DIRECTION('',(1.,0.,-0.));
#746 = DIRECTION('',(0.,0.,1.));
#747 = ORIENTED_EDGE('',*,*,#748,.T.);
#748 = EDGE_CURVE('',#740,#749,#751,.T.);
#749 = VERTEX_POINT('',#750);
#750 = CARTESIAN_POINT('',(0.15,0.135,-2.775557561563E-17));
#751 = LINE('',#752,#753);
#752 = CARTESIAN_POINT('',(0.15,-0.15,0.));
#753 = VECTOR('',#754,1.);
#754 = DIRECTION('',(0.,1.,0.));
#755 = ORIENTED_EDGE('',*,*,#756,.F.);
#756 = EDGE_CURVE('',#757,#749,#759,.T.);
#757 = VERTEX_POINT('',#758);
#758 = CARTESIAN_POINT('',(0.15,0.15,1.5E-02));
#759 = CIRCLE('',#760,1.5E-02);
#760 = AXIS2_PLACEMENT_3D('',#761,#762,#763);
#761 = CARTESIAN_POINT('',(0.15,0.135,1.5E-02));
#762 = DIRECTION('',(-1.,0.,0.));
#763 = DIRECTION('',(0.,0.,1.));
#764 = ORIENTED_EDGE('',*,*,#765,.T.);
#765 = EDGE_CURVE('',#757,#766,#768,.T.);
#766 = VERTEX_POINT('',#767);
#767 = CARTESIAN_POINT('',(0.15,0.15,0.285));
#768 = LINE('',#769,#770);
#769 = CARTESIAN_POINT('',(0.15,0.15,0.));
#770 = VECTOR('',#771,1.);
#771 = DIRECTION('',(0.,0.,1.));
#772 = ORIENTED_EDGE('',*,*,#773,.T.);
#773 = EDGE_CURVE('',#766,#774,#776,.T.);
#774 = VERTEX_POINT('',#775);
#775 = CARTESIAN_POINT('',(0.15,0.135,0.3));
#776 = CIRCLE('',#777,1.5E-02);
#777 = AXIS2_PLACEMENT_3D('',#778,#779,#780);
#778 = CARTESIAN_POINT('',(0.15,0.135,0.285));
#779 = DIRECTION('',(1.,0.,-0.));
#780 = DIRECTION('',(0.,0.,1.));
#781 = ORIENTED_EDGE('',*,*,#782,.F.);
#782 = EDGE_CURVE('',#783,#774,#785,.T.);
#783 = VERTEX_POINT('',#784);
#784 = CARTESIAN_POINT('',(0.15,-0.135,0.3));
#785 = LINE('',#786,#787);
#786 = CARTESIAN_POINT('',(0.15,-0.15,0.3));
#787 = VECTOR('',#788,1.);
#788 = DIRECTION('',(0.,1.,0.));
#789 = ORIENTED_EDGE('',*,*,#790,.F.);
#790 = EDGE_CURVE('',#732,#783,#791,.T.);
#791 = CIRCLE('',#792,1.5E-02);
#792 = AXIS2_PLACEMENT_3D('',#793,#794,#795);
#793 = CARTESIAN_POINT('',(0.15,-0.135,0.285));
#794 = DIRECTION('',(-1.,0.,0.));
#795 = DIRECTION('',(0.,0.,1.));
#796 = FACE_BOUND('',#797,.F.);
#797 = EDGE_LOOP('',(#798,#799,#800,#801,#802,#803,#804,#805));
#798 = ORIENTED_EDGE('',*,*,#542,.F.);
#799 = ORIENTED_EDGE('',*,*,#712,.T.);
#800 = ORIENTED_EDGE('',*,*,#695,.T.);
#801 = ORIENTED_EDGE('',*,*,#672,.T.);
#802 = ORIENTED_EDGE('',*,*,#647,.F.);
#803 = ORIENTED_EDGE('',*,*,#614,.F.);
#804 = ORIENTED_EDGE('',*,*,#597,.T.);
#805 = ORIENTED_EDGE('',*,*,#567,.F.);
#806 = PLANE('',#807);
#807 = AXIS2_PLACEMENT_3D('',#808,#809,#810);
#808 = CARTESIAN_POINT('',(0.15,-0.15,0.));
#809 = DIRECTION('',(1.,0.,0.));
#810 = DIRECTION('',(0.,0.,1.));
#811 = ADVANCED_FACE('',(#812),#837,.F.);
#812 = FACE_BOUND('',#813,.F.);
#813 = EDGE_LOOP('',(#814,#824,#830,#831));
#814 = ORIENTED_EDGE('',*,*,#815,.F.);
#815 = EDGE_CURVE('',#816,#818,#820,.T.);
#816 = VERTEX_POINT('',#817);
#817 = CARTESIAN_POINT('',(0.3,-0.15,1.5E-02));
#818 = VERTEX_POINT('',#819);
#819 = CARTESIAN_POINT('',(0.3,-0.15,0.285));
#820 = LINE('',#821,#822);
#821 = CARTESIAN_POINT('',(0.3,-0.15,0.));
#822 = VECTOR('',#823,1.);
#823 = DIRECTION('',(0.,0.,1.));
#824 = ORIENTED_EDGE('',*,*,#825,.F.);
#825 = EDGE_CURVE('',#730,#816,#826,.T.);
#826 = LINE('',#827,#828);
#827 = CARTESIAN_POINT('',(0.15,-0.15,1.5E-02));
#828 = VECTOR('',#829,1.);
#829 = DIRECTION('',(1.,0.,0.));
#830 = ORIENTED_EDGE('',*,*,#729,.T.);
#831 = ORIENTED_EDGE('',*,*,#832,.T.);
#832 = EDGE_CURVE('',#732,#818,#833,.T.);
#833 = LINE('',#834,#835);
#834 = CARTESIAN_POINT('',(0.15,-0.15,0.285));
#835 = VECTOR('',#836,1.);
#836 = DIRECTION('',(1.,0.,0.));
#837 = PLANE('',#838);
#838 = AXIS2_PLACEMENT_3D('',#839,#840,#841);
#839 = CARTESIAN_POINT('',(0.15,-0.15,0.));
#840 = DIRECTION('',(0.,1.,0.));
#841 = DIRECTION('',(0.,-0.,1.));
#842 = ADVANCED_FACE('',(#843),#862,.T.);
#843 = FACE_BOUND('',#844,.T.);
#844 = EDGE_LOOP('',(#845,#846,#854,#861));
#845 = ORIENTED_EDGE('',*,*,#739,.T.);
#846 = ORIENTED_EDGE('',*,*,#847,.T.);
#847 = EDGE_CURVE('',#740,#848,#850,.T.);
#848 = VERTEX_POINT('',#849);
#849 = CARTESIAN_POINT('',(0.3,-0.135,-2.775557561563E-17));
#850 = LINE('',#851,#852);
#851 = CARTESIAN_POINT('',(0.15,-0.135,-2.775557561563E-17));
#852 = VECTOR('',#853,1.);
#853 = DIRECTION('',(1.,0.,0.));
#854 = ORIENTED_EDGE('',*,*,#855,.F.);
#855 = EDGE_CURVE('',#816,#848,#856,.T.);
#856 = CIRCLE('',#857,1.5E-02);
#857 = AXIS2_PLACEMENT_3D('',#858,#859,#860);
#858 = CARTESIAN_POINT('',(0.3,-0.135,1.5E-02));
#859 = DIRECTION('',(1.,0.,-0.));
#860 = DIRECTION('',(0.,0.,1.));
#861 = ORIENTED_EDGE('',*,*,#825,.F.);
#862 = CYLINDRICAL_SURFACE('',#863,1.5E-02);
#863 = AXIS2_PLACEMENT_3D('',#864,#865,#866);
#864 = CARTESIAN_POINT('',(0.15,-0.135,1.5E-02));
#865 = DIRECTION('',(1.,0.,0.));
#866 = DIRECTION('',(0.,-1.,0.));
#867 = ADVANCED_FACE('',(#868),#887,.T.);
#868 = FACE_BOUND('',#869,.T.);
#869 = EDGE_LOOP('',(#870,#871,#880,#886));
#870 = ORIENTED_EDGE('',*,*,#832,.T.);
#871 = ORIENTED_EDGE('',*,*,#872,.T.);
#872 = EDGE_CURVE('',#818,#873,#875,.T.);
#873 = VERTEX_POINT('',#874);
#874 = CARTESIAN_POINT('',(0.3,-0.135,0.3));
#875 = CIRCLE('',#876,1.5E-02);
#876 = AXIS2_PLACEMENT_3D('',#877,#878,#879);
#877 = CARTESIAN_POINT('',(0.3,-0.135,0.285));
#878 = DIRECTION('',(-1.,0.,0.));
#879 = DIRECTION('',(0.,0.,1.));
#880 = ORIENTED_EDGE('',*,*,#881,.F.);
#881 = EDGE_CURVE('',#783,#873,#882,.T.);
#882 = LINE('',#883,#884);
#883 = CARTESIAN_POINT('',(0.15,-0.135,0.3));
#884 = VECTOR('',#885,1.);
#885 = DIRECTION('',(1.,0.,0.));
#886 = ORIENTED_EDGE('',*,*,#790,.F.);
#887 = CYLINDRICAL_SURFACE('',#888,1.5E-02);
#888 = AXIS2_PLACEMENT_3D('',#889,#890,#891);
#889 = CARTESIAN_POINT('',(0.15,-0.135,0.285));
#890 = DIRECTION('',(1.,0.,0.));
#891 = DIRECTION('',(0.,-1.,0.));
#892 = ADVANCED_FACE('',(#893),#911,.F.);
#893 = FACE_BOUND('',#894,.F.);
#894 = EDGE_LOOP('',(#895,#896,#897,#905));
#895 = ORIENTED_EDGE('',*,*,#748,.F.);
#896 = ORIENTED_EDGE('',*,*,#847,.T.);
#897 = ORIENTED_EDGE('',*,*,#898,.T.);
#898 = EDGE_CURVE('',#848,#899,#901,.T.);
#899 = VERTEX_POINT('',#900);
#900 = CARTESIAN_POINT('',(0.3,0.135,-2.775557561563E-17));
#901 = LINE('',#902,#903);
#902 = CARTESIAN_POINT('',(0.3,-0.15,0.));
#903 = VECTOR('',#904,1.);
#904 = DIRECTION('',(0.,1.,0.));
#905 = ORIENTED_EDGE('',*,*,#906,.F.);
#906 = EDGE_CURVE('',#749,#899,#907,.T.);
#907 = LINE('',#908,#909);
#908 = CARTESIAN_POINT('',(0.15,0.135,-2.775557561563E-17));
#909 = VECTOR('',#910,1.);
#910 = DIRECTION('',(1.,0.,0.));
#911 = PLANE('',#912);
#912 = AXIS2_PLACEMENT_3D('',#913,#914,#915);
#913 = CARTESIAN_POINT('',(0.15,-0.15,0.));
#914 = DIRECTION('',(0.,0.,1.));
#915 = DIRECTION('',(1.,0.,-0.));
#916 = ADVANCED_FACE('',(#917),#935,.T.);
#917 = FACE_BOUND('',#918,.T.);
#918 = EDGE_LOOP('',(#919,#920,#921,#929));
#919 = ORIENTED_EDGE('',*,*,#782,.F.);
#920 = ORIENTED_EDGE('',*,*,#881,.T.);
#921 = ORIENTED_EDGE('',*,*,#922,.T.);
#922 = EDGE_CURVE('',#873,#923,#925,.T.);
#923 = VERTEX_POINT('',#924);
#924 = CARTESIAN_POINT('',(0.3,0.135,0.3));
#925 = LINE('',#926,#927);
#926 = CARTESIAN_POINT('',(0.3,-0.15,0.3));
#927 = VECTOR('',#928,1.);
#928 = DIRECTION('',(0.,1.,0.));
#929 = ORIENTED_EDGE('',*,*,#930,.F.);
#930 = EDGE_CURVE('',#774,#923,#931,.T.);
#931 = LINE('',#932,#933);
#932 = CARTESIAN_POINT('',(0.15,0.135,0.3));
#933 = VECTOR('',#934,1.);
#934 = DIRECTION('',(1.,0.,0.));
#935 = PLANE('',#936);
#936 = AXIS2_PLACEMENT_3D('',#937,#938,#939);
#937 = CARTESIAN_POINT('',(0.15,-0.15,0.3));
#938 = DIRECTION('',(0.,0.,1.));
#939 = DIRECTION('',(1.,0.,-0.));
#940 = ADVANCED_FACE('',(#941),#960,.T.);
#941 = FACE_BOUND('',#942,.T.);
#942 = EDGE_LOOP('',(#943,#951,#958,#959));
#943 = ORIENTED_EDGE('',*,*,#944,.T.);
#944 = EDGE_CURVE('',#757,#945,#947,.T.);
#945 = VERTEX_POINT('',#946);
#946 = CARTESIAN_POINT('',(0.3,0.15,1.5E-02));
#947 = LINE('',#948,#949);
#948 = CARTESIAN_POINT('',(0.15,0.15,1.5E-02));
#949 = VECTOR('',#950,1.);
#950 = DIRECTION('',(1.,0.,0.));
#951 = ORIENTED_EDGE('',*,*,#952,.T.);
#952 = EDGE_CURVE('',#945,#899,#953,.T.);
#953 = CIRCLE('',#954,1.5E-02);
#954 = AXIS2_PLACEMENT_3D('',#955,#956,#957);
#955 = CARTESIAN_POINT('',(0.3,0.135,1.5E-02));
#956 = DIRECTION('',(-1.,0.,0.));
#957 = DIRECTION('',(0.,0.,1.));
#958 = ORIENTED_EDGE('',*,*,#906,.F.);
#959 = ORIENTED_EDGE('',*,*,#756,.F.);
#960 = CYLINDRICAL_SURFACE('',#961,1.5E-02);
#961 = AXIS2_PLACEMENT_3D('',#962,#963,#964);
#962 = CARTESIAN_POINT('',(0.15,0.135,1.5E-02));
#963 = DIRECTION('',(1.,0.,0.));
#964 = DIRECTION('',(-0.,1.,0.));
#965 = ADVANCED_FACE('',(#966),#985,.T.);
#966 = FACE_BOUND('',#967,.T.);
#967 = EDGE_LOOP('',(#968,#969,#970,#979));
#968 = ORIENTED_EDGE('',*,*,#773,.T.);
#969 = ORIENTED_EDGE('',*,*,#930,.T.);
#970 = ORIENTED_EDGE('',*,*,#971,.F.);
#971 = EDGE_CURVE('',#972,#923,#974,.T.);
#972 = VERTEX_POINT('',#973);
#973 = CARTESIAN_POINT('',(0.3,0.15,0.285));
#974 = CIRCLE('',#975,1.5E-02);
#975 = AXIS2_PLACEMENT_3D('',#976,#977,#978);
#976 = CARTESIAN_POINT('',(0.3,0.135,0.285));
#977 = DIRECTION('',(1.,0.,-0.));
#978 = DIRECTION('',(0.,0.,1.));
#979 = ORIENTED_EDGE('',*,*,#980,.F.);
#980 = EDGE_CURVE('',#766,#972,#981,.T.);
#981 = LINE('',#982,#983);
#982 = CARTESIAN_POINT('',(0.15,0.15,0.285));
#983 = VECTOR('',#984,1.);
#984 = DIRECTION('',(1.,0.,0.));
#985 = CYLINDRICAL_SURFACE('',#986,1.5E-02);
#986 = AXIS2_PLACEMENT_3D('',#987,#988,#989);
#987 = CARTESIAN_POINT('',(0.15,0.135,0.285));
#988 = DIRECTION('',(1.,0.,0.));
#989 = DIRECTION('',(-0.,1.,0.));
#990 = ADVANCED_FACE('',(#991),#1002,.T.);
#991 = FACE_BOUND('',#992,.T.);
#992 = EDGE_LOOP('',(#993,#999,#1000,#1001));
#993 = ORIENTED_EDGE('',*,*,#994,.F.);
#994 = EDGE_CURVE('',#945,#972,#995,.T.);
#995 = LINE('',#996,#997);
#996 = CARTESIAN_POINT('',(0.3,0.15,0.));
#997 = VECTOR('',#998,1.);
#998 = DIRECTION('',(0.,0.,1.));
#999 = ORIENTED_EDGE('',*,*,#944,.F.);
#1000 = ORIENTED_EDGE('',*,*,#765,.T.);
#1001 = ORIENTED_EDGE('',*,*,#980,.T.);
#1002 = PLANE('',#1003);
#1003 = AXIS2_PLACEMENT_3D('',#1004,#1005,#1006);
#1004 = CARTESIAN_POINT('',(0.15,0.15,0.));
#1005 = DIRECTION('',(0.,1.,0.));
#1006 = DIRECTION('',(0.,-0.,1.));
#1007 = ADVANCED_FACE('',(#1008),#1018,.T.);
#1008 = FACE_BOUND('',#1009,.T.);
#1009 = EDGE_LOOP('',(#1010,#1011,#1012,#1013,#1014,#1015,#1016,#1017));
#1010 = ORIENTED_EDGE('',*,*,#815,.F.);
#1011 = ORIENTED_EDGE('',*,*,#855,.T.);
#1012 = ORIENTED_EDGE('',*,*,#898,.T.);
#1013 = ORIENTED_EDGE('',*,*,#952,.F.);
#1014 = ORIENTED_EDGE('',*,*,#994,.T.);
#1015 = ORIENTED_EDGE('',*,*,#971,.T.);
#1016 = ORIENTED_EDGE('',*,*,#922,.F.);
#1017 = ORIENTED_EDGE('',*,*,#872,.F.);
#1018 = PLANE('',#1019);
#1019 = AXIS2_PLACEMENT_3D('',#1020,#1021,#1022);
#1020 = CARTESIAN_POINT('',(0.3,-0.15,0.));
#1021 = DIRECTION('',(1.,0.,0.));
#1022 = DIRECTION('',(0.,0.,1.));
#1023 = ( GEOMETRIC_REPRESENTATION_CONTEXT(3) 
GLOBAL_UNCERTAINTY_ASSIGNED_CONTEXT((#1027)) 
GLOBAL_UNIT_ASSIGNED_CONTEXT((#1024,#1025,#1026)) REPRESENTATION_CONTEXT
('Context #1','3D Context with UNIT and UNCERTAINTY') );
#1024 = ( LENGTH_UNIT() NAMED_UNIT(*) SI_UNIT(.MILLI.,.METRE.) );
#1025 = ( NAMED_UNIT(*) PLANE_ANGLE_UNIT() SI_UNIT($,.RADIAN.) );
#1026 = ( NAMED_UNIT(*) SI_UNIT($,.STERADIAN.) SOLID_ANGLE_UNIT() );
#1027 = UNCERTAINTY_MEASURE_WITH_UNIT(LENGTH_MEASURE(1.E-07),#1024,
  'distance_accuracy_value','confusion accuracy');
#1028 = CONTEXT_DEPENDENT_SHAPE_REPRESENTATION(#1029,#1031);
#1029 = ( REPRESENTATION_RELATIONSHIP('','',#168,#10) 
REPRESENTATION_RELATIONSHIP_WITH_TRANSFORMATION(#1030) 
SHAPE_REPRESENTATION_RELATIONSHIP() );
#1030 = ITEM_DEFINED_TRANSFORMATION('','',#11,#15);
#1031 = PRODUCT_DEFINITION_SHAPE('Placement','Placement of an item',
  #1032);
#1032 = NEXT_ASSEMBLY_USAGE_OCCURRENCE('1','C20','',#5,#163,$);
#1033 = PRODUCT_RELATED_PRODUCT_CATEGORY('part',$,(#165));
#1034 = CONTEXT_DEPENDENT_SHAPE_REPRESENTATION(#1035,#1037);
#1035 = ( REPRESENTATION_RELATIONSHIP('','',#168,#10) 
REPRESENTATION_RELATIONSHIP_WITH_TRANSFORMATION(#1036) 
SHAPE_REPRESENTATION_RELATIONSHIP() );
#1036 = ITEM_DEFINED_TRANSFORMATION('','',#11,#19);
#1037 = PRODUCT_DEFINITION_SHAPE('Placement','Placement of an item',
  #1038);
#1038 = NEXT_ASSEMBLY_USAGE_OCCURRENCE('2','C3','',#5,#163,$);
#1039 = CONTEXT_DEPENDENT_SHAPE_REPRESENTATION(#1040,#1042);
#1040 = ( REPRESENTATION_RELATIONSHIP('','',#168,#10) 
REPRESENTATION_RELATIONSHIP_WITH_TRANSFORMATION(#1041) 
SHAPE_REPRESENTATION_RELATIONSHIP() );
#1041 = ITEM_DEFINED_TRANSFORMATION('','',#11,#23);
#1042 = PRODUCT_DEFINITION_SHAPE('Placement','Placement of an item',
  #1043);
#1043 = NEXT_ASSEMBLY_USAGE_OCCURRENCE('3','C10','',#5,#163,$);
#1044 = CONTEXT_DEPENDENT_SHAPE_REPRESENTATION(#1045,#1047);
#1045 = ( REPRESENTATION_RELATIONSHIP('','',#168,#10) 
REPRESENTATION_RELATIONSHIP_WITH_TRANSFORMATION(#1046) 
SHAPE_REPRESENTATION_RELATIONSHIP() );
#1046 = ITEM_DEFINED_TRANSFORMATION('','',#11,#27);
#1047 = PRODUCT_DEFINITION_SHAPE('Placement','Placement of an item',
  #1048);
#1048 = NEXT_ASSEMBLY_USAGE_OCCURRENCE('4','C12','',#5,#163,$);
#1049 = CONTEXT_DEPENDENT_SHAPE_REPRESENTATION(#1050,#1052);
#1050 = ( REPRESENTATION_RELATIONSHIP('','',#168,#10) 
REPRESENTATION_RELATIONSHIP_WITH_TRANSFORMATION(#1051) 
SHAPE_REPRESENTATION_RELATIONSHIP() );
#1051 = ITEM_DEFINED_TRANSFORMATION('','',#11,#31);
#1052 = PRODUCT_DEFINITION_SHAPE('Placement','Placement of an item',
  #1053);
#1053 = NEXT_ASSEMBLY_USAGE_OCCURRENCE('5','C17','',#5,#163,$);
#1054 = SHAPE_DEFINITION_REPRESENTATION(#1055,#1061);
#1055 = PRODUCT_DEFINITION_SHAPE('','',#1056);
#1056 = PRODUCT_DEFINITION('design','',#1057,#1060);
#1057 = PRODUCT_DEFINITION_FORMATION('','',#1058);
#1058 = PRODUCT('ICE40UP5K-UWG30ITR1K','ICE40UP5K-UWG30ITR1K','',(#1059)
  );
#1059 = PRODUCT_CONTEXT('',#2,'mechanical');
#1060 = PRODUCT_DEFINITION_CONTEXT('part definition',#2,'design');
#1061 = SHAPE_REPRESENTATION('',(#11,#1062,#1066),#1070);
#1062 = AXIS2_PLACEMENT_3D('',#1063,#1064,#1065);
#1063 = CARTESIAN_POINT('',(0.,0.,0.));
#1064 = DIRECTION('',(0.,0.,1.));
#1065 = DIRECTION('',(1.,0.,0.));
#1066 = AXIS2_PLACEMENT_3D('',#1067,#1068,#1069);
#1067 = CARTESIAN_POINT('',(0.,0.,0.));
#1068 = DIRECTION('',(0.,0.,1.));
#1069 = DIRECTION('',(1.,0.,0.));
#1070 = ( GEOMETRIC_REPRESENTATION_CONTEXT(3) 
GLOBAL_UNCERTAINTY_ASSIGNED_CONTEXT((#1074)) 
GLOBAL_UNIT_ASSIGNED_CONTEXT((#1071,#1072,#1073)) REPRESENTATION_CONTEXT
('Context #1','3D Context with UNIT and UNCERTAINTY') );
#1071 = ( LENGTH_UNIT() NAMED_UNIT(*) SI_UNIT(.MILLI.,.METRE.) );
#1072 = ( NAMED_UNIT(*) PLANE_ANGLE_UNIT() SI_UNIT($,.RADIAN.) );
#1073 = ( NAMED_UNIT(*) SI_UNIT($,.STERADIAN.) SOLID_ANGLE_UNIT() );
#1074 = UNCERTAINTY_MEASURE_WITH_UNIT(LENGTH_MEASURE(1.E-07),#1071,
  'distance_accuracy_value','confusion accuracy');
#1075 = CONTEXT_DEPENDENT_SHAPE_REPRESENTATION(#1076,#1078);
#1076 = ( REPRESENTATION_RELATIONSHIP('','',#1061,#10) 
REPRESENTATION_RELATIONSHIP_WITH_TRANSFORMATION(#1077) 
SHAPE_REPRESENTATION_RELATIONSHIP() );
#1077 = ITEM_DEFINED_TRANSFORMATION('','',#11,#35);
#1078 = PRODUCT_DEFINITION_SHAPE('Placement','Placement of an item',
  #1079);
#1079 = NEXT_ASSEMBLY_USAGE_OCCURRENCE('8','U4','',#5,#1056,$);
#1080 = PRODUCT_RELATED_PRODUCT_CATEGORY('part',$,(#1058));
#1081 = SHAPE_DEFINITION_REPRESENTATION(#1082,#1088);
#1082 = PRODUCT_DEFINITION_SHAPE('','',#1083);
#1083 = PRODUCT_DEFINITION('design','',#1084,#1087);
#1084 = PRODUCT_DEFINITION_FORMATION('','',#1085);
#1085 = PRODUCT('Array','Array','',(#1086));
#1086 = PRODUCT_CONTEXT('',#2,'mechanical');
#1087 = PRODUCT_DEFINITION_CONTEXT('part definition',#2,'design');
#1088 = SHAPE_REPRESENTATION('',(#11,#1089,#1101,#1113,#1125,#1137,#1149
    ,#1161,#1173,#1185,#1197,#1209,#1221,#1233,#1245,#1257,#1269,#1281,
    #1293,#1305,#1317,#1329,#1341,#1353,#1365,#1377,#1389,#1401,#1413,
    #1425,#1437),#1449);
#1089 = MANIFOLD_SOLID_BREP('',#1090);
#1090 = CLOSED_SHELL('',(#1091));
#1091 = ADVANCED_FACE('',(#1092),#1096,.T.);
#1092 = FACE_BOUND('',#1093,.T.);
#1093 = VERTEX_LOOP('',#1094);
#1094 = VERTEX_POINT('',#1095);
#1095 = CARTESIAN_POINT('',(-0.8,1.,0.));
#1096 = SPHERICAL_SURFACE('',#1097,0.13);
#1097 = AXIS2_PLACEMENT_3D('',#1098,#1099,#1100);
#1098 = CARTESIAN_POINT('',(-0.8,1.,0.13));
#1099 = DIRECTION('',(0.,0.,1.));
#1100 = DIRECTION('',(1.,0.,-0.));
#1101 = MANIFOLD_SOLID_BREP('',#1102);
#1102 = CLOSED_SHELL('',(#1103));
#1103 = ADVANCED_FACE('',(#1104),#1108,.T.);
#1104 = FACE_BOUND('',#1105,.T.);
#1105 = VERTEX_LOOP('',#1106);
#1106 = VERTEX_POINT('',#1107);
#1107 = CARTESIAN_POINT('',(-0.8,0.6,0.));
#1108 = SPHERICAL_SURFACE('',#1109,0.13);
#1109 = AXIS2_PLACEMENT_3D('',#1110,#1111,#1112);
#1110 = CARTESIAN_POINT('',(-0.8,0.6,0.13));
#1111 = DIRECTION('',(0.,0.,1.));
#1112 = DIRECTION('',(1.,0.,-0.));
#1113 = MANIFOLD_SOLID_BREP('',#1114);
#1114 = CLOSED_SHELL('',(#1115));
#1115 = ADVANCED_FACE('',(#1116),#1120,.T.);
#1116 = FACE_BOUND('',#1117,.T.);
#1117 = VERTEX_LOOP('',#1118);
#1118 = VERTEX_POINT('',#1119);
#1119 = CARTESIAN_POINT('',(-0.8,0.2,0.));
#1120 = SPHERICAL_SURFACE('',#1121,0.13);
#1121 = AXIS2_PLACEMENT_3D('',#1122,#1123,#1124);
#1122 = CARTESIAN_POINT('',(-0.8,0.2,0.13));
#1123 = DIRECTION('',(0.,0.,1.));
#1124 = DIRECTION('',(1.,0.,-0.));
#1125 = MANIFOLD_SOLID_BREP('',#1126);
#1126 = CLOSED_SHELL('',(#1127));
#1127 = ADVANCED_FACE('',(#1128),#1132,.T.);
#1128 = FACE_BOUND('',#1129,.T.);
#1129 = VERTEX_LOOP('',#1130);
#1130 = VERTEX_POINT('',#1131);
#1131 = CARTESIAN_POINT('',(-0.8,-0.2,0.));
#1132 = SPHERICAL_SURFACE('',#1133,0.13);
#1133 = AXIS2_PLACEMENT_3D('',#1134,#1135,#1136);
#1134 = CARTESIAN_POINT('',(-0.8,-0.2,0.13));
#1135 = DIRECTION('',(0.,0.,1.));
#1136 = DIRECTION('',(1.,0.,-0.));
#1137 = MANIFOLD_SOLID_BREP('',#1138);
#1138 = CLOSED_SHELL('',(#1139));
#1139 = ADVANCED_FACE('',(#1140),#1144,.T.);
#1140 = FACE_BOUND('',#1141,.T.);
#1141 = VERTEX_LOOP('',#1142);
#1142 = VERTEX_POINT('',#1143);
#1143 = CARTESIAN_POINT('',(-0.8,-0.6,0.));
#1144 = SPHERICAL_SURFACE('',#1145,0.13);
#1145 = AXIS2_PLACEMENT_3D('',#1146,#1147,#1148);
#1146 = CARTESIAN_POINT('',(-0.8,-0.6,0.13));
#1147 = DIRECTION('',(0.,0.,1.));
#1148 = DIRECTION('',(1.,0.,-0.));
#1149 = MANIFOLD_SOLID_BREP('',#1150);
#1150 = CLOSED_SHELL('',(#1151));
#1151 = ADVANCED_FACE('',(#1152),#1156,.T.);
#1152 = FACE_BOUND('',#1153,.T.);
#1153 = VERTEX_LOOP('',#1154);
#1154 = VERTEX_POINT('',#1155);
#1155 = CARTESIAN_POINT('',(-0.8,-1.,0.));
#1156 = SPHERICAL_SURFACE('',#1157,0.13);
#1157 = AXIS2_PLACEMENT_3D('',#1158,#1159,#1160);
#1158 = CARTESIAN_POINT('',(-0.8,-1.,0.13));
#1159 = DIRECTION('',(0.,0.,1.));
#1160 = DIRECTION('',(1.,0.,-0.));
#1161 = MANIFOLD_SOLID_BREP('',#1162);
#1162 = CLOSED_SHELL('',(#1163));
#1163 = ADVANCED_FACE('',(#1164),#1168,.T.);
#1164 = FACE_BOUND('',#1165,.T.);
#1165 = VERTEX_LOOP('',#1166);
#1166 = VERTEX_POINT('',#1167);
#1167 = CARTESIAN_POINT('',(-0.4,1.,0.));
#1168 = SPHERICAL_SURFACE('',#1169,0.13);
#1169 = AXIS2_PLACEMENT_3D('',#1170,#1171,#1172);
#1170 = CARTESIAN_POINT('',(-0.4,1.,0.13));
#1171 = DIRECTION('',(0.,0.,1.));
#1172 = DIRECTION('',(1.,0.,-0.));
#1173 = MANIFOLD_SOLID_BREP('',#1174);
#1174 = CLOSED_SHELL('',(#1175));
#1175 = ADVANCED_FACE('',(#1176),#1180,.T.);
#1176 = FACE_BOUND('',#1177,.T.);
#1177 = VERTEX_LOOP('',#1178);
#1178 = VERTEX_POINT('',#1179);
#1179 = CARTESIAN_POINT('',(-0.4,0.6,0.));
#1180 = SPHERICAL_SURFACE('',#1181,0.13);
#1181 = AXIS2_PLACEMENT_3D('',#1182,#1183,#1184);
#1182 = CARTESIAN_POINT('',(-0.4,0.6,0.13));
#1183 = DIRECTION('',(0.,0.,1.));
#1184 = DIRECTION('',(1.,0.,-0.));
#1185 = MANIFOLD_SOLID_BREP('',#1186);
#1186 = CLOSED_SHELL('',(#1187));
#1187 = ADVANCED_FACE('',(#1188),#1192,.T.);
#1188 = FACE_BOUND('',#1189,.T.);
#1189 = VERTEX_LOOP('',#1190);
#1190 = VERTEX_POINT('',#1191);
#1191 = CARTESIAN_POINT('',(-0.4,0.2,0.));
#1192 = SPHERICAL_SURFACE('',#1193,0.13);
#1193 = AXIS2_PLACEMENT_3D('',#1194,#1195,#1196);
#1194 = CARTESIAN_POINT('',(-0.4,0.2,0.13));
#1195 = DIRECTION('',(0.,0.,1.));
#1196 = DIRECTION('',(1.,0.,-0.));
#1197 = MANIFOLD_SOLID_BREP('',#1198);
#1198 = CLOSED_SHELL('',(#1199));
#1199 = ADVANCED_FACE('',(#1200),#1204,.T.);
#1200 = FACE_BOUND('',#1201,.T.);
#1201 = VERTEX_LOOP('',#1202);
#1202 = VERTEX_POINT('',#1203);
#1203 = CARTESIAN_POINT('',(-0.4,-0.2,0.));
#1204 = SPHERICAL_SURFACE('',#1205,0.13);
#1205 = AXIS2_PLACEMENT_3D('',#1206,#1207,#1208);
#1206 = CARTESIAN_POINT('',(-0.4,-0.2,0.13));
#1207 = DIRECTION('',(0.,0.,1.));
#1208 = DIRECTION('',(1.,0.,-0.));
#1209 = MANIFOLD_SOLID_BREP('',#1210);
#1210 = CLOSED_SHELL('',(#1211));
#1211 = ADVANCED_FACE('',(#1212),#1216,.T.);
#1212 = FACE_BOUND('',#1213,.T.);
#1213 = VERTEX_LOOP('',#1214);
#1214 = VERTEX_POINT('',#1215);
#1215 = CARTESIAN_POINT('',(-0.4,-0.6,0.));
#1216 = SPHERICAL_SURFACE('',#1217,0.13);
#1217 = AXIS2_PLACEMENT_3D('',#1218,#1219,#1220);
#1218 = CARTESIAN_POINT('',(-0.4,-0.6,0.13));
#1219 = DIRECTION('',(0.,0.,1.));
#1220 = DIRECTION('',(1.,0.,-0.));
#1221 = MANIFOLD_SOLID_BREP('',#1222);
#1222 = CLOSED_SHELL('',(#1223));
#1223 = ADVANCED_FACE('',(#1224),#1228,.T.);
#1224 = FACE_BOUND('',#1225,.T.);
#1225 = VERTEX_LOOP('',#1226);
#1226 = VERTEX_POINT('',#1227);
#1227 = CARTESIAN_POINT('',(-0.4,-1.,0.));
#1228 = SPHERICAL_SURFACE('',#1229,0.13);
#1229 = AXIS2_PLACEMENT_3D('',#1230,#1231,#1232);
#1230 = CARTESIAN_POINT('',(-0.4,-1.,0.13));
#1231 = DIRECTION('',(0.,0.,1.));
#1232 = DIRECTION('',(1.,0.,-0.));
#1233 = MANIFOLD_SOLID_BREP('',#1234);
#1234 = CLOSED_SHELL('',(#1235));
#1235 = ADVANCED_FACE('',(#1236),#1240,.T.);
#1236 = FACE_BOUND('',#1237,.T.);
#1237 = VERTEX_LOOP('',#1238);
#1238 = VERTEX_POINT('',#1239);
#1239 = CARTESIAN_POINT('',(7.960204194458E-18,1.,0.));
#1240 = SPHERICAL_SURFACE('',#1241,0.13);
#1241 = AXIS2_PLACEMENT_3D('',#1242,#1243,#1244);
#1242 = CARTESIAN_POINT('',(0.,1.,0.13));
#1243 = DIRECTION('',(0.,0.,1.));
#1244 = DIRECTION('',(1.,0.,-0.));
#1245 = MANIFOLD_SOLID_BREP('',#1246);
#1246 = CLOSED_SHELL('',(#1247));
#1247 = ADVANCED_FACE('',(#1248),#1252,.T.);
#1248 = FACE_BOUND('',#1249,.T.);
#1249 = VERTEX_LOOP('',#1250);
#1250 = VERTEX_POINT('',#1251);
#1251 = CARTESIAN_POINT('',(7.960204194458E-18,0.6,0.));
#1252 = SPHERICAL_SURFACE('',#1253,0.13);
#1253 = AXIS2_PLACEMENT_3D('',#1254,#1255,#1256);
#1254 = CARTESIAN_POINT('',(0.,0.6,0.13));
#1255 = DIRECTION('',(0.,0.,1.));
#1256 = DIRECTION('',(1.,0.,-0.));
#1257 = MANIFOLD_SOLID_BREP('',#1258);
#1258 = CLOSED_SHELL('',(#1259));
#1259 = ADVANCED_FACE('',(#1260),#1264,.T.);
#1260 = FACE_BOUND('',#1261,.T.);
#1261 = VERTEX_LOOP('',#1262);
#1262 = VERTEX_POINT('',#1263);
#1263 = CARTESIAN_POINT('',(7.960204194458E-18,0.2,0.));
#1264 = SPHERICAL_SURFACE('',#1265,0.13);
#1265 = AXIS2_PLACEMENT_3D('',#1266,#1267,#1268);
#1266 = CARTESIAN_POINT('',(0.,0.2,0.13));
#1267 = DIRECTION('',(0.,0.,1.));
#1268 = DIRECTION('',(1.,0.,-0.));
#1269 = MANIFOLD_SOLID_BREP('',#1270);
#1270 = CLOSED_SHELL('',(#1271));
#1271 = ADVANCED_FACE('',(#1272),#1276,.T.);
#1272 = FACE_BOUND('',#1273,.T.);
#1273 = VERTEX_LOOP('',#1274);
#1274 = VERTEX_POINT('',#1275);
#1275 = CARTESIAN_POINT('',(7.960204194458E-18,-0.2,0.));
#1276 = SPHERICAL_SURFACE('',#1277,0.13);
#1277 = AXIS2_PLACEMENT_3D('',#1278,#1279,#1280);
#1278 = CARTESIAN_POINT('',(0.,-0.2,0.13));
#1279 = DIRECTION('',(0.,0.,1.));
#1280 = DIRECTION('',(1.,0.,-0.));
#1281 = MANIFOLD_SOLID_BREP('',#1282);
#1282 = CLOSED_SHELL('',(#1283));
#1283 = ADVANCED_FACE('',(#1284),#1288,.T.);
#1284 = FACE_BOUND('',#1285,.T.);
#1285 = VERTEX_LOOP('',#1286);
#1286 = VERTEX_POINT('',#1287);
#1287 = CARTESIAN_POINT('',(7.960204194458E-18,-0.6,0.));
#1288 = SPHERICAL_SURFACE('',#1289,0.13);
#1289 = AXIS2_PLACEMENT_3D('',#1290,#1291,#1292);
#1290 = CARTESIAN_POINT('',(0.,-0.6,0.13));
#1291 = DIRECTION('',(0.,0.,1.));
#1292 = DIRECTION('',(1.,0.,-0.));
#1293 = MANIFOLD_SOLID_BREP('',#1294);
#1294 = CLOSED_SHELL('',(#1295));
#1295 = ADVANCED_FACE('',(#1296),#1300,.T.);
#1296 = FACE_BOUND('',#1297,.T.);
#1297 = VERTEX_LOOP('',#1298);
#1298 = VERTEX_POINT('',#1299);
#1299 = CARTESIAN_POINT('',(7.960204194458E-18,-1.,0.));
#1300 = SPHERICAL_SURFACE('',#1301,0.13);
#1301 = AXIS2_PLACEMENT_3D('',#1302,#1303,#1304);
#1302 = CARTESIAN_POINT('',(0.,-1.,0.13));
#1303 = DIRECTION('',(0.,0.,1.));
#1304 = DIRECTION('',(1.,0.,-0.));
#1305 = MANIFOLD_SOLID_BREP('',#1306);
#1306 = CLOSED_SHELL('',(#1307));
#1307 = ADVANCED_FACE('',(#1308),#1312,.T.);
#1308 = FACE_BOUND('',#1309,.T.);
#1309 = VERTEX_LOOP('',#1310);
#1310 = VERTEX_POINT('',#1311);
#1311 = CARTESIAN_POINT('',(0.4,1.,0.));
#1312 = SPHERICAL_SURFACE('',#1313,0.13);
#1313 = AXIS2_PLACEMENT_3D('',#1314,#1315,#1316);
#1314 = CARTESIAN_POINT('',(0.4,1.,0.13));
#1315 = DIRECTION('',(0.,0.,1.));
#1316 = DIRECTION('',(1.,0.,-0.));
#1317 = MANIFOLD_SOLID_BREP('',#1318);
#1318 = CLOSED_SHELL('',(#1319));
#1319 = ADVANCED_FACE('',(#1320),#1324,.T.);
#1320 = FACE_BOUND('',#1321,.T.);
#1321 = VERTEX_LOOP('',#1322);
#1322 = VERTEX_POINT('',#1323);
#1323 = CARTESIAN_POINT('',(0.4,0.6,0.));
#1324 = SPHERICAL_SURFACE('',#1325,0.13);
#1325 = AXIS2_PLACEMENT_3D('',#1326,#1327,#1328);
#1326 = CARTESIAN_POINT('',(0.4,0.6,0.13));
#1327 = DIRECTION('',(0.,0.,1.));
#1328 = DIRECTION('',(1.,0.,-0.));
#1329 = MANIFOLD_SOLID_BREP('',#1330);
#1330 = CLOSED_SHELL('',(#1331));
#1331 = ADVANCED_FACE('',(#1332),#1336,.T.);
#1332 = FACE_BOUND('',#1333,.T.);
#1333 = VERTEX_LOOP('',#1334);
#1334 = VERTEX_POINT('',#1335);
#1335 = CARTESIAN_POINT('',(0.4,0.2,0.));
#1336 = SPHERICAL_SURFACE('',#1337,0.13);
#1337 = AXIS2_PLACEMENT_3D('',#1338,#1339,#1340);
#1338 = CARTESIAN_POINT('',(0.4,0.2,0.13));
#1339 = DIRECTION('',(0.,0.,1.));
#1340 = DIRECTION('',(1.,0.,-0.));
#1341 = MANIFOLD_SOLID_BREP('',#1342);
#1342 = CLOSED_SHELL('',(#1343));
#1343 = ADVANCED_FACE('',(#1344),#1348,.T.);
#1344 = FACE_BOUND('',#1345,.T.);
#1345 = VERTEX_LOOP('',#1346);
#1346 = VERTEX_POINT('',#1347);
#1347 = CARTESIAN_POINT('',(0.4,-0.2,0.));
#1348 = SPHERICAL_SURFACE('',#1349,0.13);
#1349 = AXIS2_PLACEMENT_3D('',#1350,#1351,#1352);
#1350 = CARTESIAN_POINT('',(0.4,-0.2,0.13));
#1351 = DIRECTION('',(0.,0.,1.));
#1352 = DIRECTION('',(1.,0.,-0.));
#1353 = MANIFOLD_SOLID_BREP('',#1354);
#1354 = CLOSED_SHELL('',(#1355));
#1355 = ADVANCED_FACE('',(#1356),#1360,.T.);
#1356 = FACE_BOUND('',#1357,.T.);
#1357 = VERTEX_LOOP('',#1358);
#1358 = VERTEX_POINT('',#1359);
#1359 = CARTESIAN_POINT('',(0.4,-0.6,0.));
#1360 = SPHERICAL_SURFACE('',#1361,0.13);
#1361 = AXIS2_PLACEMENT_3D('',#1362,#1363,#1364);
#1362 = CARTESIAN_POINT('',(0.4,-0.6,0.13));
#1363 = DIRECTION('',(0.,0.,1.));
#1364 = DIRECTION('',(1.,0.,-0.));
#1365 = MANIFOLD_SOLID_BREP('',#1366);
#1366 = CLOSED_SHELL('',(#1367));
#1367 = ADVANCED_FACE('',(#1368),#1372,.T.);
#1368 = FACE_BOUND('',#1369,.T.);
#1369 = VERTEX_LOOP('',#1370);
#1370 = VERTEX_POINT('',#1371);
#1371 = CARTESIAN_POINT('',(0.4,-1.,0.));
#1372 = SPHERICAL_SURFACE('',#1373,0.13);
#1373 = AXIS2_PLACEMENT_3D('',#1374,#1375,#1376);
#1374 = CARTESIAN_POINT('',(0.4,-1.,0.13));
#1375 = DIRECTION('',(0.,0.,1.));
#1376 = DIRECTION('',(1.,0.,-0.));
#1377 = MANIFOLD_SOLID_BREP('',#1378);
#1378 = CLOSED_SHELL('',(#1379));
#1379 = ADVANCED_FACE('',(#1380),#1384,.T.);
#1380 = FACE_BOUND('',#1381,.T.);
#1381 = VERTEX_LOOP('',#1382);
#1382 = VERTEX_POINT('',#1383);
#1383 = CARTESIAN_POINT('',(0.8,1.,0.));
#1384 = SPHERICAL_SURFACE('',#1385,0.13);
#1385 = AXIS2_PLACEMENT_3D('',#1386,#1387,#1388);
#1386 = CARTESIAN_POINT('',(0.8,1.,0.13));
#1387 = DIRECTION('',(0.,0.,1.));
#1388 = DIRECTION('',(1.,0.,-0.));
#1389 = MANIFOLD_SOLID_BREP('',#1390);
#1390 = CLOSED_SHELL('',(#1391));
#1391 = ADVANCED_FACE('',(#1392),#1396,.T.);
#1392 = FACE_BOUND('',#1393,.T.);
#1393 = VERTEX_LOOP('',#1394);
#1394 = VERTEX_POINT('',#1395);
#1395 = CARTESIAN_POINT('',(0.8,0.6,0.));
#1396 = SPHERICAL_SURFACE('',#1397,0.13);
#1397 = AXIS2_PLACEMENT_3D('',#1398,#1399,#1400);
#1398 = CARTESIAN_POINT('',(0.8,0.6,0.13));
#1399 = DIRECTION('',(0.,0.,1.));
#1400 = DIRECTION('',(1.,0.,-0.));
#1401 = MANIFOLD_SOLID_BREP('',#1402);
#1402 = CLOSED_SHELL('',(#1403));
#1403 = ADVANCED_FACE('',(#1404),#1408,.T.);
#1404 = FACE_BOUND('',#1405,.T.);
#1405 = VERTEX_LOOP('',#1406);
#1406 = VERTEX_POINT('',#1407);
#1407 = CARTESIAN_POINT('',(0.8,0.2,0.));
#1408 = SPHERICAL_SURFACE('',#1409,0.13);
#1409 = AXIS2_PLACEMENT_3D('',#1410,#1411,#1412);
#1410 = CARTESIAN_POINT('',(0.8,0.2,0.13));
#1411 = DIRECTION('',(0.,0.,1.));
#1412 = DIRECTION('',(1.,0.,-0.));
#1413 = MANIFOLD_SOLID_BREP('',#1414);
#1414 = CLOSED_SHELL('',(#1415));
#1415 = ADVANCED_FACE('',(#1416),#1420,.T.);
#1416 = FACE_BOUND('',#1417,.T.);
#1417 = VERTEX_LOOP('',#1418);
#1418 = VERTEX_POINT('',#1419);
#1419 = CARTESIAN_POINT('',(0.8,-0.2,0.));
#1420 = SPHERICAL_SURFACE('',#1421,0.13);
#1421 = AXIS2_PLACEMENT_3D('',#1422,#1423,#1424);
#1422 = CARTESIAN_POINT('',(0.8,-0.2,0.13));
#1423 = DIRECTION('',(0.,0.,1.));
#1424 = DIRECTION('',(1.,0.,-0.));
#1425 = MANIFOLD_SOLID_BREP('',#1426);
#1426 = CLOSED_SHELL('',(#1427));
#1427 = ADVANCED_FACE('',(#1428),#1432,.T.);
#1428 = FACE_BOUND('',#1429,.T.);
#1429 = VERTEX_LOOP('',#1430);
#1430 = VERTEX_POINT('',#1431);
#1431 = CARTESIAN_POINT('',(0.8,-0.6,0.));
#1432 = SPHERICAL_SURFACE('',#1433,0.13);
#1433 = AXIS2_PLACEMENT_3D('',#1434,#1435,#1436);
#1434 = CARTESIAN_POINT('',(0.8,-0.6,0.13));
#1435 = DIRECTION('',(0.,0.,1.));
#1436 = DIRECTION('',(1.,0.,-0.));
#1437 = MANIFOLD_SOLID_BREP('',#1438);
#1438 = CLOSED_SHELL('',(#1439));
#1439 = ADVANCED_FACE('',(#1440),#1444,.T.);
#1440 = FACE_BOUND('',#1441,.T.);
#1441 = VERTEX_LOOP('',#1442);
#1442 = VERTEX_POINT('',#1443);
#1443 = CARTESIAN_POINT('',(0.8,-1.,0.));
#1444 = SPHERICAL_SURFACE('',#1445,0.13);
#1445 = AXIS2_PLACEMENT_3D('',#1446,#1447,#1448);
#1446 = CARTESIAN_POINT('',(0.8,-1.,0.13));
#1447 = DIRECTION('',(0.,0.,1.));
#1448 = DIRECTION('',(1.,0.,-0.));
#1449 = ( GEOMETRIC_REPRESENTATION_CONTEXT(3) 
GLOBAL_UNCERTAINTY_ASSIGNED_CONTEXT((#1453)) 
GLOBAL_UNIT_ASSIGNED_CONTEXT((#1450,#1451,#1452)) REPRESENTATION_CONTEXT
('Context #1','3D Context with UNIT and UNCERTAINTY') );
#1450 = ( LENGTH_UNIT() NAMED_UNIT(*) SI_UNIT(.MILLI.,.METRE.) );
#1451 = ( NAMED_UNIT(*) PLANE_ANGLE_UNIT() SI_UNIT($,.RADIAN.) );
#1452 = ( NAMED_UNIT(*) SI_UNIT($,.STERADIAN.) SOLID_ANGLE_UNIT() );
#1453 = UNCERTAINTY_MEASURE_WITH_UNIT(LENGTH_MEASURE(1.E-07),#1450,
  'distance_accuracy_value','confusion accuracy');
#1454 = CONTEXT_DEPENDENT_SHAPE_REPRESENTATION(#1455,#1457);
#1455 = ( REPRESENTATION_RELATIONSHIP('','',#1088,#1061) 
REPRESENTATION_RELATIONSHIP_WITH_TRANSFORMATION(#1456) 
SHAPE_REPRESENTATION_RELATIONSHIP() );
#1456 = ITEM_DEFINED_TRANSFORMATION('','',#11,#1062);
#1457 = PRODUCT_DEFINITION_SHAPE('Placement','Placement of an item',
  #1458);
#1458 = NEXT_ASSEMBLY_USAGE_OCCURRENCE('6','=>[0:1:1:2]','',#1056,#1083,
  $);
#1459 = PRODUCT_RELATED_PRODUCT_CATEGORY('part',$,(#1085));
#1460 = SHAPE_DEFINITION_REPRESENTATION(#1461,#1467);
#1461 = PRODUCT_DEFINITION_SHAPE('','',#1462);
#1462 = PRODUCT_DEFINITION('design','',#1463,#1466);
#1463 = PRODUCT_DEFINITION_FORMATION('','',#1464);
#1464 = PRODUCT('Body','Body','',(#1465));
#1465 = PRODUCT_CONTEXT('',#2,'mechanical');
#1466 = PRODUCT_DEFINITION_CONTEXT('part definition',#2,'design');
#1467 = ADVANCED_BREP_SHAPE_REPRESENTATION('',(#11,#1468),#1663);
#1468 = MANIFOLD_SOLID_BREP('',#1469);
#1469 = CLOSED_SHELL('',(#1470,#1510,#1541,#1576,#1600,#1617,#1629,#1654
    ));
#1470 = ADVANCED_FACE('',(#1471),#1505,.F.);
#1471 = FACE_BOUND('',#1472,.F.);
#1472 = EDGE_LOOP('',(#1473,#1483,#1491,#1499));
#1473 = ORIENTED_EDGE('',*,*,#1474,.F.);
#1474 = EDGE_CURVE('',#1475,#1477,#1479,.T.);
#1475 = VERTEX_POINT('',#1476);
#1476 = CARTESIAN_POINT('',(-1.057,-1.2685,0.26));
#1477 = VERTEX_POINT('',#1478);
#1478 = CARTESIAN_POINT('',(-1.057,-1.2685,0.6));
#1479 = LINE('',#1480,#1481);
#1480 = CARTESIAN_POINT('',(-1.057,-1.2685,0.26));
#1481 = VECTOR('',#1482,1.);
#1482 = DIRECTION('',(0.,0.,1.));
#1483 = ORIENTED_EDGE('',*,*,#1484,.T.);
#1484 = EDGE_CURVE('',#1475,#1485,#1487,.T.);
#1485 = VERTEX_POINT('',#1486);
#1486 = CARTESIAN_POINT('',(-1.057,1.2685,0.26));
#1487 = LINE('',#1488,#1489);
#1488 = CARTESIAN_POINT('',(-1.057,-1.2685,0.26));
#1489 = VECTOR('',#1490,1.);
#1490 = DIRECTION('',(0.,1.,0.));
#1491 = ORIENTED_EDGE('',*,*,#1492,.T.);
#1492 = EDGE_CURVE('',#1485,#1493,#1495,.T.);
#1493 = VERTEX_POINT('',#1494);
#1494 = CARTESIAN_POINT('',(-1.057,1.2685,0.6));
#1495 = LINE('',#1496,#1497);
#1496 = CARTESIAN_POINT('',(-1.057,1.2685,0.26));
#1497 = VECTOR('',#1498,1.);
#1498 = DIRECTION('',(0.,0.,1.));
#1499 = ORIENTED_EDGE('',*,*,#1500,.F.);
#1500 = EDGE_CURVE('',#1477,#1493,#1501,.T.);
#1501 = LINE('',#1502,#1503);
#1502 = CARTESIAN_POINT('',(-1.057,-1.2685,0.6));
#1503 = VECTOR('',#1504,1.);
#1504 = DIRECTION('',(0.,1.,0.));
#1505 = PLANE('',#1506);
#1506 = AXIS2_PLACEMENT_3D('',#1507,#1508,#1509);
#1507 = CARTESIAN_POINT('',(-1.057,-1.2685,0.26));
#1508 = DIRECTION('',(1.,0.,0.));
#1509 = DIRECTION('',(0.,0.,1.));
#1510 = ADVANCED_FACE('',(#1511),#1536,.F.);
#1511 = FACE_BOUND('',#1512,.F.);
#1512 = EDGE_LOOP('',(#1513,#1521,#1522,#1530));
#1513 = ORIENTED_EDGE('',*,*,#1514,.F.);
#1514 = EDGE_CURVE('',#1475,#1515,#1517,.T.);
#1515 = VERTEX_POINT('',#1516);
#1516 = CARTESIAN_POINT('',(1.057,-1.2685,0.26));
#1517 = LINE('',#1518,#1519);
#1518 = CARTESIAN_POINT('',(-1.057,-1.2685,0.26));
#1519 = VECTOR('',#1520,1.);
#1520 = DIRECTION('',(1.,0.,0.));
#1521 = ORIENTED_EDGE('',*,*,#1474,.T.);
#1522 = ORIENTED_EDGE('',*,*,#1523,.T.);
#1523 = EDGE_CURVE('',#1477,#1524,#1526,.T.);
#1524 = VERTEX_POINT('',#1525);
#1525 = CARTESIAN_POINT('',(1.057,-1.2685,0.6));
#1526 = LINE('',#1527,#1528);
#1527 = CARTESIAN_POINT('',(-1.057,-1.2685,0.6));
#1528 = VECTOR('',#1529,1.);
#1529 = DIRECTION('',(1.,0.,0.));
#1530 = ORIENTED_EDGE('',*,*,#1531,.F.);
#1531 = EDGE_CURVE('',#1515,#1524,#1532,.T.);
#1532 = LINE('',#1533,#1534);
#1533 = CARTESIAN_POINT('',(1.057,-1.2685,0.26));
#1534 = VECTOR('',#1535,1.);
#1535 = DIRECTION('',(0.,0.,1.));
#1536 = PLANE('',#1537);
#1537 = AXIS2_PLACEMENT_3D('',#1538,#1539,#1540);
#1538 = CARTESIAN_POINT('',(-1.057,-1.2685,0.26));
#1539 = DIRECTION('',(0.,1.,0.));
#1540 = DIRECTION('',(0.,-0.,1.));
#1541 = ADVANCED_FACE('',(#1542,#1560),#1571,.T.);
#1542 = FACE_BOUND('',#1543,.T.);
#1543 = EDGE_LOOP('',(#1544,#1545,#1546,#1554));
#1544 = ORIENTED_EDGE('',*,*,#1500,.F.);
#1545 = ORIENTED_EDGE('',*,*,#1523,.T.);
#1546 = ORIENTED_EDGE('',*,*,#1547,.T.);
#1547 = EDGE_CURVE('',#1524,#1548,#1550,.T.);
#1548 = VERTEX_POINT('',#1549);
#1549 = CARTESIAN_POINT('',(1.057,1.2685,0.6));
#1550 = LINE('',#1551,#1552);
#1551 = CARTESIAN_POINT('',(1.057,-1.2685,0.6));
#1552 = VECTOR('',#1553,1.);
#1553 = DIRECTION('',(0.,1.,0.));
#1554 = ORIENTED_EDGE('',*,*,#1555,.F.);
#1555 = EDGE_CURVE('',#1493,#1548,#1556,.T.);
#1556 = LINE('',#1557,#1558);
#1557 = CARTESIAN_POINT('',(-1.057,1.2685,0.6));
#1558 = VECTOR('',#1559,1.);
#1559 = DIRECTION('',(1.,0.,0.));
#1560 = FACE_BOUND('',#1561,.T.);
#1561 = EDGE_LOOP('',(#1562));
#1562 = ORIENTED_EDGE('',*,*,#1563,.F.);
#1563 = EDGE_CURVE('',#1564,#1564,#1566,.T.);
#1564 = VERTEX_POINT('',#1565);
#1565 = CARTESIAN_POINT('',(-0.660625,1.00425,0.6));
#1566 = CIRCLE('',#1567,0.132125);
#1567 = AXIS2_PLACEMENT_3D('',#1568,#1569,#1570);
#1568 = CARTESIAN_POINT('',(-0.79275,1.00425,0.6));
#1569 = DIRECTION('',(0.,0.,1.));
#1570 = DIRECTION('',(1.,0.,-0.));
#1571 = PLANE('',#1572);
#1572 = AXIS2_PLACEMENT_3D('',#1573,#1574,#1575);
#1573 = CARTESIAN_POINT('',(-1.057,-1.2685,0.6));
#1574 = DIRECTION('',(0.,0.,1.));
#1575 = DIRECTION('',(1.,0.,-0.));
#1576 = ADVANCED_FACE('',(#1577),#1595,.T.);
#1577 = FACE_BOUND('',#1578,.T.);
#1578 = EDGE_LOOP('',(#1579,#1587,#1588,#1589));
#1579 = ORIENTED_EDGE('',*,*,#1580,.F.);
#1580 = EDGE_CURVE('',#1485,#1581,#1583,.T.);
#1581 = VERTEX_POINT('',#1582);
#1582 = CARTESIAN_POINT('',(1.057,1.2685,0.26));
#1583 = LINE('',#1584,#1585);
#1584 = CARTESIAN_POINT('',(-1.057,1.2685,0.26));
#1585 = VECTOR('',#1586,1.);
#1586 = DIRECTION('',(1.,0.,0.));
#1587 = ORIENTED_EDGE('',*,*,#1492,.T.);
#1588 = ORIENTED_EDGE('',*,*,#1555,.T.);
#1589 = ORIENTED_EDGE('',*,*,#1590,.F.);
#1590 = EDGE_CURVE('',#1581,#1548,#1591,.T.);
#1591 = LINE('',#1592,#1593);
#1592 = CARTESIAN_POINT('',(1.057,1.2685,0.26));
#1593 = VECTOR('',#1594,1.);
#1594 = DIRECTION('',(0.,0.,1.));
#1595 = PLANE('',#1596);
#1596 = AXIS2_PLACEMENT_3D('',#1597,#1598,#1599);
#1597 = CARTESIAN_POINT('',(-1.057,1.2685,0.26));
#1598 = DIRECTION('',(0.,1.,0.));
#1599 = DIRECTION('',(0.,-0.,1.));
#1600 = ADVANCED_FACE('',(#1601),#1612,.F.);
#1601 = FACE_BOUND('',#1602,.F.);
#1602 = EDGE_LOOP('',(#1603,#1604,#1605,#1611));
#1603 = ORIENTED_EDGE('',*,*,#1484,.F.);
#1604 = ORIENTED_EDGE('',*,*,#1514,.T.);
#1605 = ORIENTED_EDGE('',*,*,#1606,.T.);
#1606 = EDGE_CURVE('',#1515,#1581,#1607,.T.);
#1607 = LINE('',#1608,#1609);
#1608 = CARTESIAN_POINT('',(1.057,-1.2685,0.26));
#1609 = VECTOR('',#1610,1.);
#1610 = DIRECTION('',(0.,1.,0.));
#1611 = ORIENTED_EDGE('',*,*,#1580,.F.);
#1612 = PLANE('',#1613);
#1613 = AXIS2_PLACEMENT_3D('',#1614,#1615,#1616);
#1614 = CARTESIAN_POINT('',(-1.057,-1.2685,0.26));
#1615 = DIRECTION('',(0.,0.,1.));
#1616 = DIRECTION('',(1.,0.,-0.));
#1617 = ADVANCED_FACE('',(#1618),#1624,.T.);
#1618 = FACE_BOUND('',#1619,.T.);
#1619 = EDGE_LOOP('',(#1620,#1621,#1622,#1623));
#1620 = ORIENTED_EDGE('',*,*,#1531,.F.);
#1621 = ORIENTED_EDGE('',*,*,#1606,.T.);
#1622 = ORIENTED_EDGE('',*,*,#1590,.T.);
#1623 = ORIENTED_EDGE('',*,*,#1547,.F.);
#1624 = PLANE('',#1625);
#1625 = AXIS2_PLACEMENT_3D('',#1626,#1627,#1628);
#1626 = CARTESIAN_POINT('',(1.057,-1.2685,0.26));
#1627 = DIRECTION('',(1.,0.,0.));
#1628 = DIRECTION('',(0.,0.,1.));
#1629 = ADVANCED_FACE('',(#1630),#1649,.F.);
#1630 = FACE_BOUND('',#1631,.F.);
#1631 = EDGE_LOOP('',(#1632,#1640,#1641,#1642));
#1632 = ORIENTED_EDGE('',*,*,#1633,.T.);
#1633 = EDGE_CURVE('',#1634,#1564,#1636,.T.);
#1634 = VERTEX_POINT('',#1635);
#1635 = CARTESIAN_POINT('',(-0.660625,1.00425,0.54));
#1636 = LINE('',#1637,#1638);
#1637 = CARTESIAN_POINT('',(-0.660625,1.00425,0.54));
#1638 = VECTOR('',#1639,1.);
#1639 = DIRECTION('',(0.,0.,1.));
#1640 = ORIENTED_EDGE('',*,*,#1563,.F.);
#1641 = ORIENTED_EDGE('',*,*,#1633,.F.);
#1642 = ORIENTED_EDGE('',*,*,#1643,.T.);
#1643 = EDGE_CURVE('',#1634,#1634,#1644,.T.);
#1644 = CIRCLE('',#1645,0.132125);
#1645 = AXIS2_PLACEMENT_3D('',#1646,#1647,#1648);
#1646 = CARTESIAN_POINT('',(-0.79275,1.00425,0.54));
#1647 = DIRECTION('',(0.,0.,1.));
#1648 = DIRECTION('',(1.,0.,-0.));
#1649 = CYLINDRICAL_SURFACE('',#1650,0.132125);
#1650 = AXIS2_PLACEMENT_3D('',#1651,#1652,#1653);
#1651 = CARTESIAN_POINT('',(-0.79275,1.00425,0.54));
#1652 = DIRECTION('',(0.,0.,1.));
#1653 = DIRECTION('',(1.,0.,-0.));
#1654 = ADVANCED_FACE('',(#1655),#1658,.T.);
#1655 = FACE_BOUND('',#1656,.F.);
#1656 = EDGE_LOOP('',(#1657));
#1657 = ORIENTED_EDGE('',*,*,#1643,.F.);
#1658 = PLANE('',#1659);
#1659 = AXIS2_PLACEMENT_3D('',#1660,#1661,#1662);
#1660 = CARTESIAN_POINT('',(-0.79275,1.00425,0.54));
#1661 = DIRECTION('',(0.,0.,1.));
#1662 = DIRECTION('',(1.,0.,-0.));
#1663 = ( GEOMETRIC_REPRESENTATION_CONTEXT(3) 
GLOBAL_UNCERTAINTY_ASSIGNED_CONTEXT((#1667)) 
GLOBAL_UNIT_ASSIGNED_CONTEXT((#1664,#1665,#1666)) REPRESENTATION_CONTEXT
('Context #1','3D Context with UNIT and UNCERTAINTY') );
#1664 = ( LENGTH_UNIT() NAMED_UNIT(*) SI_UNIT(.MILLI.,.METRE.) );
#1665 = ( NAMED_UNIT(*) PLANE_ANGLE_UNIT() SI_UNIT($,.RADIAN.) );
#1666 = ( NAMED_UNIT(*) SI_UNIT($,.STERADIAN.) SOLID_ANGLE_UNIT() );
#1667 = UNCERTAINTY_MEASURE_WITH_UNIT(LENGTH_MEASURE(1.E-07),#1664,
  'distance_accuracy_value','confusion accuracy');
#1668 = CONTEXT_DEPENDENT_SHAPE_REPRESENTATION(#1669,#1671);
#1669 = ( REPRESENTATION_RELATIONSHIP('','',#1467,#1061) 
REPRESENTATION_RELATIONSHIP_WITH_TRANSFORMATION(#1670) 
SHAPE_REPRESENTATION_RELATIONSHIP() );
#1670 = ITEM_DEFINED_TRANSFORMATION('','',#11,#1066);
#1671 = PRODUCT_DEFINITION_SHAPE('Placement','Placement of an item',
  #1672);
#1672 = NEXT_ASSEMBLY_USAGE_OCCURRENCE('7','=>[0:1:1:3]','',#1056,#1462,
  $);
#1673 = PRODUCT_RELATED_PRODUCT_CATEGORY('part',$,(#1464));
#1674 = CONTEXT_DEPENDENT_SHAPE_REPRESENTATION(#1675,#1677);
#1675 = ( REPRESENTATION_RELATIONSHIP('','',#168,#10) 
REPRESENTATION_RELATIONSHIP_WITH_TRANSFORMATION(#1676) 
SHAPE_REPRESENTATION_RELATIONSHIP() );
#1676 = ITEM_DEFINED_TRANSFORMATION('','',#11,#39);
#1677 = PRODUCT_DEFINITION_SHAPE('Placement','Placement of an item',
  #1678);
#1678 = NEXT_ASSEMBLY_USAGE_OCCURRENCE('9','C1','',#5,#163,$);
#1679 = SHAPE_DEFINITION_REPRESENTATION(#1680,#1686);
#1680 = PRODUCT_DEFINITION_SHAPE('','',#1681);
#1681 = PRODUCT_DEFINITION('design','',#1682,#1685);
#1682 = PRODUCT_DEFINITION_FORMATION('','',#1683);
#1683 = PRODUCT('R_0201_0603Metric','R_0201_0603Metric','',(#1684));
#1684 = PRODUCT_CONTEXT('',#2,'mechanical');
#1685 = PRODUCT_DEFINITION_CONTEXT('part definition',#2,'design');
#1686 = ADVANCED_BREP_SHAPE_REPRESENTATION('',(#11,#1687),#2477);
#1687 = MANIFOLD_SOLID_BREP('',#1688);
#1688 = CLOSED_SHELL('',(#1689,#1729,#1812,#1837,#1862,#1929,#1946,#1963
    ,#2012,#2029,#2046,#2095,#2112,#2181,#2212,#2236,#2305,#2329,#2346,
    #2363,#2380,#2397,#2414,#2431,#2448,#2465));
#1689 = ADVANCED_FACE('',(#1690),#1724,.F.);
#1690 = FACE_BOUND('',#1691,.F.);
#1691 = EDGE_LOOP('',(#1692,#1702,#1710,#1718));
#1692 = ORIENTED_EDGE('',*,*,#1693,.F.);
#1693 = EDGE_CURVE('',#1694,#1696,#1698,.T.);
#1694 = VERTEX_POINT('',#1695);
#1695 = CARTESIAN_POINT('',(-0.3,-0.15,2.3E-02));
#1696 = VERTEX_POINT('',#1697);
#1697 = CARTESIAN_POINT('',(-0.3,-0.15,0.207));
#1698 = LINE('',#1699,#1700);
#1699 = CARTESIAN_POINT('',(-0.3,-0.15,0.));
#1700 = VECTOR('',#1701,1.);
#1701 = DIRECTION('',(0.,0.,1.));
#1702 = ORIENTED_EDGE('',*,*,#1703,.T.);
#1703 = EDGE_CURVE('',#1694,#1704,#1706,.T.);
#1704 = VERTEX_POINT('',#1705);
#1705 = CARTESIAN_POINT('',(-0.3,0.15,2.3E-02));
#1706 = LINE('',#1707,#1708);
#1707 = CARTESIAN_POINT('',(-0.3,-0.15,2.3E-02));
#1708 = VECTOR('',#1709,1.);
#1709 = DIRECTION('',(0.,1.,0.));
#1710 = ORIENTED_EDGE('',*,*,#1711,.T.);
#1711 = EDGE_CURVE('',#1704,#1712,#1714,.T.);
#1712 = VERTEX_POINT('',#1713);
#1713 = CARTESIAN_POINT('',(-0.3,0.15,0.207));
#1714 = LINE('',#1715,#1716);
#1715 = CARTESIAN_POINT('',(-0.3,0.15,0.));
#1716 = VECTOR('',#1717,1.);
#1717 = DIRECTION('',(0.,0.,1.));
#1718 = ORIENTED_EDGE('',*,*,#1719,.F.);
#1719 = EDGE_CURVE('',#1696,#1712,#1720,.T.);
#1720 = LINE('',#1721,#1722);
#1721 = CARTESIAN_POINT('',(-0.3,-0.15,0.207));
#1722 = VECTOR('',#1723,1.);
#1723 = DIRECTION('',(0.,1.,0.));
#1724 = PLANE('',#1725);
#1725 = AXIS2_PLACEMENT_3D('',#1726,#1727,#1728);
#1726 = CARTESIAN_POINT('',(-0.3,-0.15,0.));
#1727 = DIRECTION('',(1.,0.,0.));
#1728 = DIRECTION('',(0.,0.,1.));
#1729 = ADVANCED_FACE('',(#1730),#1807,.F.);
#1730 = FACE_BOUND('',#1731,.F.);
#1731 = EDGE_LOOP('',(#1732,#1742,#1749,#1750,#1759,#1767,#1776,#1784,
    #1792,#1800));
#1732 = ORIENTED_EDGE('',*,*,#1733,.F.);
#1733 = EDGE_CURVE('',#1734,#1736,#1738,.T.);
#1734 = VERTEX_POINT('',#1735);
#1735 = CARTESIAN_POINT('',(-0.277,-0.15,-1.387778780781E-17));
#1736 = VERTEX_POINT('',#1737);
#1737 = CARTESIAN_POINT('',(-0.223,-0.15,-1.387778780781E-17));
#1738 = LINE('',#1739,#1740);
#1739 = CARTESIAN_POINT('',(-0.3,-0.15,0.));
#1740 = VECTOR('',#1741,1.);
#1741 = DIRECTION('',(1.,0.,0.));
#1742 = ORIENTED_EDGE('',*,*,#1743,.F.);
#1743 = EDGE_CURVE('',#1694,#1734,#1744,.T.);
#1744 = CIRCLE('',#1745,2.3E-02);
#1745 = AXIS2_PLACEMENT_3D('',#1746,#1747,#1748);
#1746 = CARTESIAN_POINT('',(-0.277,-0.15,2.3E-02));
#1747 = DIRECTION('',(0.,-1.,0.));
#1748 = DIRECTION('',(0.,0.,1.));
#1749 = ORIENTED_EDGE('',*,*,#1693,.T.);
#1750 = ORIENTED_EDGE('',*,*,#1751,.T.);
#1751 = EDGE_CURVE('',#1696,#1752,#1754,.T.);
#1752 = VERTEX_POINT('',#1753);
#1753 = CARTESIAN_POINT('',(-0.277,-0.15,0.23));
#1754 = CIRCLE('',#1755,2.3E-02);
#1755 = AXIS2_PLACEMENT_3D('',#1756,#1757,#1758);
#1756 = CARTESIAN_POINT('',(-0.277,-0.15,0.207));
#1757 = DIRECTION('',(0.,1.,0.));
#1758 = DIRECTION('',(0.,-0.,1.));
#1759 = ORIENTED_EDGE('',*,*,#1760,.T.);
#1760 = EDGE_CURVE('',#1752,#1761,#1763,.T.);
#1761 = VERTEX_POINT('',#1762);
#1762 = CARTESIAN_POINT('',(-0.223,-0.15,0.23));
#1763 = LINE('',#1764,#1765);
#1764 = CARTESIAN_POINT('',(-0.3,-0.15,0.23));
#1765 = VECTOR('',#1766,1.);
#1766 = DIRECTION('',(1.,0.,0.));
#1767 = ORIENTED_EDGE('',*,*,#1768,.F.);
#1768 = EDGE_CURVE('',#1769,#1761,#1771,.T.);
#1769 = VERTEX_POINT('',#1770);
#1770 = CARTESIAN_POINT('',(-0.2,-0.15,0.207));
#1771 = CIRCLE('',#1772,2.3E-02);
#1772 = AXIS2_PLACEMENT_3D('',#1773,#1774,#1775);
#1773 = CARTESIAN_POINT('',(-0.223,-0.15,0.207));
#1774 = DIRECTION('',(0.,-1.,0.));
#1775 = DIRECTION('',(0.,0.,1.));
#1776 = ORIENTED_EDGE('',*,*,#1777,.F.);
#1777 = EDGE_CURVE('',#1778,#1769,#1780,.T.);
#1778 = VERTEX_POINT('',#1779);
#1779 = CARTESIAN_POINT('',(-0.277,-0.15,0.207));
#1780 = LINE('',#1781,#1782);
#1781 = CARTESIAN_POINT('',(-0.277,-0.15,0.207));
#1782 = VECTOR('',#1783,1.);
#1783 = DIRECTION('',(1.,0.,0.));
#1784 = ORIENTED_EDGE('',*,*,#1785,.F.);
#1785 = EDGE_CURVE('',#1786,#1778,#1788,.T.);
#1786 = VERTEX_POINT('',#1787);
#1787 = CARTESIAN_POINT('',(-0.277,-0.15,2.3E-02));
#1788 = LINE('',#1789,#1790);
#1789 = CARTESIAN_POINT('',(-0.277,-0.15,2.3E-02));
#1790 = VECTOR('',#1791,1.);
#1791 = DIRECTION('',(0.,0.,1.));
#1792 = ORIENTED_EDGE('',*,*,#1793,.T.);
#1793 = EDGE_CURVE('',#1786,#1794,#1796,.T.);
#1794 = VERTEX_POINT('',#1795);
#1795 = CARTESIAN_POINT('',(-0.2,-0.15,2.3E-02));
#1796 = LINE('',#1797,#1798);
#1797 = CARTESIAN_POINT('',(-0.277,-0.15,2.3E-02));
#1798 = VECTOR('',#1799,1.);
#1799 = DIRECTION('',(1.,0.,0.));
#1800 = ORIENTED_EDGE('',*,*,#1801,.T.);
#1801 = EDGE_CURVE('',#1794,#1736,#1802,.T.);
#1802 = CIRCLE('',#1803,2.3E-02);
#1803 = AXIS2_PLACEMENT_3D('',#1804,#1805,#1806);
#1804 = CARTESIAN_POINT('',(-0.223,-0.15,2.3E-02));
#1805 = DIRECTION('',(0.,1.,0.));
#1806 = DIRECTION('',(0.,-0.,1.));
#1807 = PLANE('',#1808);
#1808 = AXIS2_PLACEMENT_3D('',#1809,#1810,#1811);
#1809 = CARTESIAN_POINT('',(-0.3,-0.15,0.));
#1810 = DIRECTION('',(0.,1.,0.));
#1811 = DIRECTION('',(0.,-0.,1.));
#1812 = ADVANCED_FACE('',(#1813),#1832,.T.);
#1813 = FACE_BOUND('',#1814,.T.);
#1814 = EDGE_LOOP('',(#1815,#1816,#1825,#1831));
#1815 = ORIENTED_EDGE('',*,*,#1703,.T.);
#1816 = ORIENTED_EDGE('',*,*,#1817,.T.);
#1817 = EDGE_CURVE('',#1704,#1818,#1820,.T.);
#1818 = VERTEX_POINT('',#1819);
#1819 = CARTESIAN_POINT('',(-0.277,0.15,-1.387778780781E-17));
#1820 = CIRCLE('',#1821,2.3E-02);
#1821 = AXIS2_PLACEMENT_3D('',#1822,#1823,#1824);
#1822 = CARTESIAN_POINT('',(-0.277,0.15,2.3E-02));
#1823 = DIRECTION('',(0.,-1.,0.));
#1824 = DIRECTION('',(0.,0.,1.));
#1825 = ORIENTED_EDGE('',*,*,#1826,.F.);
#1826 = EDGE_CURVE('',#1734,#1818,#1827,.T.);
#1827 = LINE('',#1828,#1829);
#1828 = CARTESIAN_POINT('',(-0.277,-0.15,-1.387778780781E-17));
#1829 = VECTOR('',#1830,1.);
#1830 = DIRECTION('',(0.,1.,0.));
#1831 = ORIENTED_EDGE('',*,*,#1743,.F.);
#1832 = CYLINDRICAL_SURFACE('',#1833,2.3E-02);
#1833 = AXIS2_PLACEMENT_3D('',#1834,#1835,#1836);
#1834 = CARTESIAN_POINT('',(-0.277,-0.15,2.3E-02));
#1835 = DIRECTION('',(0.,1.,0.));
#1836 = DIRECTION('',(-1.,0.,0.));
#1837 = ADVANCED_FACE('',(#1838),#1857,.T.);
#1838 = FACE_BOUND('',#1839,.T.);
#1839 = EDGE_LOOP('',(#1840,#1841,#1849,#1856));
#1840 = ORIENTED_EDGE('',*,*,#1751,.T.);
#1841 = ORIENTED_EDGE('',*,*,#1842,.T.);
#1842 = EDGE_CURVE('',#1752,#1843,#1845,.T.);
#1843 = VERTEX_POINT('',#1844);
#1844 = CARTESIAN_POINT('',(-0.277,0.15,0.23));
#1845 = LINE('',#1846,#1847);
#1846 = CARTESIAN_POINT('',(-0.277,-0.15,0.23));
#1847 = VECTOR('',#1848,1.);
#1848 = DIRECTION('',(0.,1.,0.));
#1849 = ORIENTED_EDGE('',*,*,#1850,.F.);
#1850 = EDGE_CURVE('',#1712,#1843,#1851,.T.);
#1851 = CIRCLE('',#1852,2.3E-02);
#1852 = AXIS2_PLACEMENT_3D('',#1853,#1854,#1855);
#1853 = CARTESIAN_POINT('',(-0.277,0.15,0.207));
#1854 = DIRECTION('',(0.,1.,0.));
#1855 = DIRECTION('',(0.,-0.,1.));
#1856 = ORIENTED_EDGE('',*,*,#1719,.F.);
#1857 = CYLINDRICAL_SURFACE('',#1858,2.3E-02);
#1858 = AXIS2_PLACEMENT_3D('',#1859,#1860,#1861);
#1859 = CARTESIAN_POINT('',(-0.277,-0.15,0.207));
#1860 = DIRECTION('',(0.,1.,0.));
#1861 = DIRECTION('',(-1.,0.,0.));
#1862 = ADVANCED_FACE('',(#1863),#1924,.T.);
#1863 = FACE_BOUND('',#1864,.T.);
#1864 = EDGE_LOOP('',(#1865,#1873,#1874,#1875,#1876,#1884,#1893,#1901,
    #1909,#1917));
#1865 = ORIENTED_EDGE('',*,*,#1866,.F.);
#1866 = EDGE_CURVE('',#1818,#1867,#1869,.T.);
#1867 = VERTEX_POINT('',#1868);
#1868 = CARTESIAN_POINT('',(-0.223,0.15,-1.387778780781E-17));
#1869 = LINE('',#1870,#1871);
#1870 = CARTESIAN_POINT('',(-0.3,0.15,0.));
#1871 = VECTOR('',#1872,1.);
#1872 = DIRECTION('',(1.,0.,0.));
#1873 = ORIENTED_EDGE('',*,*,#1817,.F.);
#1874 = ORIENTED_EDGE('',*,*,#1711,.T.);
#1875 = ORIENTED_EDGE('',*,*,#1850,.T.);
#1876 = ORIENTED_EDGE('',*,*,#1877,.T.);
#1877 = EDGE_CURVE('',#1843,#1878,#1880,.T.);
#1878 = VERTEX_POINT('',#1879);
#1879 = CARTESIAN_POINT('',(-0.223,0.15,0.23));
#1880 = LINE('',#1881,#1882);
#1881 = CARTESIAN_POINT('',(-0.3,0.15,0.23));
#1882 = VECTOR('',#1883,1.);
#1883 = DIRECTION('',(1.,0.,0.));
#1884 = ORIENTED_EDGE('',*,*,#1885,.F.);
#1885 = EDGE_CURVE('',#1886,#1878,#1888,.T.);
#1886 = VERTEX_POINT('',#1887);
#1887 = CARTESIAN_POINT('',(-0.2,0.15,0.207));
#1888 = CIRCLE('',#1889,2.3E-02);
#1889 = AXIS2_PLACEMENT_3D('',#1890,#1891,#1892);
#1890 = CARTESIAN_POINT('',(-0.223,0.15,0.207));
#1891 = DIRECTION('',(0.,-1.,0.));
#1892 = DIRECTION('',(0.,0.,1.));
#1893 = ORIENTED_EDGE('',*,*,#1894,.F.);
#1894 = EDGE_CURVE('',#1895,#1886,#1897,.T.);
#1895 = VERTEX_POINT('',#1896);
#1896 = CARTESIAN_POINT('',(-0.277,0.15,0.207));
#1897 = LINE('',#1898,#1899);
#1898 = CARTESIAN_POINT('',(-0.277,0.15,0.207));
#1899 = VECTOR('',#1900,1.);
#1900 = DIRECTION('',(1.,0.,0.));
#1901 = ORIENTED_EDGE('',*,*,#1902,.F.);
#1902 = EDGE_CURVE('',#1903,#1895,#1905,.T.);
#1903 = VERTEX_POINT('',#1904);
#1904 = CARTESIAN_POINT('',(-0.277,0.15,2.3E-02));
#1905 = LINE('',#1906,#1907);
#1906 = CARTESIAN_POINT('',(-0.277,0.15,2.3E-02));
#1907 = VECTOR('',#1908,1.);
#1908 = DIRECTION('',(0.,0.,1.));
#1909 = ORIENTED_EDGE('',*,*,#1910,.T.);
#1910 = EDGE_CURVE('',#1903,#1911,#1913,.T.);
#1911 = VERTEX_POINT('',#1912);
#1912 = CARTESIAN_POINT('',(-0.2,0.15,2.3E-02));
#1913 = LINE('',#1914,#1915);
#1914 = CARTESIAN_POINT('',(-0.277,0.15,2.3E-02));
#1915 = VECTOR('',#1916,1.);
#1916 = DIRECTION('',(1.,0.,0.));
#1917 = ORIENTED_EDGE('',*,*,#1918,.T.);
#1918 = EDGE_CURVE('',#1911,#1867,#1919,.T.);
#1919 = CIRCLE('',#1920,2.3E-02);
#1920 = AXIS2_PLACEMENT_3D('',#1921,#1922,#1923);
#1921 = CARTESIAN_POINT('',(-0.223,0.15,2.3E-02));
#1922 = DIRECTION('',(0.,1.,0.));
#1923 = DIRECTION('',(0.,-0.,1.));
#1924 = PLANE('',#1925);
#1925 = AXIS2_PLACEMENT_3D('',#1926,#1927,#1928);
#1926 = CARTESIAN_POINT('',(-0.3,0.15,0.));
#1927 = DIRECTION('',(0.,1.,0.));
#1928 = DIRECTION('',(0.,-0.,1.));
#1929 = ADVANCED_FACE('',(#1930),#1941,.F.);
#1930 = FACE_BOUND('',#1931,.F.);
#1931 = EDGE_LOOP('',(#1932,#1933,#1934,#1935));
#1932 = ORIENTED_EDGE('',*,*,#1866,.F.);
#1933 = ORIENTED_EDGE('',*,*,#1826,.F.);
#1934 = ORIENTED_EDGE('',*,*,#1733,.T.);
#1935 = ORIENTED_EDGE('',*,*,#1936,.T.);
#1936 = EDGE_CURVE('',#1736,#1867,#1937,.T.);
#1937 = LINE('',#1938,#1939);
#1938 = CARTESIAN_POINT('',(-0.223,-0.15,-1.387778780781E-17));
#1939 = VECTOR('',#1940,1.);
#1940 = DIRECTION('',(0.,1.,0.));
#1941 = PLANE('',#1942);
#1942 = AXIS2_PLACEMENT_3D('',#1943,#1944,#1945);
#1943 = CARTESIAN_POINT('',(-0.3,-0.15,0.));
#1944 = DIRECTION('',(0.,0.,1.));
#1945 = DIRECTION('',(1.,0.,-0.));
#1946 = ADVANCED_FACE('',(#1947),#1958,.T.);
#1947 = FACE_BOUND('',#1948,.T.);
#1948 = EDGE_LOOP('',(#1949,#1950,#1951,#1952));
#1949 = ORIENTED_EDGE('',*,*,#1801,.T.);
#1950 = ORIENTED_EDGE('',*,*,#1936,.T.);
#1951 = ORIENTED_EDGE('',*,*,#1918,.F.);
#1952 = ORIENTED_EDGE('',*,*,#1953,.F.);
#1953 = EDGE_CURVE('',#1794,#1911,#1954,.T.);
#1954 = LINE('',#1955,#1956);
#1955 = CARTESIAN_POINT('',(-0.2,-0.15,2.3E-02));
#1956 = VECTOR('',#1957,1.);
#1957 = DIRECTION('',(0.,1.,0.));
#1958 = CYLINDRICAL_SURFACE('',#1959,2.3E-02);
#1959 = AXIS2_PLACEMENT_3D('',#1960,#1961,#1962);
#1960 = CARTESIAN_POINT('',(-0.223,-0.15,2.3E-02));
#1961 = DIRECTION('',(0.,1.,0.));
#1962 = DIRECTION('',(1.,0.,0.));
#1963 = ADVANCED_FACE('',(#1964),#2007,.F.);
#1964 = FACE_BOUND('',#1965,.F.);
#1965 = EDGE_LOOP('',(#1966,#1967,#1968,#1969,#1977,#1985,#1993,#2001));
#1966 = ORIENTED_EDGE('',*,*,#1793,.F.);
#1967 = ORIENTED_EDGE('',*,*,#1785,.T.);
#1968 = ORIENTED_EDGE('',*,*,#1777,.T.);
#1969 = ORIENTED_EDGE('',*,*,#1970,.T.);
#1970 = EDGE_CURVE('',#1769,#1971,#1973,.T.);
#1971 = VERTEX_POINT('',#1972);
#1972 = CARTESIAN_POINT('',(0.2,-0.15,0.207));
#1973 = LINE('',#1974,#1975);
#1974 = CARTESIAN_POINT('',(-0.2,-0.15,0.207));
#1975 = VECTOR('',#1976,1.);
#1976 = DIRECTION('',(1.,0.,0.));
#1977 = ORIENTED_EDGE('',*,*,#1978,.T.);
#1978 = EDGE_CURVE('',#1971,#1979,#1981,.T.);
#1979 = VERTEX_POINT('',#1980);
#1980 = CARTESIAN_POINT('',(0.277,-0.15,0.207));
#1981 = LINE('',#1982,#1983);
#1982 = CARTESIAN_POINT('',(-0.277,-0.15,0.207));
#1983 = VECTOR('',#1984,1.);
#1984 = DIRECTION('',(1.,0.,0.));
#1985 = ORIENTED_EDGE('',*,*,#1986,.F.);
#1986 = EDGE_CURVE('',#1987,#1979,#1989,.T.);
#1987 = VERTEX_POINT('',#1988);
#1988 = CARTESIAN_POINT('',(0.277,-0.15,2.3E-02));
#1989 = LINE('',#1990,#1991);
#1990 = CARTESIAN_POINT('',(0.277,-0.15,2.3E-02));
#1991 = VECTOR('',#1992,1.);
#1992 = DIRECTION('',(0.,0.,1.));
#1993 = ORIENTED_EDGE('',*,*,#1994,.F.);
#1994 = EDGE_CURVE('',#1995,#1987,#1997,.T.);
#1995 = VERTEX_POINT('',#1996);
#1996 = CARTESIAN_POINT('',(0.2,-0.15,2.3E-02));
#1997 = LINE('',#1998,#1999);
#1998 = CARTESIAN_POINT('',(-0.277,-0.15,2.3E-02));
#1999 = VECTOR('',#2000,1.);
#2000 = DIRECTION('',(1.,0.,0.));
#2001 = ORIENTED_EDGE('',*,*,#2002,.F.);
#2002 = EDGE_CURVE('',#1794,#1995,#2003,.T.);
#2003 = LINE('',#2004,#2005);
#2004 = CARTESIAN_POINT('',(-0.277,-0.15,2.3E-02));
#2005 = VECTOR('',#2006,1.);
#2006 = DIRECTION('',(1.,0.,0.));
#2007 = PLANE('',#2008);
#2008 = AXIS2_PLACEMENT_3D('',#2009,#2010,#2011);
#2009 = CARTESIAN_POINT('',(-0.277,-0.15,2.3E-02));
#2010 = DIRECTION('',(0.,1.,0.));
#2011 = DIRECTION('',(0.,-0.,1.));
#2012 = ADVANCED_FACE('',(#2013),#2024,.T.);
#2013 = FACE_BOUND('',#2014,.T.);
#2014 = EDGE_LOOP('',(#2015,#2016,#2017,#2018));
#2015 = ORIENTED_EDGE('',*,*,#1877,.F.);
#2016 = ORIENTED_EDGE('',*,*,#1842,.F.);
#2017 = ORIENTED_EDGE('',*,*,#1760,.T.);
#2018 = ORIENTED_EDGE('',*,*,#2019,.T.);
#2019 = EDGE_CURVE('',#1761,#1878,#2020,.T.);
#2020 = LINE('',#2021,#2022);
#2021 = CARTESIAN_POINT('',(-0.223,-0.15,0.23));
#2022 = VECTOR('',#2023,1.);
#2023 = DIRECTION('',(0.,1.,0.));
#2024 = PLANE('',#2025);
#2025 = AXIS2_PLACEMENT_3D('',#2026,#2027,#2028);
#2026 = CARTESIAN_POINT('',(-0.3,-0.15,0.23));
#2027 = DIRECTION('',(0.,0.,1.));
#2028 = DIRECTION('',(1.,0.,-0.));
#2029 = ADVANCED_FACE('',(#2030),#2041,.T.);
#2030 = FACE_BOUND('',#2031,.T.);
#2031 = EDGE_LOOP('',(#2032,#2038,#2039,#2040));
#2032 = ORIENTED_EDGE('',*,*,#2033,.T.);
#2033 = EDGE_CURVE('',#1769,#1886,#2034,.T.);
#2034 = LINE('',#2035,#2036);
#2035 = CARTESIAN_POINT('',(-0.2,-0.15,0.207));
#2036 = VECTOR('',#2037,1.);
#2037 = DIRECTION('',(0.,1.,0.));
#2038 = ORIENTED_EDGE('',*,*,#1885,.T.);
#2039 = ORIENTED_EDGE('',*,*,#2019,.F.);
#2040 = ORIENTED_EDGE('',*,*,#1768,.F.);
#2041 = CYLINDRICAL_SURFACE('',#2042,2.3E-02);
#2042 = AXIS2_PLACEMENT_3D('',#2043,#2044,#2045);
#2043 = CARTESIAN_POINT('',(-0.223,-0.15,0.207));
#2044 = DIRECTION('',(0.,1.,0.));
#2045 = DIRECTION('',(1.,0.,0.));
#2046 = ADVANCED_FACE('',(#2047),#2090,.T.);
#2047 = FACE_BOUND('',#2048,.T.);
#2048 = EDGE_LOOP('',(#2049,#2050,#2051,#2052,#2060,#2068,#2076,#2084));
#2049 = ORIENTED_EDGE('',*,*,#1910,.F.);
#2050 = ORIENTED_EDGE('',*,*,#1902,.T.);
#2051 = ORIENTED_EDGE('',*,*,#1894,.T.);
#2052 = ORIENTED_EDGE('',*,*,#2053,.T.);
#2053 = EDGE_CURVE('',#1886,#2054,#2056,.T.);
#2054 = VERTEX_POINT('',#2055);
#2055 = CARTESIAN_POINT('',(0.2,0.15,0.207));
#2056 = LINE('',#2057,#2058);
#2057 = CARTESIAN_POINT('',(-0.2,0.15,0.207));
#2058 = VECTOR('',#2059,1.);
#2059 = DIRECTION('',(1.,0.,0.));
#2060 = ORIENTED_EDGE('',*,*,#2061,.T.);
#2061 = EDGE_CURVE('',#2054,#2062,#2064,.T.);
#2062 = VERTEX_POINT('',#2063);
#2063 = CARTESIAN_POINT('',(0.277,0.15,0.207));
#2064 = LINE('',#2065,#2066);
#2065 = CARTESIAN_POINT('',(-0.277,0.15,0.207));
#2066 = VECTOR('',#2067,1.);
#2067 = DIRECTION('',(1.,0.,0.));
#2068 = ORIENTED_EDGE('',*,*,#2069,.F.);
#2069 = EDGE_CURVE('',#2070,#2062,#2072,.T.);
#2070 = VERTEX_POINT('',#2071);
#2071 = CARTESIAN_POINT('',(0.277,0.15,2.3E-02));
#2072 = LINE('',#2073,#2074);
#2073 = CARTESIAN_POINT('',(0.277,0.15,2.3E-02));
#2074 = VECTOR('',#2075,1.);
#2075 = DIRECTION('',(0.,0.,1.));
#2076 = ORIENTED_EDGE('',*,*,#2077,.F.);
#2077 = EDGE_CURVE('',#2078,#2070,#2080,.T.);
#2078 = VERTEX_POINT('',#2079);
#2079 = CARTESIAN_POINT('',(0.2,0.15,2.3E-02));
#2080 = LINE('',#2081,#2082);
#2081 = CARTESIAN_POINT('',(-0.277,0.15,2.3E-02));
#2082 = VECTOR('',#2083,1.);
#2083 = DIRECTION('',(1.,0.,0.));
#2084 = ORIENTED_EDGE('',*,*,#2085,.F.);
#2085 = EDGE_CURVE('',#1911,#2078,#2086,.T.);
#2086 = LINE('',#2087,#2088);
#2087 = CARTESIAN_POINT('',(-0.277,0.15,2.3E-02));
#2088 = VECTOR('',#2089,1.);
#2089 = DIRECTION('',(1.,0.,0.));
#2090 = PLANE('',#2091);
#2091 = AXIS2_PLACEMENT_3D('',#2092,#2093,#2094);
#2092 = CARTESIAN_POINT('',(-0.277,0.15,2.3E-02));
#2093 = DIRECTION('',(0.,1.,0.));
#2094 = DIRECTION('',(0.,-0.,1.));
#2095 = ADVANCED_FACE('',(#2096),#2107,.F.);
#2096 = FACE_BOUND('',#2097,.F.);
#2097 = EDGE_LOOP('',(#2098,#2099,#2100,#2106));
#2098 = ORIENTED_EDGE('',*,*,#1953,.F.);
#2099 = ORIENTED_EDGE('',*,*,#2002,.T.);
#2100 = ORIENTED_EDGE('',*,*,#2101,.T.);
#2101 = EDGE_CURVE('',#1995,#2078,#2102,.T.);
#2102 = LINE('',#2103,#2104);
#2103 = CARTESIAN_POINT('',(0.2,-0.15,2.3E-02));
#2104 = VECTOR('',#2105,1.);
#2105 = DIRECTION('',(0.,1.,0.));
#2106 = ORIENTED_EDGE('',*,*,#2085,.F.);
#2107 = PLANE('',#2108);
#2108 = AXIS2_PLACEMENT_3D('',#2109,#2110,#2111);
#2109 = CARTESIAN_POINT('',(-0.277,-0.15,2.3E-02));
#2110 = DIRECTION('',(0.,0.,1.));
#2111 = DIRECTION('',(1.,0.,-0.));
#2112 = ADVANCED_FACE('',(#2113),#2176,.F.);
#2113 = FACE_BOUND('',#2114,.F.);
#2114 = EDGE_LOOP('',(#2115,#2125,#2132,#2133,#2134,#2135,#2144,#2152,
    #2161,#2169));
#2115 = ORIENTED_EDGE('',*,*,#2116,.F.);
#2116 = EDGE_CURVE('',#2117,#2119,#2121,.T.);
#2117 = VERTEX_POINT('',#2118);
#2118 = CARTESIAN_POINT('',(0.223,-0.15,-1.387778780781E-17));
#2119 = VERTEX_POINT('',#2120);
#2120 = CARTESIAN_POINT('',(0.277,-0.15,-1.387778780781E-17));
#2121 = LINE('',#2122,#2123);
#2122 = CARTESIAN_POINT('',(0.2,-0.15,0.));
#2123 = VECTOR('',#2124,1.);
#2124 = DIRECTION('',(1.,0.,0.));
#2125 = ORIENTED_EDGE('',*,*,#2126,.F.);
#2126 = EDGE_CURVE('',#1995,#2117,#2127,.T.);
#2127 = CIRCLE('',#2128,2.3E-02);
#2128 = AXIS2_PLACEMENT_3D('',#2129,#2130,#2131);
#2129 = CARTESIAN_POINT('',(0.223,-0.15,2.3E-02));
#2130 = DIRECTION('',(0.,-1.,0.));
#2131 = DIRECTION('',(0.,0.,1.));
#2132 = ORIENTED_EDGE('',*,*,#1994,.T.);
#2133 = ORIENTED_EDGE('',*,*,#1986,.T.);
#2134 = ORIENTED_EDGE('',*,*,#1978,.F.);
#2135 = ORIENTED_EDGE('',*,*,#2136,.T.);
#2136 = EDGE_CURVE('',#1971,#2137,#2139,.T.);
#2137 = VERTEX_POINT('',#2138);
#2138 = CARTESIAN_POINT('',(0.223,-0.15,0.23));
#2139 = CIRCLE('',#2140,2.3E-02);
#2140 = AXIS2_PLACEMENT_3D('',#2141,#2142,#2143);
#2141 = CARTESIAN_POINT('',(0.223,-0.15,0.207));
#2142 = DIRECTION('',(0.,1.,0.));
#2143 = DIRECTION('',(0.,-0.,1.));
#2144 = ORIENTED_EDGE('',*,*,#2145,.T.);
#2145 = EDGE_CURVE('',#2137,#2146,#2148,.T.);
#2146 = VERTEX_POINT('',#2147);
#2147 = CARTESIAN_POINT('',(0.277,-0.15,0.23));
#2148 = LINE('',#2149,#2150);
#2149 = CARTESIAN_POINT('',(0.2,-0.15,0.23));
#2150 = VECTOR('',#2151,1.);
#2151 = DIRECTION('',(1.,0.,0.));
#2152 = ORIENTED_EDGE('',*,*,#2153,.F.);
#2153 = EDGE_CURVE('',#2154,#2146,#2156,.T.);
#2154 = VERTEX_POINT('',#2155);
#2155 = CARTESIAN_POINT('',(0.3,-0.15,0.207));
#2156 = CIRCLE('',#2157,2.3E-02);
#2157 = AXIS2_PLACEMENT_3D('',#2158,#2159,#2160);
#2158 = CARTESIAN_POINT('',(0.277,-0.15,0.207));
#2159 = DIRECTION('',(0.,-1.,0.));
#2160 = DIRECTION('',(0.,0.,1.));
#2161 = ORIENTED_EDGE('',*,*,#2162,.F.);
#2162 = EDGE_CURVE('',#2163,#2154,#2165,.T.);
#2163 = VERTEX_POINT('',#2164);
#2164 = CARTESIAN_POINT('',(0.3,-0.15,2.3E-02));
#2165 = LINE('',#2166,#2167);
#2166 = CARTESIAN_POINT('',(0.3,-0.15,0.));
#2167 = VECTOR('',#2168,1.);
#2168 = DIRECTION('',(0.,0.,1.));
#2169 = ORIENTED_EDGE('',*,*,#2170,.T.);
#2170 = EDGE_CURVE('',#2163,#2119,#2171,.T.);
#2171 = CIRCLE('',#2172,2.3E-02);
#2172 = AXIS2_PLACEMENT_3D('',#2173,#2174,#2175);
#2173 = CARTESIAN_POINT('',(0.277,-0.15,2.3E-02));
#2174 = DIRECTION('',(0.,1.,0.));
#2175 = DIRECTION('',(0.,-0.,1.));
#2176 = PLANE('',#2177);
#2177 = AXIS2_PLACEMENT_3D('',#2178,#2179,#2180);
#2178 = CARTESIAN_POINT('',(0.2,-0.15,0.));
#2179 = DIRECTION('',(0.,1.,0.));
#2180 = DIRECTION('',(0.,-0.,1.));
#2181 = ADVANCED_FACE('',(#2182),#2207,.F.);
#2182 = FACE_BOUND('',#2183,.F.);
#2183 = EDGE_LOOP('',(#2184,#2185,#2193,#2201));
#2184 = ORIENTED_EDGE('',*,*,#1970,.F.);
#2185 = ORIENTED_EDGE('',*,*,#2186,.T.);
#2186 = EDGE_CURVE('',#1769,#2187,#2189,.T.);
#2187 = VERTEX_POINT('',#2188);
#2188 = CARTESIAN_POINT('',(-0.2,-0.15,0.23));
#2189 = LINE('',#2190,#2191);
#2190 = CARTESIAN_POINT('',(-0.2,-0.15,0.207));
#2191 = VECTOR('',#2192,1.);
#2192 = DIRECTION('',(0.,0.,1.));
#2193 = ORIENTED_EDGE('',*,*,#2194,.T.);
#2194 = EDGE_CURVE('',#2187,#2195,#2197,.T.);
#2195 = VERTEX_POINT('',#2196);
#2196 = CARTESIAN_POINT('',(0.2,-0.15,0.23));
#2197 = LINE('',#2198,#2199);
#2198 = CARTESIAN_POINT('',(-0.2,-0.15,0.23));
#2199 = VECTOR('',#2200,1.);
#2200 = DIRECTION('',(1.,0.,0.));
#2201 = ORIENTED_EDGE('',*,*,#2202,.F.);
#2202 = EDGE_CURVE('',#1971,#2195,#2203,.T.);
#2203 = LINE('',#2204,#2205);
#2204 = CARTESIAN_POINT('',(0.2,-0.15,0.207));
#2205 = VECTOR('',#2206,1.);
#2206 = DIRECTION('',(0.,0.,1.));
#2207 = PLANE('',#2208);
#2208 = AXIS2_PLACEMENT_3D('',#2209,#2210,#2211);
#2209 = CARTESIAN_POINT('',(-0.2,-0.15,0.207));
#2210 = DIRECTION('',(0.,1.,0.));
#2211 = DIRECTION('',(0.,-0.,1.));
#2212 = ADVANCED_FACE('',(#2213),#2231,.F.);
#2213 = FACE_BOUND('',#2214,.F.);
#2214 = EDGE_LOOP('',(#2215,#2216,#2217,#2225));
#2215 = ORIENTED_EDGE('',*,*,#2186,.F.);
#2216 = ORIENTED_EDGE('',*,*,#2033,.T.);
#2217 = ORIENTED_EDGE('',*,*,#2218,.T.);
#2218 = EDGE_CURVE('',#1886,#2219,#2221,.T.);
#2219 = VERTEX_POINT('',#2220);
#2220 = CARTESIAN_POINT('',(-0.2,0.15,0.23));
#2221 = LINE('',#2222,#2223);
#2222 = CARTESIAN_POINT('',(-0.2,0.15,0.207));
#2223 = VECTOR('',#2224,1.);
#2224 = DIRECTION('',(0.,0.,1.));
#2225 = ORIENTED_EDGE('',*,*,#2226,.F.);
#2226 = EDGE_CURVE('',#2187,#2219,#2227,.T.);
#2227 = LINE('',#2228,#2229);
#2228 = CARTESIAN_POINT('',(-0.2,-0.15,0.23));
#2229 = VECTOR('',#2230,1.);
#2230 = DIRECTION('',(0.,1.,0.));
#2231 = PLANE('',#2232);
#2232 = AXIS2_PLACEMENT_3D('',#2233,#2234,#2235);
#2233 = CARTESIAN_POINT('',(-0.2,-0.15,0.207));
#2234 = DIRECTION('',(1.,0.,0.));
#2235 = DIRECTION('',(0.,0.,1.));
#2236 = ADVANCED_FACE('',(#2237),#2300,.T.);
#2237 = FACE_BOUND('',#2238,.T.);
#2238 = EDGE_LOOP('',(#2239,#2249,#2256,#2257,#2258,#2259,#2268,#2276,
    #2285,#2293));
#2239 = ORIENTED_EDGE('',*,*,#2240,.F.);
#2240 = EDGE_CURVE('',#2241,#2243,#2245,.T.);
#2241 = VERTEX_POINT('',#2242);
#2242 = CARTESIAN_POINT('',(0.223,0.15,-1.387778780781E-17));
#2243 = VERTEX_POINT('',#2244);
#2244 = CARTESIAN_POINT('',(0.277,0.15,-1.387778780781E-17));
#2245 = LINE('',#2246,#2247);
#2246 = CARTESIAN_POINT('',(0.2,0.15,0.));
#2247 = VECTOR('',#2248,1.);
#2248 = DIRECTION('',(1.,0.,0.));
#2249 = ORIENTED_EDGE('',*,*,#2250,.F.);
#2250 = EDGE_CURVE('',#2078,#2241,#2251,.T.);
#2251 = CIRCLE('',#2252,2.3E-02);
#2252 = AXIS2_PLACEMENT_3D('',#2253,#2254,#2255);
#2253 = CARTESIAN_POINT('',(0.223,0.15,2.3E-02));
#2254 = DIRECTION('',(0.,-1.,0.));
#2255 = DIRECTION('',(0.,0.,1.));
#2256 = ORIENTED_EDGE('',*,*,#2077,.T.);
#2257 = ORIENTED_EDGE('',*,*,#2069,.T.);
#2258 = ORIENTED_EDGE('',*,*,#2061,.F.);
#2259 = ORIENTED_EDGE('',*,*,#2260,.T.);
#2260 = EDGE_CURVE('',#2054,#2261,#2263,.T.);
#2261 = VERTEX_POINT('',#2262);
#2262 = CARTESIAN_POINT('',(0.223,0.15,0.23));
#2263 = CIRCLE('',#2264,2.3E-02);
#2264 = AXIS2_PLACEMENT_3D('',#2265,#2266,#2267);
#2265 = CARTESIAN_POINT('',(0.223,0.15,0.207));
#2266 = DIRECTION('',(0.,1.,0.));
#2267 = DIRECTION('',(0.,-0.,1.));
#2268 = ORIENTED_EDGE('',*,*,#2269,.T.);
#2269 = EDGE_CURVE('',#2261,#2270,#2272,.T.);
#2270 = VERTEX_POINT('',#2271);
#2271 = CARTESIAN_POINT('',(0.277,0.15,0.23));
#2272 = LINE('',#2273,#2274);
#2273 = CARTESIAN_POINT('',(0.2,0.15,0.23));
#2274 = VECTOR('',#2275,1.);
#2275 = DIRECTION('',(1.,0.,0.));
#2276 = ORIENTED_EDGE('',*,*,#2277,.F.);
#2277 = EDGE_CURVE('',#2278,#2270,#2280,.T.);
#2278 = VERTEX_POINT('',#2279);
#2279 = CARTESIAN_POINT('',(0.3,0.15,0.207));
#2280 = CIRCLE('',#2281,2.3E-02);
#2281 = AXIS2_PLACEMENT_3D('',#2282,#2283,#2284);
#2282 = CARTESIAN_POINT('',(0.277,0.15,0.207));
#2283 = DIRECTION('',(0.,-1.,0.));
#2284 = DIRECTION('',(0.,0.,1.));
#2285 = ORIENTED_EDGE('',*,*,#2286,.F.);
#2286 = EDGE_CURVE('',#2287,#2278,#2289,.T.);
#2287 = VERTEX_POINT('',#2288);
#2288 = CARTESIAN_POINT('',(0.3,0.15,2.3E-02));
#2289 = LINE('',#2290,#2291);
#2290 = CARTESIAN_POINT('',(0.3,0.15,0.));
#2291 = VECTOR('',#2292,1.);
#2292 = DIRECTION('',(0.,0.,1.));
#2293 = ORIENTED_EDGE('',*,*,#2294,.T.);
#2294 = EDGE_CURVE('',#2287,#2243,#2295,.T.);
#2295 = CIRCLE('',#2296,2.3E-02);
#2296 = AXIS2_PLACEMENT_3D('',#2297,#2298,#2299);
#2297 = CARTESIAN_POINT('',(0.277,0.15,2.3E-02));
#2298 = DIRECTION('',(0.,1.,0.));
#2299 = DIRECTION('',(0.,-0.,1.));
#2300 = PLANE('',#2301);
#2301 = AXIS2_PLACEMENT_3D('',#2302,#2303,#2304);
#2302 = CARTESIAN_POINT('',(0.2,0.15,0.));
#2303 = DIRECTION('',(0.,1.,0.));
#2304 = DIRECTION('',(0.,-0.,1.));
#2305 = ADVANCED_FACE('',(#2306),#2324,.T.);
#2306 = FACE_BOUND('',#2307,.T.);
#2307 = EDGE_LOOP('',(#2308,#2309,#2310,#2318));
#2308 = ORIENTED_EDGE('',*,*,#2053,.F.);
#2309 = ORIENTED_EDGE('',*,*,#2218,.T.);
#2310 = ORIENTED_EDGE('',*,*,#2311,.T.);
#2311 = EDGE_CURVE('',#2219,#2312,#2314,.T.);
#2312 = VERTEX_POINT('',#2313);
#2313 = CARTESIAN_POINT('',(0.2,0.15,0.23));
#2314 = LINE('',#2315,#2316);
#2315 = CARTESIAN_POINT('',(-0.2,0.15,0.23));
#2316 = VECTOR('',#2317,1.);
#2317 = DIRECTION('',(1.,0.,0.));
#2318 = ORIENTED_EDGE('',*,*,#2319,.F.);
#2319 = EDGE_CURVE('',#2054,#2312,#2320,.T.);
#2320 = LINE('',#2321,#2322);
#2321 = CARTESIAN_POINT('',(0.2,0.15,0.207));
#2322 = VECTOR('',#2323,1.);
#2323 = DIRECTION('',(0.,0.,1.));
#2324 = PLANE('',#2325);
#2325 = AXIS2_PLACEMENT_3D('',#2326,#2327,#2328);
#2326 = CARTESIAN_POINT('',(-0.2,0.15,0.207));
#2327 = DIRECTION('',(0.,1.,0.));
#2328 = DIRECTION('',(0.,-0.,1.));
#2329 = ADVANCED_FACE('',(#2330),#2341,.T.);
#2330 = FACE_BOUND('',#2331,.T.);
#2331 = EDGE_LOOP('',(#2332,#2333,#2334,#2340));
#2332 = ORIENTED_EDGE('',*,*,#2101,.T.);
#2333 = ORIENTED_EDGE('',*,*,#2250,.T.);
#2334 = ORIENTED_EDGE('',*,*,#2335,.F.);
#2335 = EDGE_CURVE('',#2117,#2241,#2336,.T.);
#2336 = LINE('',#2337,#2338);
#2337 = CARTESIAN_POINT('',(0.223,-0.15,-1.387778780781E-17));
#2338 = VECTOR('',#2339,1.);
#2339 = DIRECTION('',(0.,1.,0.));
#2340 = ORIENTED_EDGE('',*,*,#2126,.F.);
#2341 = CYLINDRICAL_SURFACE('',#2342,2.3E-02);
#2342 = AXIS2_PLACEMENT_3D('',#2343,#2344,#2345);
#2343 = CARTESIAN_POINT('',(0.223,-0.15,2.3E-02));
#2344 = DIRECTION('',(0.,1.,0.));
#2345 = DIRECTION('',(-1.,0.,0.));
#2346 = ADVANCED_FACE('',(#2347),#2358,.F.);
#2347 = FACE_BOUND('',#2348,.F.);
#2348 = EDGE_LOOP('',(#2349,#2350,#2351,#2352));
#2349 = ORIENTED_EDGE('',*,*,#2240,.F.);
#2350 = ORIENTED_EDGE('',*,*,#2335,.F.);
#2351 = ORIENTED_EDGE('',*,*,#2116,.T.);
#2352 = ORIENTED_EDGE('',*,*,#2353,.T.);
#2353 = EDGE_CURVE('',#2119,#2243,#2354,.T.);
#2354 = LINE('',#2355,#2356);
#2355 = CARTESIAN_POINT('',(0.277,-0.15,-1.387778780781E-17));
#2356 = VECTOR('',#2357,1.);
#2357 = DIRECTION('',(0.,1.,0.));
#2358 = PLANE('',#2359);
#2359 = AXIS2_PLACEMENT_3D('',#2360,#2361,#2362);
#2360 = CARTESIAN_POINT('',(0.2,-0.15,0.));
#2361 = DIRECTION('',(0.,0.,1.));
#2362 = DIRECTION('',(1.,0.,-0.));
#2363 = ADVANCED_FACE('',(#2364),#2375,.T.);
#2364 = FACE_BOUND('',#2365,.T.);
#2365 = EDGE_LOOP('',(#2366,#2367,#2368,#2369));
#2366 = ORIENTED_EDGE('',*,*,#2170,.T.);
#2367 = ORIENTED_EDGE('',*,*,#2353,.T.);
#2368 = ORIENTED_EDGE('',*,*,#2294,.F.);
#2369 = ORIENTED_EDGE('',*,*,#2370,.F.);
#2370 = EDGE_CURVE('',#2163,#2287,#2371,.T.);
#2371 = LINE('',#2372,#2373);
#2372 = CARTESIAN_POINT('',(0.3,-0.15,2.3E-02));
#2373 = VECTOR('',#2374,1.);
#2374 = DIRECTION('',(0.,1.,0.));
#2375 = CYLINDRICAL_SURFACE('',#2376,2.3E-02);
#2376 = AXIS2_PLACEMENT_3D('',#2377,#2378,#2379);
#2377 = CARTESIAN_POINT('',(0.277,-0.15,2.3E-02));
#2378 = DIRECTION('',(0.,1.,0.));
#2379 = DIRECTION('',(1.,0.,0.));
#2380 = ADVANCED_FACE('',(#2381),#2392,.T.);
#2381 = FACE_BOUND('',#2382,.T.);
#2382 = EDGE_LOOP('',(#2383,#2384,#2385,#2386));
#2383 = ORIENTED_EDGE('',*,*,#2162,.F.);
#2384 = ORIENTED_EDGE('',*,*,#2370,.T.);
#2385 = ORIENTED_EDGE('',*,*,#2286,.T.);
#2386 = ORIENTED_EDGE('',*,*,#2387,.F.);
#2387 = EDGE_CURVE('',#2154,#2278,#2388,.T.);
#2388 = LINE('',#2389,#2390);
#2389 = CARTESIAN_POINT('',(0.3,-0.15,0.207));
#2390 = VECTOR('',#2391,1.);
#2391 = DIRECTION('',(0.,1.,0.));
#2392 = PLANE('',#2393);
#2393 = AXIS2_PLACEMENT_3D('',#2394,#2395,#2396);
#2394 = CARTESIAN_POINT('',(0.3,-0.15,0.));
#2395 = DIRECTION('',(1.,0.,0.));
#2396 = DIRECTION('',(0.,0.,1.));
#2397 = ADVANCED_FACE('',(#2398),#2409,.T.);
#2398 = FACE_BOUND('',#2399,.T.);
#2399 = EDGE_LOOP('',(#2400,#2401,#2402,#2408));
#2400 = ORIENTED_EDGE('',*,*,#2387,.T.);
#2401 = ORIENTED_EDGE('',*,*,#2277,.T.);
#2402 = ORIENTED_EDGE('',*,*,#2403,.F.);
#2403 = EDGE_CURVE('',#2146,#2270,#2404,.T.);
#2404 = LINE('',#2405,#2406);
#2405 = CARTESIAN_POINT('',(0.277,-0.15,0.23));
#2406 = VECTOR('',#2407,1.);
#2407 = DIRECTION('',(0.,1.,0.));
#2408 = ORIENTED_EDGE('',*,*,#2153,.F.);
#2409 = CYLINDRICAL_SURFACE('',#2410,2.3E-02);
#2410 = AXIS2_PLACEMENT_3D('',#2411,#2412,#2413);
#2411 = CARTESIAN_POINT('',(0.277,-0.15,0.207));
#2412 = DIRECTION('',(0.,1.,0.));
#2413 = DIRECTION('',(1.,0.,0.));
#2414 = ADVANCED_FACE('',(#2415),#2426,.T.);
#2415 = FACE_BOUND('',#2416,.T.);
#2416 = EDGE_LOOP('',(#2417,#2418,#2424,#2425));
#2417 = ORIENTED_EDGE('',*,*,#2269,.F.);
#2418 = ORIENTED_EDGE('',*,*,#2419,.F.);
#2419 = EDGE_CURVE('',#2137,#2261,#2420,.T.);
#2420 = LINE('',#2421,#2422);
#2421 = CARTESIAN_POINT('',(0.223,-0.15,0.23));
#2422 = VECTOR('',#2423,1.);
#2423 = DIRECTION('',(0.,1.,0.));
#2424 = ORIENTED_EDGE('',*,*,#2145,.T.);
#2425 = ORIENTED_EDGE('',*,*,#2403,.T.);
#2426 = PLANE('',#2427);
#2427 = AXIS2_PLACEMENT_3D('',#2428,#2429,#2430);
#2428 = CARTESIAN_POINT('',(0.2,-0.15,0.23));
#2429 = DIRECTION('',(0.,0.,1.));
#2430 = DIRECTION('',(1.,0.,-0.));
#2431 = ADVANCED_FACE('',(#2432),#2443,.T.);
#2432 = FACE_BOUND('',#2433,.T.);
#2433 = EDGE_LOOP('',(#2434,#2435,#2436,#2437));
#2434 = ORIENTED_EDGE('',*,*,#2136,.T.);
#2435 = ORIENTED_EDGE('',*,*,#2419,.T.);
#2436 = ORIENTED_EDGE('',*,*,#2260,.F.);
#2437 = ORIENTED_EDGE('',*,*,#2438,.F.);
#2438 = EDGE_CURVE('',#1971,#2054,#2439,.T.);
#2439 = LINE('',#2440,#2441);
#2440 = CARTESIAN_POINT('',(0.2,-0.15,0.207));
#2441 = VECTOR('',#2442,1.);
#2442 = DIRECTION('',(0.,1.,0.));
#2443 = CYLINDRICAL_SURFACE('',#2444,2.3E-02);
#2444 = AXIS2_PLACEMENT_3D('',#2445,#2446,#2447);
#2445 = CARTESIAN_POINT('',(0.223,-0.15,0.207));
#2446 = DIRECTION('',(0.,1.,0.));
#2447 = DIRECTION('',(-1.,0.,0.));
#2448 = ADVANCED_FACE('',(#2449),#2460,.T.);
#2449 = FACE_BOUND('',#2450,.T.);
#2450 = EDGE_LOOP('',(#2451,#2452,#2453,#2454));
#2451 = ORIENTED_EDGE('',*,*,#2202,.F.);
#2452 = ORIENTED_EDGE('',*,*,#2438,.T.);
#2453 = ORIENTED_EDGE('',*,*,#2319,.T.);
#2454 = ORIENTED_EDGE('',*,*,#2455,.F.);
#2455 = EDGE_CURVE('',#2195,#2312,#2456,.T.);
#2456 = LINE('',#2457,#2458);
#2457 = CARTESIAN_POINT('',(0.2,-0.15,0.23));
#2458 = VECTOR('',#2459,1.);
#2459 = DIRECTION('',(0.,1.,0.));
#2460 = PLANE('',#2461);
#2461 = AXIS2_PLACEMENT_3D('',#2462,#2463,#2464);
#2462 = CARTESIAN_POINT('',(0.2,-0.15,0.207));
#2463 = DIRECTION('',(1.,0.,0.));
#2464 = DIRECTION('',(0.,0.,1.));
#2465 = ADVANCED_FACE('',(#2466),#2472,.T.);
#2466 = FACE_BOUND('',#2467,.T.);
#2467 = EDGE_LOOP('',(#2468,#2469,#2470,#2471));
#2468 = ORIENTED_EDGE('',*,*,#2226,.F.);
#2469 = ORIENTED_EDGE('',*,*,#2194,.T.);
#2470 = ORIENTED_EDGE('',*,*,#2455,.T.);
#2471 = ORIENTED_EDGE('',*,*,#2311,.F.);
#2472 = PLANE('',#2473);
#2473 = AXIS2_PLACEMENT_3D('',#2474,#2475,#2476);
#2474 = CARTESIAN_POINT('',(-0.2,-0.15,0.23));
#2475 = DIRECTION('',(0.,0.,1.));
#2476 = DIRECTION('',(1.,0.,-0.));
#2477 = ( GEOMETRIC_REPRESENTATION_CONTEXT(3) 
GLOBAL_UNCERTAINTY_ASSIGNED_CONTEXT((#2481)) 
GLOBAL_UNIT_ASSIGNED_CONTEXT((#2478,#2479,#2480)) REPRESENTATION_CONTEXT
('Context #1','3D Context with UNIT and UNCERTAINTY') );
#2478 = ( LENGTH_UNIT() NAMED_UNIT(*) SI_UNIT(.MILLI.,.METRE.) );
#2479 = ( NAMED_UNIT(*) PLANE_ANGLE_UNIT() SI_UNIT($,.RADIAN.) );
#2480 = ( NAMED_UNIT(*) SI_UNIT($,.STERADIAN.) SOLID_ANGLE_UNIT() );
#2481 = UNCERTAINTY_MEASURE_WITH_UNIT(LENGTH_MEASURE(1.E-07),#2478,
  'distance_accuracy_value','confusion accuracy');
#2482 = CONTEXT_DEPENDENT_SHAPE_REPRESENTATION(#2483,#2485);
#2483 = ( REPRESENTATION_RELATIONSHIP('','',#1686,#10) 
REPRESENTATION_RELATIONSHIP_WITH_TRANSFORMATION(#2484) 
SHAPE_REPRESENTATION_RELATIONSHIP() );
#2484 = ITEM_DEFINED_TRANSFORMATION('','',#11,#43);
#2485 = PRODUCT_DEFINITION_SHAPE('Placement','Placement of an item',
  #2486);
#2486 = NEXT_ASSEMBLY_USAGE_OCCURRENCE('10','Z2','',#5,#1681,$);
#2487 = PRODUCT_RELATED_PRODUCT_CATEGORY('part',$,(#1683));
#2488 = CONTEXT_DEPENDENT_SHAPE_REPRESENTATION(#2489,#2491);
#2489 = ( REPRESENTATION_RELATIONSHIP('','',#1686,#10) 
REPRESENTATION_RELATIONSHIP_WITH_TRANSFORMATION(#2490) 
SHAPE_REPRESENTATION_RELATIONSHIP() );
#2490 = ITEM_DEFINED_TRANSFORMATION('','',#11,#47);
#2491 = PRODUCT_DEFINITION_SHAPE('Placement','Placement of an item',
  #2492);
#2492 = NEXT_ASSEMBLY_USAGE_OCCURRENCE('11','Z1','',#5,#1681,$);
#2493 = SHAPE_DEFINITION_REPRESENTATION(#2494,#2500);
#2494 = PRODUCT_DEFINITION_SHAPE('','',#2495);
#2495 = PRODUCT_DEFINITION('design','',#2496,#2499);
#2496 = PRODUCT_DEFINITION_FORMATION('','',#2497);
#2497 = PRODUCT('SR4W035','SR4W035','',(#2498));
#2498 = PRODUCT_CONTEXT('',#2,'mechanical');
#2499 = PRODUCT_DEFINITION_CONTEXT('part definition',#2,'design');
#2500 = SHAPE_REPRESENTATION('',(#11,#2501),#2505);
#2501 = AXIS2_PLACEMENT_3D('',#2502,#2503,#2504);
#2502 = CARTESIAN_POINT('',(0.,0.,-0.3914394));
#2503 = DIRECTION('',(0.,0.,1.));
#2504 = DIRECTION('',(1.,0.,0.));
#2505 = ( GEOMETRIC_REPRESENTATION_CONTEXT(3) 
GLOBAL_UNCERTAINTY_ASSIGNED_CONTEXT((#2509)) 
GLOBAL_UNIT_ASSIGNED_CONTEXT((#2506,#2507,#2508)) REPRESENTATION_CONTEXT
('Context #1','3D Context with UNIT and UNCERTAINTY') );
#2506 = ( LENGTH_UNIT() NAMED_UNIT(*) SI_UNIT(.MILLI.,.METRE.) );
#2507 = ( NAMED_UNIT(*) PLANE_ANGLE_UNIT() SI_UNIT($,.RADIAN.) );
#2508 = ( NAMED_UNIT(*) SI_UNIT($,.STERADIAN.) SOLID_ANGLE_UNIT() );
#2509 = UNCERTAINTY_MEASURE_WITH_UNIT(LENGTH_MEASURE(1.E-07),#2506,
  'distance_accuracy_value','confusion accuracy');
#2510 = CONTEXT_DEPENDENT_SHAPE_REPRESENTATION(#2511,#2513);
#2511 = ( REPRESENTATION_RELATIONSHIP('','',#2500,#10) 
REPRESENTATION_RELATIONSHIP_WITH_TRANSFORMATION(#2512) 
SHAPE_REPRESENTATION_RELATIONSHIP() );
#2512 = ITEM_DEFINED_TRANSFORMATION('','',#11,#51);
#2513 = PRODUCT_DEFINITION_SHAPE('Placement','Placement of an item',
  #2514);
#2514 = NEXT_ASSEMBLY_USAGE_OCCURRENCE('13','A1','',#5,#2495,$);
#2515 = PRODUCT_RELATED_PRODUCT_CATEGORY('part',$,(#2497));
#2516 = SHAPE_DEFINITION_REPRESENTATION(#2517,#2523);
#2517 = PRODUCT_DEFINITION_SHAPE('','',#2518);
#2518 = PRODUCT_DEFINITION('design','',#2519,#2522);
#2519 = PRODUCT_DEFINITION_FORMATION('','',#2520);
#2520 = PRODUCT('Board','Board','',(#2521));
#2521 = PRODUCT_CONTEXT('',#2,'mechanical');
#2522 = PRODUCT_DEFINITION_CONTEXT('part definition',#2,'design');
#2523 = ADVANCED_BREP_SHAPE_REPRESENTATION('',(#11,#2524),#2713);
#2524 = MANIFOLD_SOLID_BREP('',#2525);
#2525 = CLOSED_SHELL('',(#2526,#2566,#2597,#2628,#2650,#2683,#2698));
#2526 = ADVANCED_FACE('',(#2527),#2561,.T.);
#2527 = FACE_BOUND('',#2528,.T.);
#2528 = EDGE_LOOP('',(#2529,#2539,#2547,#2555));
#2529 = ORIENTED_EDGE('',*,*,#2530,.T.);
#2530 = EDGE_CURVE('',#2531,#2533,#2535,.T.);
#2531 = VERTEX_POINT('',#2532);
#2532 = CARTESIAN_POINT('',(0.,0.,0.));
#2533 = VERTEX_POINT('',#2534);
#2534 = CARTESIAN_POINT('',(0.,0.,0.3914394));
#2535 = LINE('',#2536,#2537);
#2536 = CARTESIAN_POINT('',(0.,0.,0.));
#2537 = VECTOR('',#2538,1.);
#2538 = DIRECTION('',(0.,0.,1.));
#2539 = ORIENTED_EDGE('',*,*,#2540,.T.);
#2540 = EDGE_CURVE('',#2533,#2541,#2543,.T.);
#2541 = VERTEX_POINT('',#2542);
#2542 = CARTESIAN_POINT('',(0.,4.00000216,0.3914394));
#2543 = LINE('',#2544,#2545);
#2544 = CARTESIAN_POINT('',(0.,0.,0.3914394));
#2545 = VECTOR('',#2546,1.);
#2546 = DIRECTION('',(0.,1.,0.));
#2547 = ORIENTED_EDGE('',*,*,#2548,.F.);
#2548 = EDGE_CURVE('',#2549,#2541,#2551,.T.);
#2549 = VERTEX_POINT('',#2550);
#2550 = CARTESIAN_POINT('',(0.,4.00000216,0.));
#2551 = LINE('',#2552,#2553);
#2552 = CARTESIAN_POINT('',(0.,4.00000216,0.));
#2553 = VECTOR('',#2554,1.);
#2554 = DIRECTION('',(0.,0.,1.));
#2555 = ORIENTED_EDGE('',*,*,#2556,.F.);
#2556 = EDGE_CURVE('',#2531,#2549,#2557,.T.);
#2557 = LINE('',#2558,#2559);
#2558 = CARTESIAN_POINT('',(0.,0.,0.));
#2559 = VECTOR('',#2560,1.);
#2560 = DIRECTION('',(0.,1.,0.));
#2561 = PLANE('',#2562);
#2562 = AXIS2_PLACEMENT_3D('',#2563,#2564,#2565);
#2563 = CARTESIAN_POINT('',(0.,0.,0.));
#2564 = DIRECTION('',(-1.,0.,0.));
#2565 = DIRECTION('',(0.,1.,0.));
#2566 = ADVANCED_FACE('',(#2567),#2592,.T.);
#2567 = FACE_BOUND('',#2568,.T.);
#2568 = EDGE_LOOP('',(#2569,#2570,#2578,#2586));
#2569 = ORIENTED_EDGE('',*,*,#2548,.T.);
#2570 = ORIENTED_EDGE('',*,*,#2571,.T.);
#2571 = EDGE_CURVE('',#2541,#2572,#2574,.T.);
#2572 = VERTEX_POINT('',#2573);
#2573 = CARTESIAN_POINT('',(6.0000007,4.00000216,0.3914394));
#2574 = LINE('',#2575,#2576);
#2575 = CARTESIAN_POINT('',(0.,4.00000216,0.3914394));
#2576 = VECTOR('',#2577,1.);
#2577 = DIRECTION('',(1.,0.,0.));
#2578 = ORIENTED_EDGE('',*,*,#2579,.F.);
#2579 = EDGE_CURVE('',#2580,#2572,#2582,.T.);
#2580 = VERTEX_POINT('',#2581);
#2581 = CARTESIAN_POINT('',(6.0000007,4.00000216,0.));
#2582 = LINE('',#2583,#2584);
#2583 = CARTESIAN_POINT('',(6.0000007,4.00000216,0.));
#2584 = VECTOR('',#2585,1.);
#2585 = DIRECTION('',(0.,0.,1.));
#2586 = ORIENTED_EDGE('',*,*,#2587,.F.);
#2587 = EDGE_CURVE('',#2549,#2580,#2588,.T.);
#2588 = LINE('',#2589,#2590);
#2589 = CARTESIAN_POINT('',(0.,4.00000216,0.));
#2590 = VECTOR('',#2591,1.);
#2591 = DIRECTION('',(1.,0.,0.));
#2592 = PLANE('',#2593);
#2593 = AXIS2_PLACEMENT_3D('',#2594,#2595,#2596);
#2594 = CARTESIAN_POINT('',(0.,4.00000216,0.));
#2595 = DIRECTION('',(0.,1.,0.));
#2596 = DIRECTION('',(1.,0.,0.));
#2597 = ADVANCED_FACE('',(#2598),#2623,.T.);
#2598 = FACE_BOUND('',#2599,.T.);
#2599 = EDGE_LOOP('',(#2600,#2601,#2609,#2617));
#2600 = ORIENTED_EDGE('',*,*,#2579,.T.);
#2601 = ORIENTED_EDGE('',*,*,#2602,.T.);
#2602 = EDGE_CURVE('',#2572,#2603,#2605,.T.);
#2603 = VERTEX_POINT('',#2604);
#2604 = CARTESIAN_POINT('',(6.0000007,0.,0.3914394));
#2605 = LINE('',#2606,#2607);
#2606 = CARTESIAN_POINT('',(6.0000007,4.00000216,0.3914394));
#2607 = VECTOR('',#2608,1.);
#2608 = DIRECTION('',(0.,-1.,0.));
#2609 = ORIENTED_EDGE('',*,*,#2610,.F.);
#2610 = EDGE_CURVE('',#2611,#2603,#2613,.T.);
#2611 = VERTEX_POINT('',#2612);
#2612 = CARTESIAN_POINT('',(6.0000007,0.,0.));
#2613 = LINE('',#2614,#2615);
#2614 = CARTESIAN_POINT('',(6.0000007,0.,0.));
#2615 = VECTOR('',#2616,1.);
#2616 = DIRECTION('',(0.,0.,1.));
#2617 = ORIENTED_EDGE('',*,*,#2618,.F.);
#2618 = EDGE_CURVE('',#2580,#2611,#2619,.T.);
#2619 = LINE('',#2620,#2621);
#2620 = CARTESIAN_POINT('',(6.0000007,4.00000216,0.));
#2621 = VECTOR('',#2622,1.);
#2622 = DIRECTION('',(0.,-1.,0.));
#2623 = PLANE('',#2624);
#2624 = AXIS2_PLACEMENT_3D('',#2625,#2626,#2627);
#2625 = CARTESIAN_POINT('',(6.0000007,4.00000216,0.));
#2626 = DIRECTION('',(1.,0.,-0.));
#2627 = DIRECTION('',(0.,-1.,0.));
#2628 = ADVANCED_FACE('',(#2629),#2645,.T.);
#2629 = FACE_BOUND('',#2630,.T.);
#2630 = EDGE_LOOP('',(#2631,#2632,#2638,#2639));
#2631 = ORIENTED_EDGE('',*,*,#2610,.T.);
#2632 = ORIENTED_EDGE('',*,*,#2633,.T.);
#2633 = EDGE_CURVE('',#2603,#2533,#2634,.T.);
#2634 = LINE('',#2635,#2636);
#2635 = CARTESIAN_POINT('',(6.0000007,0.,0.3914394));
#2636 = VECTOR('',#2637,1.);
#2637 = DIRECTION('',(-1.,0.,0.));
#2638 = ORIENTED_EDGE('',*,*,#2530,.F.);
#2639 = ORIENTED_EDGE('',*,*,#2640,.F.);
#2640 = EDGE_CURVE('',#2611,#2531,#2641,.T.);
#2641 = LINE('',#2642,#2643);
#2642 = CARTESIAN_POINT('',(6.0000007,0.,0.));
#2643 = VECTOR('',#2644,1.);
#2644 = DIRECTION('',(-1.,0.,0.));
#2645 = PLANE('',#2646);
#2646 = AXIS2_PLACEMENT_3D('',#2647,#2648,#2649);
#2647 = CARTESIAN_POINT('',(6.0000007,0.,0.));
#2648 = DIRECTION('',(0.,-1.,0.));
#2649 = DIRECTION('',(-1.,0.,0.));
#2650 = ADVANCED_FACE('',(#2651),#2678,.F.);
#2651 = FACE_BOUND('',#2652,.F.);
#2652 = EDGE_LOOP('',(#2653,#2662,#2670,#2677));
#2653 = ORIENTED_EDGE('',*,*,#2654,.T.);
#2654 = EDGE_CURVE('',#2655,#2655,#2657,.T.);
#2655 = VERTEX_POINT('',#2656);
#2656 = CARTESIAN_POINT('',(0.7999984,2.00000108,0.));
#2657 = CIRCLE('',#2658,0.2999994);
#2658 = AXIS2_PLACEMENT_3D('',#2659,#2660,#2661);
#2659 = CARTESIAN_POINT('',(0.499999,2.00000108,0.));
#2660 = DIRECTION('',(0.,0.,1.));
#2661 = DIRECTION('',(1.,0.,-0.));
#2662 = ORIENTED_EDGE('',*,*,#2663,.T.);
#2663 = EDGE_CURVE('',#2655,#2664,#2666,.T.);
#2664 = VERTEX_POINT('',#2665);
#2665 = CARTESIAN_POINT('',(0.7999984,2.00000108,0.3914394));
#2666 = LINE('',#2667,#2668);
#2667 = CARTESIAN_POINT('',(0.7999984,2.00000108,0.));
#2668 = VECTOR('',#2669,1.);
#2669 = DIRECTION('',(0.,0.,1.));
#2670 = ORIENTED_EDGE('',*,*,#2671,.F.);
#2671 = EDGE_CURVE('',#2664,#2664,#2672,.T.);
#2672 = CIRCLE('',#2673,0.2999994);
#2673 = AXIS2_PLACEMENT_3D('',#2674,#2675,#2676);
#2674 = CARTESIAN_POINT('',(0.499999,2.00000108,0.3914394));
#2675 = DIRECTION('',(0.,0.,1.));
#2676 = DIRECTION('',(1.,0.,-0.));
#2677 = ORIENTED_EDGE('',*,*,#2663,.F.);
#2678 = CYLINDRICAL_SURFACE('',#2679,0.2999994);
#2679 = AXIS2_PLACEMENT_3D('',#2680,#2681,#2682);
#2680 = CARTESIAN_POINT('',(0.499999,2.00000108,0.));
#2681 = DIRECTION('',(-0.,-0.,-1.));
#2682 = DIRECTION('',(1.,0.,-0.));
#2683 = ADVANCED_FACE('',(#2684,#2690),#2693,.F.);
#2684 = FACE_BOUND('',#2685,.T.);
#2685 = EDGE_LOOP('',(#2686,#2687,#2688,#2689));
#2686 = ORIENTED_EDGE('',*,*,#2556,.T.);
#2687 = ORIENTED_EDGE('',*,*,#2587,.T.);
#2688 = ORIENTED_EDGE('',*,*,#2618,.T.);
#2689 = ORIENTED_EDGE('',*,*,#2640,.T.);
#2690 = FACE_BOUND('',#2691,.F.);
#2691 = EDGE_LOOP('',(#2692));
#2692 = ORIENTED_EDGE('',*,*,#2654,.F.);
#2693 = PLANE('',#2694);
#2694 = AXIS2_PLACEMENT_3D('',#2695,#2696,#2697);
#2695 = CARTESIAN_POINT('',(0.,0.,0.));
#2696 = DIRECTION('',(0.,0.,1.));
#2697 = DIRECTION('',(1.,0.,-0.));
#2698 = ADVANCED_FACE('',(#2699,#2705),#2708,.T.);
#2699 = FACE_BOUND('',#2700,.F.);
#2700 = EDGE_LOOP('',(#2701,#2702,#2703,#2704));
#2701 = ORIENTED_EDGE('',*,*,#2540,.T.);
#2702 = ORIENTED_EDGE('',*,*,#2571,.T.);
#2703 = ORIENTED_EDGE('',*,*,#2602,.T.);
#2704 = ORIENTED_EDGE('',*,*,#2633,.T.);
#2705 = FACE_BOUND('',#2706,.T.);
#2706 = EDGE_LOOP('',(#2707));
#2707 = ORIENTED_EDGE('',*,*,#2671,.F.);
#2708 = PLANE('',#2709);
#2709 = AXIS2_PLACEMENT_3D('',#2710,#2711,#2712);
#2710 = CARTESIAN_POINT('',(0.,0.,0.3914394));
#2711 = DIRECTION('',(0.,0.,1.));
#2712 = DIRECTION('',(1.,0.,-0.));
#2713 = ( GEOMETRIC_REPRESENTATION_CONTEXT(3) 
GLOBAL_UNCERTAINTY_ASSIGNED_CONTEXT((#2717)) 
GLOBAL_UNIT_ASSIGNED_CONTEXT((#2714,#2715,#2716)) REPRESENTATION_CONTEXT
('Context #1','3D Context with UNIT and UNCERTAINTY') );
#2714 = ( LENGTH_UNIT() NAMED_UNIT(*) SI_UNIT(.MILLI.,.METRE.) );
#2715 = ( NAMED_UNIT(*) PLANE_ANGLE_UNIT() SI_UNIT($,.RADIAN.) );
#2716 = ( NAMED_UNIT(*) SI_UNIT($,.STERADIAN.) SOLID_ANGLE_UNIT() );
#2717 = UNCERTAINTY_MEASURE_WITH_UNIT(LENGTH_MEASURE(1.E-07),#2714,
  'distance_accuracy_value','confusion accuracy');
#2718 = CONTEXT_DEPENDENT_SHAPE_REPRESENTATION(#2719,#2721);
#2719 = ( REPRESENTATION_RELATIONSHIP('','',#2523,#2500) 
REPRESENTATION_RELATIONSHIP_WITH_TRANSFORMATION(#2720) 
SHAPE_REPRESENTATION_RELATIONSHIP() );
#2720 = ITEM_DEFINED_TRANSFORMATION('','',#11,#2501);
#2721 = PRODUCT_DEFINITION_SHAPE('Placement','Placement of an item',
  #2722);
#2722 = NEXT_ASSEMBLY_USAGE_OCCURRENCE('12','1','',#2495,#2518,$);
#2723 = PRODUCT_RELATED_PRODUCT_CATEGORY('part',$,(#2520));
#2724 = SHAPE_DEFINITION_REPRESENTATION(#2725,#2731);
#2725 = PRODUCT_DEFINITION_SHAPE('','',#2726);
#2726 = PRODUCT_DEFINITION('design','',#2727,#2730);
#2727 = PRODUCT_DEFINITION_FORMATION('','',#2728);
#2728 = PRODUCT('NRF52811-CAAA','NRF52811-CAAA','',(#2729));
#2729 = PRODUCT_CONTEXT('',#2,'mechanical');
#2730 = PRODUCT_DEFINITION_CONTEXT('part definition',#2,'design');
#2731 = ADVANCED_BREP_SHAPE_REPRESENTATION('',(#11,#2732),#3718);
#2732 = MANIFOLD_SOLID_BREP('',#2733);
#2733 = CLOSED_SHELL('',(#2734,#2785,#2816,#2840,#2864,#2881,#2902,#2923
    ,#2944,#2965,#2986,#3007,#3028,#3049,#3070,#3091,#3112,#3133,#3154,
    #3175,#3196,#3217,#3238,#3259,#3280,#3301,#3322,#3343,#3364,#3385,
    #3406,#3427,#3448,#3469,#3490,#3511,#3532,#3553,#3672,#3685,#3709));
#2734 = ADVANCED_FACE('',(#2735,#2746),#2780,.T.);
#2735 = FACE_BOUND('',#2736,.T.);
#2736 = EDGE_LOOP('',(#2737));
#2737 = ORIENTED_EDGE('',*,*,#2738,.T.);
#2738 = EDGE_CURVE('',#2739,#2739,#2741,.T.);
#2739 = VERTEX_POINT('',#2740);
#2740 = CARTESIAN_POINT('',(0.781749884258,-0.94279916893,0.327));
#2741 = CIRCLE('',#2742,0.127266243958);
#2742 = AXIS2_PLACEMENT_3D('',#2743,#2744,#2745);
#2743 = CARTESIAN_POINT('',(0.909016128215,-0.94279916893,0.327));
#2744 = DIRECTION('',(0.,0.,-1.));
#2745 = DIRECTION('',(-1.,0.,0.));
#2746 = FACE_BOUND('',#2747,.T.);
#2747 = EDGE_LOOP('',(#2748,#2758,#2766,#2774));
#2748 = ORIENTED_EDGE('',*,*,#2749,.T.);
#2749 = EDGE_CURVE('',#2750,#2752,#2754,.T.);
#2750 = VERTEX_POINT('',#2751);
#2751 = CARTESIAN_POINT('',(-1.241,-1.232,0.327));
#2752 = VERTEX_POINT('',#2753);
#2753 = CARTESIAN_POINT('',(1.241,-1.232,0.327));
#2754 = LINE('',#2755,#2756);
#2755 = CARTESIAN_POINT('',(-1.241,-1.232,0.327));
#2756 = VECTOR('',#2757,1.);
#2757 = DIRECTION('',(1.,0.,0.));
#2758 = ORIENTED_EDGE('',*,*,#2759,.T.);
#2759 = EDGE_CURVE('',#2752,#2760,#2762,.T.);
#2760 = VERTEX_POINT('',#2761);
#2761 = CARTESIAN_POINT('',(1.241,1.232,0.327));
#2762 = LINE('',#2763,#2764);
#2763 = CARTESIAN_POINT('',(1.241,-1.232,0.327));
#2764 = VECTOR('',#2765,1.);
#2765 = DIRECTION('',(0.,1.,0.));
#2766 = ORIENTED_EDGE('',*,*,#2767,.T.);
#2767 = EDGE_CURVE('',#2760,#2768,#2770,.T.);
#2768 = VERTEX_POINT('',#2769);
#2769 = CARTESIAN_POINT('',(-1.241,1.232,0.327));
#2770 = LINE('',#2771,#2772);
#2771 = CARTESIAN_POINT('',(1.241,1.232,0.327));
#2772 = VECTOR('',#2773,1.);
#2773 = DIRECTION('',(-1.,0.,0.));
#2774 = ORIENTED_EDGE('',*,*,#2775,.T.);
#2775 = EDGE_CURVE('',#2768,#2750,#2776,.T.);
#2776 = LINE('',#2777,#2778);
#2777 = CARTESIAN_POINT('',(-1.241,1.232,0.327));
#2778 = VECTOR('',#2779,1.);
#2779 = DIRECTION('',(0.,-1.,0.));
#2780 = PLANE('',#2781);
#2781 = AXIS2_PLACEMENT_3D('',#2782,#2783,#2784);
#2782 = CARTESIAN_POINT('',(0.,0.,0.327));
#2783 = DIRECTION('',(0.,0.,1.));
#2784 = DIRECTION('',(1.,0.,-0.));
#2785 = ADVANCED_FACE('',(#2786),#2811,.F.);
#2786 = FACE_BOUND('',#2787,.T.);
#2787 = EDGE_LOOP('',(#2788,#2798,#2804,#2805));
#2788 = ORIENTED_EDGE('',*,*,#2789,.T.);
#2789 = EDGE_CURVE('',#2790,#2792,#2794,.T.);
#2790 = VERTEX_POINT('',#2791);
#2791 = CARTESIAN_POINT('',(1.241,-1.232,0.));
#2792 = VERTEX_POINT('',#2793);
#2793 = CARTESIAN_POINT('',(1.241,1.232,0.));
#2794 = LINE('',#2795,#2796);
#2795 = CARTESIAN_POINT('',(1.241,-1.232,0.));
#2796 = VECTOR('',#2797,1.);
#2797 = DIRECTION('',(0.,1.,0.));
#2798 = ORIENTED_EDGE('',*,*,#2799,.F.);
#2799 = EDGE_CURVE('',#2760,#2792,#2800,.T.);
#2800 = LINE('',#2801,#2802);
#2801 = CARTESIAN_POINT('',(1.241,1.232,0.327));
#2802 = VECTOR('',#2803,1.);
#2803 = DIRECTION('',(0.,0.,-1.));
#2804 = ORIENTED_EDGE('',*,*,#2759,.F.);
#2805 = ORIENTED_EDGE('',*,*,#2806,.T.);
#2806 = EDGE_CURVE('',#2752,#2790,#2807,.T.);
#2807 = LINE('',#2808,#2809);
#2808 = CARTESIAN_POINT('',(1.241,-1.232,0.327));
#2809 = VECTOR('',#2810,1.);
#2810 = DIRECTION('',(0.,0.,-1.));
#2811 = PLANE('',#2812);
#2812 = AXIS2_PLACEMENT_3D('',#2813,#2814,#2815);
#2813 = CARTESIAN_POINT('',(1.241,-1.232,0.327));
#2814 = DIRECTION('',(-1.,0.,0.));
#2815 = DIRECTION('',(0.,0.,1.));
#2816 = ADVANCED_FACE('',(#2817),#2835,.F.);
#2817 = FACE_BOUND('',#2818,.T.);
#2818 = EDGE_LOOP('',(#2819,#2827,#2833,#2834));
#2819 = ORIENTED_EDGE('',*,*,#2820,.T.);
#2820 = EDGE_CURVE('',#2792,#2821,#2823,.T.);
#2821 = VERTEX_POINT('',#2822);
#2822 = CARTESIAN_POINT('',(-1.241,1.232,0.));
#2823 = LINE('',#2824,#2825);
#2824 = CARTESIAN_POINT('',(1.241,1.232,0.));
#2825 = VECTOR('',#2826,1.);
#2826 = DIRECTION('',(-1.,0.,0.));
#2827 = ORIENTED_EDGE('',*,*,#2828,.F.);
#2828 = EDGE_CURVE('',#2768,#2821,#2829,.T.);
#2829 = LINE('',#2830,#2831);
#2830 = CARTESIAN_POINT('',(-1.241,1.232,0.327));
#2831 = VECTOR('',#2832,1.);
#2832 = DIRECTION('',(0.,0.,-1.));
#2833 = ORIENTED_EDGE('',*,*,#2767,.F.);
#2834 = ORIENTED_EDGE('',*,*,#2799,.T.);
#2835 = PLANE('',#2836);
#2836 = AXIS2_PLACEMENT_3D('',#2837,#2838,#2839);
#2837 = CARTESIAN_POINT('',(1.241,1.232,0.327));
#2838 = DIRECTION('',(0.,-1.,0.));
#2839 = DIRECTION('',(0.,0.,-1.));
#2840 = ADVANCED_FACE('',(#2841),#2859,.F.);
#2841 = FACE_BOUND('',#2842,.T.);
#2842 = EDGE_LOOP('',(#2843,#2851,#2857,#2858));
#2843 = ORIENTED_EDGE('',*,*,#2844,.T.);
#2844 = EDGE_CURVE('',#2821,#2845,#2847,.T.);
#2845 = VERTEX_POINT('',#2846);
#2846 = CARTESIAN_POINT('',(-1.241,-1.232,0.));
#2847 = LINE('',#2848,#2849);
#2848 = CARTESIAN_POINT('',(-1.241,1.232,0.));
#2849 = VECTOR('',#2850,1.);
#2850 = DIRECTION('',(0.,-1.,0.));
#2851 = ORIENTED_EDGE('',*,*,#2852,.F.);
#2852 = EDGE_CURVE('',#2750,#2845,#2853,.T.);
#2853 = LINE('',#2854,#2855);
#2854 = CARTESIAN_POINT('',(-1.241,-1.232,0.327));
#2855 = VECTOR('',#2856,1.);
#2856 = DIRECTION('',(0.,0.,-1.));
#2857 = ORIENTED_EDGE('',*,*,#2775,.F.);
#2858 = ORIENTED_EDGE('',*,*,#2828,.T.);
#2859 = PLANE('',#2860);
#2860 = AXIS2_PLACEMENT_3D('',#2861,#2862,#2863);
#2861 = CARTESIAN_POINT('',(-1.241,1.232,0.327));
#2862 = DIRECTION('',(1.,0.,0.));
#2863 = DIRECTION('',(0.,0.,-1.));
#2864 = ADVANCED_FACE('',(#2865),#2876,.F.);
#2865 = FACE_BOUND('',#2866,.T.);
#2866 = EDGE_LOOP('',(#2867,#2873,#2874,#2875));
#2867 = ORIENTED_EDGE('',*,*,#2868,.T.);
#2868 = EDGE_CURVE('',#2845,#2790,#2869,.T.);
#2869 = LINE('',#2870,#2871);
#2870 = CARTESIAN_POINT('',(-1.241,-1.232,0.));
#2871 = VECTOR('',#2872,1.);
#2872 = DIRECTION('',(1.,0.,0.));
#2873 = ORIENTED_EDGE('',*,*,#2806,.F.);
#2874 = ORIENTED_EDGE('',*,*,#2749,.F.);
#2875 = ORIENTED_EDGE('',*,*,#2852,.T.);
#2876 = PLANE('',#2877);
#2877 = AXIS2_PLACEMENT_3D('',#2878,#2879,#2880);
#2878 = CARTESIAN_POINT('',(-1.241,-1.232,0.327));
#2879 = DIRECTION('',(0.,1.,0.));
#2880 = DIRECTION('',(0.,-0.,1.));
#2881 = ADVANCED_FACE('',(#2882,#2893),#2897,.T.);
#2882 = FACE_BOUND('',#2883,.T.);
#2883 = EDGE_LOOP('',(#2884));
#2884 = ORIENTED_EDGE('',*,*,#2885,.F.);
#2885 = EDGE_CURVE('',#2886,#2886,#2888,.T.);
#2886 = VERTEX_POINT('',#2887);
#2887 = CARTESIAN_POINT('',(1.107470926301,-1.,0.));
#2888 = CIRCLE('',#2889,0.107470926301);
#2889 = AXIS2_PLACEMENT_3D('',#2890,#2891,#2892);
#2890 = CARTESIAN_POINT('',(1.,-1.,0.));
#2891 = DIRECTION('',(0.,0.,1.));
#2892 = DIRECTION('',(1.,0.,-0.));
#2893 = FACE_BOUND('',#2894,.T.);
#2894 = VERTEX_LOOP('',#2895);
#2895 = VERTEX_POINT('',#2896);
#2896 = CARTESIAN_POINT('',(0.8865,-1.,-3.65E-02));
#2897 = SPHERICAL_SURFACE('',#2898,0.1135);
#2898 = AXIS2_PLACEMENT_3D('',#2899,#2900,#2901);
#2899 = CARTESIAN_POINT('',(1.,-1.,-3.65E-02));
#2900 = DIRECTION('',(1.,6.071532165919E-17,0.));
#2901 = DIRECTION('',(6.071532165919E-17,-1.,0.));
#2902 = ADVANCED_FACE('',(#2903,#2914),#2918,.T.);
#2903 = FACE_BOUND('',#2904,.T.);
#2904 = EDGE_LOOP('',(#2905));
#2905 = ORIENTED_EDGE('',*,*,#2906,.F.);
#2906 = EDGE_CURVE('',#2907,#2907,#2909,.T.);
#2907 = VERTEX_POINT('',#2908);
#2908 = CARTESIAN_POINT('',(1.107470926301,0.2,0.));
#2909 = CIRCLE('',#2910,0.107470926301);
#2910 = AXIS2_PLACEMENT_3D('',#2911,#2912,#2913);
#2911 = CARTESIAN_POINT('',(1.,0.2,0.));
#2912 = DIRECTION('',(0.,0.,1.));
#2913 = DIRECTION('',(1.,0.,-0.));
#2914 = FACE_BOUND('',#2915,.T.);
#2915 = VERTEX_LOOP('',#2916);
#2916 = VERTEX_POINT('',#2917);
#2917 = CARTESIAN_POINT('',(0.8865,0.2,-3.65E-02));
#2918 = SPHERICAL_SURFACE('',#2919,0.1135);
#2919 = AXIS2_PLACEMENT_3D('',#2920,#2921,#2922);
#2920 = CARTESIAN_POINT('',(1.,0.2,-3.65E-02));
#2921 = DIRECTION('',(1.,6.071532165919E-17,0.));
#2922 = DIRECTION('',(6.071532165919E-17,-1.,0.));
#2923 = ADVANCED_FACE('',(#2924,#2935),#2939,.T.);
#2924 = FACE_BOUND('',#2925,.T.);
#2925 = EDGE_LOOP('',(#2926));
#2926 = ORIENTED_EDGE('',*,*,#2927,.F.);
#2927 = EDGE_CURVE('',#2928,#2928,#2930,.T.);
#2928 = VERTEX_POINT('',#2929);
#2929 = CARTESIAN_POINT('',(1.107470926301,0.6,0.));
#2930 = CIRCLE('',#2931,0.107470926301);
#2931 = AXIS2_PLACEMENT_3D('',#2932,#2933,#2934);
#2932 = CARTESIAN_POINT('',(1.,0.6,0.));
#2933 = DIRECTION('',(0.,0.,1.));
#2934 = DIRECTION('',(1.,0.,-0.));
#2935 = FACE_BOUND('',#2936,.T.);
#2936 = VERTEX_LOOP('',#2937);
#2937 = VERTEX_POINT('',#2938);
#2938 = CARTESIAN_POINT('',(0.8865,0.6,-3.65E-02));
#2939 = SPHERICAL_SURFACE('',#2940,0.1135);
#2940 = AXIS2_PLACEMENT_3D('',#2941,#2942,#2943);
#2941 = CARTESIAN_POINT('',(1.,0.6,-3.65E-02));
#2942 = DIRECTION('',(1.,6.071532165919E-17,0.));
#2943 = DIRECTION('',(6.071532165919E-17,-1.,0.));
#2944 = ADVANCED_FACE('',(#2945,#2956),#2960,.T.);
#2945 = FACE_BOUND('',#2946,.T.);
#2946 = EDGE_LOOP('',(#2947));
#2947 = ORIENTED_EDGE('',*,*,#2948,.F.);
#2948 = EDGE_CURVE('',#2949,#2949,#2951,.T.);
#2949 = VERTEX_POINT('',#2950);
#2950 = CARTESIAN_POINT('',(1.107470926301,1.,0.));
#2951 = CIRCLE('',#2952,0.107470926301);
#2952 = AXIS2_PLACEMENT_3D('',#2953,#2954,#2955);
#2953 = CARTESIAN_POINT('',(1.,1.,0.));
#2954 = DIRECTION('',(0.,0.,1.));
#2955 = DIRECTION('',(1.,0.,-0.));
#2956 = FACE_BOUND('',#2957,.T.);
#2957 = VERTEX_LOOP('',#2958);
#2958 = VERTEX_POINT('',#2959);
#2959 = CARTESIAN_POINT('',(0.8865,1.,-3.65E-02));
#2960 = SPHERICAL_SURFACE('',#2961,0.1135);
#2961 = AXIS2_PLACEMENT_3D('',#2962,#2963,#2964);
#2962 = CARTESIAN_POINT('',(1.,1.,-3.65E-02));
#2963 = DIRECTION('',(1.,6.071532165919E-17,0.));
#2964 = DIRECTION('',(6.071532165919E-17,-1.,0.));
#2965 = ADVANCED_FACE('',(#2966,#2977),#2981,.T.);
#2966 = FACE_BOUND('',#2967,.T.);
#2967 = EDGE_LOOP('',(#2968));
#2968 = ORIENTED_EDGE('',*,*,#2969,.F.);
#2969 = EDGE_CURVE('',#2970,#2970,#2972,.T.);
#2970 = VERTEX_POINT('',#2971);
#2971 = CARTESIAN_POINT('',(0.707470926301,-1.,0.));
#2972 = CIRCLE('',#2973,0.107470926301);
#2973 = AXIS2_PLACEMENT_3D('',#2974,#2975,#2976);
#2974 = CARTESIAN_POINT('',(0.6,-1.,0.));
#2975 = DIRECTION('',(0.,0.,1.));
#2976 = DIRECTION('',(1.,0.,-0.));
#2977 = FACE_BOUND('',#2978,.T.);
#2978 = VERTEX_LOOP('',#2979);
#2979 = VERTEX_POINT('',#2980);
#2980 = CARTESIAN_POINT('',(0.4865,-1.,-3.65E-02));
#2981 = SPHERICAL_SURFACE('',#2982,0.1135);
#2982 = AXIS2_PLACEMENT_3D('',#2983,#2984,#2985);
#2983 = CARTESIAN_POINT('',(0.6,-1.,-3.65E-02));
#2984 = DIRECTION('',(1.,6.071532165919E-17,0.));
#2985 = DIRECTION('',(6.071532165919E-17,-1.,0.));
#2986 = ADVANCED_FACE('',(#2987,#2998),#3002,.T.);
#2987 = FACE_BOUND('',#2988,.T.);
#2988 = EDGE_LOOP('',(#2989));
#2989 = ORIENTED_EDGE('',*,*,#2990,.F.);
#2990 = EDGE_CURVE('',#2991,#2991,#2993,.T.);
#2991 = VERTEX_POINT('',#2992);
#2992 = CARTESIAN_POINT('',(0.707470926301,0.2,0.));
#2993 = CIRCLE('',#2994,0.107470926301);
#2994 = AXIS2_PLACEMENT_3D('',#2995,#2996,#2997);
#2995 = CARTESIAN_POINT('',(0.6,0.2,0.));
#2996 = DIRECTION('',(0.,0.,1.));
#2997 = DIRECTION('',(1.,0.,-0.));
#2998 = FACE_BOUND('',#2999,.T.);
#2999 = VERTEX_LOOP('',#3000);
#3000 = VERTEX_POINT('',#3001);
#3001 = CARTESIAN_POINT('',(0.4865,0.2,-3.65E-02));
#3002 = SPHERICAL_SURFACE('',#3003,0.1135);
#3003 = AXIS2_PLACEMENT_3D('',#3004,#3005,#3006);
#3004 = CARTESIAN_POINT('',(0.6,0.2,-3.65E-02));
#3005 = DIRECTION('',(1.,6.071532165919E-17,0.));
#3006 = DIRECTION('',(6.071532165919E-17,-1.,0.));
#3007 = ADVANCED_FACE('',(#3008,#3019),#3023,.T.);
#3008 = FACE_BOUND('',#3009,.T.);
#3009 = EDGE_LOOP('',(#3010));
#3010 = ORIENTED_EDGE('',*,*,#3011,.F.);
#3011 = EDGE_CURVE('',#3012,#3012,#3014,.T.);
#3012 = VERTEX_POINT('',#3013);
#3013 = CARTESIAN_POINT('',(0.707470926301,0.6,0.));
#3014 = CIRCLE('',#3015,0.107470926301);
#3015 = AXIS2_PLACEMENT_3D('',#3016,#3017,#3018);
#3016 = CARTESIAN_POINT('',(0.6,0.6,0.));
#3017 = DIRECTION('',(0.,0.,1.));
#3018 = DIRECTION('',(1.,0.,-0.));
#3019 = FACE_BOUND('',#3020,.T.);
#3020 = VERTEX_LOOP('',#3021);
#3021 = VERTEX_POINT('',#3022);
#3022 = CARTESIAN_POINT('',(0.4865,0.6,-3.65E-02));
#3023 = SPHERICAL_SURFACE('',#3024,0.1135);
#3024 = AXIS2_PLACEMENT_3D('',#3025,#3026,#3027);
#3025 = CARTESIAN_POINT('',(0.6,0.6,-3.65E-02));
#3026 = DIRECTION('',(1.,6.071532165919E-17,0.));
#3027 = DIRECTION('',(6.071532165919E-17,-1.,0.));
#3028 = ADVANCED_FACE('',(#3029,#3040),#3044,.T.);
#3029 = FACE_BOUND('',#3030,.T.);
#3030 = EDGE_LOOP('',(#3031));
#3031 = ORIENTED_EDGE('',*,*,#3032,.F.);
#3032 = EDGE_CURVE('',#3033,#3033,#3035,.T.);
#3033 = VERTEX_POINT('',#3034);
#3034 = CARTESIAN_POINT('',(0.707470926301,1.,0.));
#3035 = CIRCLE('',#3036,0.107470926301);
#3036 = AXIS2_PLACEMENT_3D('',#3037,#3038,#3039);
#3037 = CARTESIAN_POINT('',(0.6,1.,0.));
#3038 = DIRECTION('',(0.,0.,1.));
#3039 = DIRECTION('',(1.,0.,-0.));
#3040 = FACE_BOUND('',#3041,.T.);
#3041 = VERTEX_LOOP('',#3042);
#3042 = VERTEX_POINT('',#3043);
#3043 = CARTESIAN_POINT('',(0.4865,1.,-3.65E-02));
#3044 = SPHERICAL_SURFACE('',#3045,0.1135);
#3045 = AXIS2_PLACEMENT_3D('',#3046,#3047,#3048);
#3046 = CARTESIAN_POINT('',(0.6,1.,-3.65E-02));
#3047 = DIRECTION('',(1.,6.071532165919E-17,0.));
#3048 = DIRECTION('',(6.071532165919E-17,-1.,0.));
#3049 = ADVANCED_FACE('',(#3050,#3061),#3065,.T.);
#3050 = FACE_BOUND('',#3051,.T.);
#3051 = EDGE_LOOP('',(#3052));
#3052 = ORIENTED_EDGE('',*,*,#3053,.F.);
#3053 = EDGE_CURVE('',#3054,#3054,#3056,.T.);
#3054 = VERTEX_POINT('',#3055);
#3055 = CARTESIAN_POINT('',(0.307470926301,-1.,0.));
#3056 = CIRCLE('',#3057,0.107470926301);
#3057 = AXIS2_PLACEMENT_3D('',#3058,#3059,#3060);
#3058 = CARTESIAN_POINT('',(0.2,-1.,0.));
#3059 = DIRECTION('',(0.,0.,1.));
#3060 = DIRECTION('',(1.,0.,-0.));
#3061 = FACE_BOUND('',#3062,.T.);
#3062 = VERTEX_LOOP('',#3063);
#3063 = VERTEX_POINT('',#3064);
#3064 = CARTESIAN_POINT('',(8.65E-02,-1.,-3.65E-02));
#3065 = SPHERICAL_SURFACE('',#3066,0.1135);
#3066 = AXIS2_PLACEMENT_3D('',#3067,#3068,#3069);
#3067 = CARTESIAN_POINT('',(0.2,-1.,-3.65E-02));
#3068 = DIRECTION('',(1.,6.071532165919E-17,0.));
#3069 = DIRECTION('',(6.071532165919E-17,-1.,0.));
#3070 = ADVANCED_FACE('',(#3071,#3082),#3086,.T.);
#3071 = FACE_BOUND('',#3072,.T.);
#3072 = EDGE_LOOP('',(#3073));
#3073 = ORIENTED_EDGE('',*,*,#3074,.F.);
#3074 = EDGE_CURVE('',#3075,#3075,#3077,.T.);
#3075 = VERTEX_POINT('',#3076);
#3076 = CARTESIAN_POINT('',(0.307470926301,-0.6,0.));
#3077 = CIRCLE('',#3078,0.107470926301);
#3078 = AXIS2_PLACEMENT_3D('',#3079,#3080,#3081);
#3079 = CARTESIAN_POINT('',(0.2,-0.6,0.));
#3080 = DIRECTION('',(0.,0.,1.));
#3081 = DIRECTION('',(1.,0.,-0.));
#3082 = FACE_BOUND('',#3083,.T.);
#3083 = VERTEX_LOOP('',#3084);
#3084 = VERTEX_POINT('',#3085);
#3085 = CARTESIAN_POINT('',(8.65E-02,-0.6,-3.65E-02));
#3086 = SPHERICAL_SURFACE('',#3087,0.1135);
#3087 = AXIS2_PLACEMENT_3D('',#3088,#3089,#3090);
#3088 = CARTESIAN_POINT('',(0.2,-0.6,-3.65E-02));
#3089 = DIRECTION('',(1.,6.071532165919E-17,0.));
#3090 = DIRECTION('',(6.071532165919E-17,-1.,0.));
#3091 = ADVANCED_FACE('',(#3092,#3103),#3107,.T.);
#3092 = FACE_BOUND('',#3093,.T.);
#3093 = EDGE_LOOP('',(#3094));
#3094 = ORIENTED_EDGE('',*,*,#3095,.F.);
#3095 = EDGE_CURVE('',#3096,#3096,#3098,.T.);
#3096 = VERTEX_POINT('',#3097);
#3097 = CARTESIAN_POINT('',(0.307470926301,-0.2,0.));
#3098 = CIRCLE('',#3099,0.107470926301);
#3099 = AXIS2_PLACEMENT_3D('',#3100,#3101,#3102);
#3100 = CARTESIAN_POINT('',(0.2,-0.2,0.));
#3101 = DIRECTION('',(0.,0.,1.));
#3102 = DIRECTION('',(1.,0.,-0.));
#3103 = FACE_BOUND('',#3104,.T.);
#3104 = VERTEX_LOOP('',#3105);
#3105 = VERTEX_POINT('',#3106);
#3106 = CARTESIAN_POINT('',(8.65E-02,-0.2,-3.65E-02));
#3107 = SPHERICAL_SURFACE('',#3108,0.1135);
#3108 = AXIS2_PLACEMENT_3D('',#3109,#3110,#3111);
#3109 = CARTESIAN_POINT('',(0.2,-0.2,-3.65E-02));
#3110 = DIRECTION('',(1.,6.071532165919E-17,0.));
#3111 = DIRECTION('',(6.071532165919E-17,-1.,0.));
#3112 = ADVANCED_FACE('',(#3113,#3124),#3128,.T.);
#3113 = FACE_BOUND('',#3114,.T.);
#3114 = EDGE_LOOP('',(#3115));
#3115 = ORIENTED_EDGE('',*,*,#3116,.F.);
#3116 = EDGE_CURVE('',#3117,#3117,#3119,.T.);
#3117 = VERTEX_POINT('',#3118);
#3118 = CARTESIAN_POINT('',(0.307470926301,0.2,0.));
#3119 = CIRCLE('',#3120,0.107470926301);
#3120 = AXIS2_PLACEMENT_3D('',#3121,#3122,#3123);
#3121 = CARTESIAN_POINT('',(0.2,0.2,0.));
#3122 = DIRECTION('',(0.,0.,1.));
#3123 = DIRECTION('',(1.,0.,-0.));
#3124 = FACE_BOUND('',#3125,.T.);
#3125 = VERTEX_LOOP('',#3126);
#3126 = VERTEX_POINT('',#3127);
#3127 = CARTESIAN_POINT('',(8.65E-02,0.2,-3.65E-02));
#3128 = SPHERICAL_SURFACE('',#3129,0.1135);
#3129 = AXIS2_PLACEMENT_3D('',#3130,#3131,#3132);
#3130 = CARTESIAN_POINT('',(0.2,0.2,-3.65E-02));
#3131 = DIRECTION('',(1.,6.071532165919E-17,0.));
#3132 = DIRECTION('',(6.071532165919E-17,-1.,0.));
#3133 = ADVANCED_FACE('',(#3134,#3145),#3149,.T.);
#3134 = FACE_BOUND('',#3135,.T.);
#3135 = EDGE_LOOP('',(#3136));
#3136 = ORIENTED_EDGE('',*,*,#3137,.F.);
#3137 = EDGE_CURVE('',#3138,#3138,#3140,.T.);
#3138 = VERTEX_POINT('',#3139);
#3139 = CARTESIAN_POINT('',(0.307470926301,0.6,0.));
#3140 = CIRCLE('',#3141,0.107470926301);
#3141 = AXIS2_PLACEMENT_3D('',#3142,#3143,#3144);
#3142 = CARTESIAN_POINT('',(0.2,0.6,0.));
#3143 = DIRECTION('',(0.,0.,1.));
#3144 = DIRECTION('',(1.,0.,-0.));
#3145 = FACE_BOUND('',#3146,.T.);
#3146 = VERTEX_LOOP('',#3147);
#3147 = VERTEX_POINT('',#3148);
#3148 = CARTESIAN_POINT('',(8.65E-02,0.6,-3.65E-02));
#3149 = SPHERICAL_SURFACE('',#3150,0.1135);
#3150 = AXIS2_PLACEMENT_3D('',#3151,#3152,#3153);
#3151 = CARTESIAN_POINT('',(0.2,0.6,-3.65E-02));
#3152 = DIRECTION('',(1.,6.071532165919E-17,0.));
#3153 = DIRECTION('',(6.071532165919E-17,-1.,0.));
#3154 = ADVANCED_FACE('',(#3155,#3166),#3170,.T.);
#3155 = FACE_BOUND('',#3156,.T.);
#3156 = EDGE_LOOP('',(#3157));
#3157 = ORIENTED_EDGE('',*,*,#3158,.F.);
#3158 = EDGE_CURVE('',#3159,#3159,#3161,.T.);
#3159 = VERTEX_POINT('',#3160);
#3160 = CARTESIAN_POINT('',(0.307470926301,1.,0.));
#3161 = CIRCLE('',#3162,0.107470926301);
#3162 = AXIS2_PLACEMENT_3D('',#3163,#3164,#3165);
#3163 = CARTESIAN_POINT('',(0.2,1.,0.));
#3164 = DIRECTION('',(0.,0.,1.));
#3165 = DIRECTION('',(1.,0.,-0.));
#3166 = FACE_BOUND('',#3167,.T.);
#3167 = VERTEX_LOOP('',#3168);
#3168 = VERTEX_POINT('',#3169);
#3169 = CARTESIAN_POINT('',(8.65E-02,1.,-3.65E-02));
#3170 = SPHERICAL_SURFACE('',#3171,0.1135);
#3171 = AXIS2_PLACEMENT_3D('',#3172,#3173,#3174);
#3172 = CARTESIAN_POINT('',(0.2,1.,-3.65E-02));
#3173 = DIRECTION('',(1.,6.071532165919E-17,0.));
#3174 = DIRECTION('',(6.071532165919E-17,-1.,0.));
#3175 = ADVANCED_FACE('',(#3176,#3187),#3191,.T.);
#3176 = FACE_BOUND('',#3177,.T.);
#3177 = EDGE_LOOP('',(#3178));
#3178 = ORIENTED_EDGE('',*,*,#3179,.F.);
#3179 = EDGE_CURVE('',#3180,#3180,#3182,.T.);
#3180 = VERTEX_POINT('',#3181);
#3181 = CARTESIAN_POINT('',(-9.252907369898E-02,-1.,0.));
#3182 = CIRCLE('',#3183,0.107470926301);
#3183 = AXIS2_PLACEMENT_3D('',#3184,#3185,#3186);
#3184 = CARTESIAN_POINT('',(-0.2,-1.,0.));
#3185 = DIRECTION('',(0.,0.,1.));
#3186 = DIRECTION('',(1.,0.,-0.));
#3187 = FACE_BOUND('',#3188,.T.);
#3188 = VERTEX_LOOP('',#3189);
#3189 = VERTEX_POINT('',#3190);
#3190 = CARTESIAN_POINT('',(-0.3135,-1.,-3.65E-02));
#3191 = SPHERICAL_SURFACE('',#3192,0.1135);
#3192 = AXIS2_PLACEMENT_3D('',#3193,#3194,#3195);
#3193 = CARTESIAN_POINT('',(-0.2,-1.,-3.65E-02));
#3194 = DIRECTION('',(1.,6.071532165919E-17,0.));
#3195 = DIRECTION('',(6.071532165919E-17,-1.,0.));
#3196 = ADVANCED_FACE('',(#3197,#3208),#3212,.T.);
#3197 = FACE_BOUND('',#3198,.T.);
#3198 = EDGE_LOOP('',(#3199));
#3199 = ORIENTED_EDGE('',*,*,#3200,.F.);
#3200 = EDGE_CURVE('',#3201,#3201,#3203,.T.);
#3201 = VERTEX_POINT('',#3202);
#3202 = CARTESIAN_POINT('',(-9.252907369898E-02,-0.6,0.));
#3203 = CIRCLE('',#3204,0.107470926301);
#3204 = AXIS2_PLACEMENT_3D('',#3205,#3206,#3207);
#3205 = CARTESIAN_POINT('',(-0.2,-0.6,0.));
#3206 = DIRECTION('',(0.,0.,1.));
#3207 = DIRECTION('',(1.,0.,-0.));
#3208 = FACE_BOUND('',#3209,.T.);
#3209 = VERTEX_LOOP('',#3210);
#3210 = VERTEX_POINT('',#3211);
#3211 = CARTESIAN_POINT('',(-0.3135,-0.6,-3.65E-02));
#3212 = SPHERICAL_SURFACE('',#3213,0.1135);
#3213 = AXIS2_PLACEMENT_3D('',#3214,#3215,#3216);
#3214 = CARTESIAN_POINT('',(-0.2,-0.6,-3.65E-02));
#3215 = DIRECTION('',(1.,6.071532165919E-17,0.));
#3216 = DIRECTION('',(6.071532165919E-17,-1.,0.));
#3217 = ADVANCED_FACE('',(#3218,#3229),#3233,.T.);
#3218 = FACE_BOUND('',#3219,.T.);
#3219 = EDGE_LOOP('',(#3220));
#3220 = ORIENTED_EDGE('',*,*,#3221,.F.);
#3221 = EDGE_CURVE('',#3222,#3222,#3224,.T.);
#3222 = VERTEX_POINT('',#3223);
#3223 = CARTESIAN_POINT('',(-9.252907369898E-02,-0.2,0.));
#3224 = CIRCLE('',#3225,0.107470926301);
#3225 = AXIS2_PLACEMENT_3D('',#3226,#3227,#3228);
#3226 = CARTESIAN_POINT('',(-0.2,-0.2,0.));
#3227 = DIRECTION('',(0.,0.,1.));
#3228 = DIRECTION('',(1.,0.,-0.));
#3229 = FACE_BOUND('',#3230,.T.);
#3230 = VERTEX_LOOP('',#3231);
#3231 = VERTEX_POINT('',#3232);
#3232 = CARTESIAN_POINT('',(-0.3135,-0.2,-3.65E-02));
#3233 = SPHERICAL_SURFACE('',#3234,0.1135);
#3234 = AXIS2_PLACEMENT_3D('',#3235,#3236,#3237);
#3235 = CARTESIAN_POINT('',(-0.2,-0.2,-3.65E-02));
#3236 = DIRECTION('',(1.,6.071532165919E-17,0.));
#3237 = DIRECTION('',(6.071532165919E-17,-1.,0.));
#3238 = ADVANCED_FACE('',(#3239,#3250),#3254,.T.);
#3239 = FACE_BOUND('',#3240,.T.);
#3240 = EDGE_LOOP('',(#3241));
#3241 = ORIENTED_EDGE('',*,*,#3242,.F.);
#3242 = EDGE_CURVE('',#3243,#3243,#3245,.T.);
#3243 = VERTEX_POINT('',#3244);
#3244 = CARTESIAN_POINT('',(-9.252907369898E-02,0.2,0.));
#3245 = CIRCLE('',#3246,0.107470926301);
#3246 = AXIS2_PLACEMENT_3D('',#3247,#3248,#3249);
#3247 = CARTESIAN_POINT('',(-0.2,0.2,0.));
#3248 = DIRECTION('',(0.,0.,1.));
#3249 = DIRECTION('',(1.,0.,-0.));
#3250 = FACE_BOUND('',#3251,.T.);
#3251 = VERTEX_LOOP('',#3252);
#3252 = VERTEX_POINT('',#3253);
#3253 = CARTESIAN_POINT('',(-0.3135,0.2,-3.65E-02));
#3254 = SPHERICAL_SURFACE('',#3255,0.1135);
#3255 = AXIS2_PLACEMENT_3D('',#3256,#3257,#3258);
#3256 = CARTESIAN_POINT('',(-0.2,0.2,-3.65E-02));
#3257 = DIRECTION('',(1.,6.071532165919E-17,0.));
#3258 = DIRECTION('',(6.071532165919E-17,-1.,0.));
#3259 = ADVANCED_FACE('',(#3260,#3271),#3275,.T.);
#3260 = FACE_BOUND('',#3261,.T.);
#3261 = EDGE_LOOP('',(#3262));
#3262 = ORIENTED_EDGE('',*,*,#3263,.F.);
#3263 = EDGE_CURVE('',#3264,#3264,#3266,.T.);
#3264 = VERTEX_POINT('',#3265);
#3265 = CARTESIAN_POINT('',(-9.252907369898E-02,0.6,0.));
#3266 = CIRCLE('',#3267,0.107470926301);
#3267 = AXIS2_PLACEMENT_3D('',#3268,#3269,#3270);
#3268 = CARTESIAN_POINT('',(-0.2,0.6,0.));
#3269 = DIRECTION('',(0.,0.,1.));
#3270 = DIRECTION('',(1.,0.,-0.));
#3271 = FACE_BOUND('',#3272,.T.);
#3272 = VERTEX_LOOP('',#3273);
#3273 = VERTEX_POINT('',#3274);
#3274 = CARTESIAN_POINT('',(-0.3135,0.6,-3.65E-02));
#3275 = SPHERICAL_SURFACE('',#3276,0.1135);
#3276 = AXIS2_PLACEMENT_3D('',#3277,#3278,#3279);
#3277 = CARTESIAN_POINT('',(-0.2,0.6,-3.65E-02));
#3278 = DIRECTION('',(1.,6.071532165919E-17,0.));
#3279 = DIRECTION('',(6.071532165919E-17,-1.,0.));
#3280 = ADVANCED_FACE('',(#3281,#3292),#3296,.T.);
#3281 = FACE_BOUND('',#3282,.T.);
#3282 = EDGE_LOOP('',(#3283));
#3283 = ORIENTED_EDGE('',*,*,#3284,.F.);
#3284 = EDGE_CURVE('',#3285,#3285,#3287,.T.);
#3285 = VERTEX_POINT('',#3286);
#3286 = CARTESIAN_POINT('',(-9.252907369898E-02,1.,0.));
#3287 = CIRCLE('',#3288,0.107470926301);
#3288 = AXIS2_PLACEMENT_3D('',#3289,#3290,#3291);
#3289 = CARTESIAN_POINT('',(-0.2,1.,0.));
#3290 = DIRECTION('',(0.,0.,1.));
#3291 = DIRECTION('',(1.,0.,-0.));
#3292 = FACE_BOUND('',#3293,.T.);
#3293 = VERTEX_LOOP('',#3294);
#3294 = VERTEX_POINT('',#3295);
#3295 = CARTESIAN_POINT('',(-0.3135,1.,-3.65E-02));
#3296 = SPHERICAL_SURFACE('',#3297,0.1135);
#3297 = AXIS2_PLACEMENT_3D('',#3298,#3299,#3300);
#3298 = CARTESIAN_POINT('',(-0.2,1.,-3.65E-02));
#3299 = DIRECTION('',(1.,6.071532165919E-17,0.));
#3300 = DIRECTION('',(6.071532165919E-17,-1.,0.));
#3301 = ADVANCED_FACE('',(#3302,#3313),#3317,.T.);
#3302 = FACE_BOUND('',#3303,.T.);
#3303 = EDGE_LOOP('',(#3304));
#3304 = ORIENTED_EDGE('',*,*,#3305,.F.);
#3305 = EDGE_CURVE('',#3306,#3306,#3308,.T.);
#3306 = VERTEX_POINT('',#3307);
#3307 = CARTESIAN_POINT('',(-0.492529073699,-1.,0.));
#3308 = CIRCLE('',#3309,0.107470926301);
#3309 = AXIS2_PLACEMENT_3D('',#3310,#3311,#3312);
#3310 = CARTESIAN_POINT('',(-0.6,-1.,0.));
#3311 = DIRECTION('',(0.,0.,1.));
#3312 = DIRECTION('',(1.,0.,-0.));
#3313 = FACE_BOUND('',#3314,.T.);
#3314 = VERTEX_LOOP('',#3315);
#3315 = VERTEX_POINT('',#3316);
#3316 = CARTESIAN_POINT('',(-0.7135,-1.,-3.65E-02));
#3317 = SPHERICAL_SURFACE('',#3318,0.1135);
#3318 = AXIS2_PLACEMENT_3D('',#3319,#3320,#3321);
#3319 = CARTESIAN_POINT('',(-0.6,-1.,-3.65E-02));
#3320 = DIRECTION('',(1.,6.071532165919E-17,0.));
#3321 = DIRECTION('',(6.071532165919E-17,-1.,0.));
#3322 = ADVANCED_FACE('',(#3323,#3334),#3338,.T.);
#3323 = FACE_BOUND('',#3324,.T.);
#3324 = EDGE_LOOP('',(#3325));
#3325 = ORIENTED_EDGE('',*,*,#3326,.F.);
#3326 = EDGE_CURVE('',#3327,#3327,#3329,.T.);
#3327 = VERTEX_POINT('',#3328);
#3328 = CARTESIAN_POINT('',(-0.492529073699,-0.6,0.));
#3329 = CIRCLE('',#3330,0.107470926301);
#3330 = AXIS2_PLACEMENT_3D('',#3331,#3332,#3333);
#3331 = CARTESIAN_POINT('',(-0.6,-0.6,0.));
#3332 = DIRECTION('',(0.,0.,1.));
#3333 = DIRECTION('',(1.,0.,-0.));
#3334 = FACE_BOUND('',#3335,.T.);
#3335 = VERTEX_LOOP('',#3336);
#3336 = VERTEX_POINT('',#3337);
#3337 = CARTESIAN_POINT('',(-0.7135,-0.6,-3.65E-02));
#3338 = SPHERICAL_SURFACE('',#3339,0.1135);
#3339 = AXIS2_PLACEMENT_3D('',#3340,#3341,#3342);
#3340 = CARTESIAN_POINT('',(-0.6,-0.6,-3.65E-02));
#3341 = DIRECTION('',(1.,6.071532165919E-17,0.));
#3342 = DIRECTION('',(6.071532165919E-17,-1.,0.));
#3343 = ADVANCED_FACE('',(#3344,#3355),#3359,.T.);
#3344 = FACE_BOUND('',#3345,.T.);
#3345 = EDGE_LOOP('',(#3346));
#3346 = ORIENTED_EDGE('',*,*,#3347,.F.);
#3347 = EDGE_CURVE('',#3348,#3348,#3350,.T.);
#3348 = VERTEX_POINT('',#3349);
#3349 = CARTESIAN_POINT('',(-0.492529073699,-0.2,0.));
#3350 = CIRCLE('',#3351,0.107470926301);
#3351 = AXIS2_PLACEMENT_3D('',#3352,#3353,#3354);
#3352 = CARTESIAN_POINT('',(-0.6,-0.2,0.));
#3353 = DIRECTION('',(0.,0.,1.));
#3354 = DIRECTION('',(1.,0.,-0.));
#3355 = FACE_BOUND('',#3356,.T.);
#3356 = VERTEX_LOOP('',#3357);
#3357 = VERTEX_POINT('',#3358);
#3358 = CARTESIAN_POINT('',(-0.7135,-0.2,-3.65E-02));
#3359 = SPHERICAL_SURFACE('',#3360,0.1135);
#3360 = AXIS2_PLACEMENT_3D('',#3361,#3362,#3363);
#3361 = CARTESIAN_POINT('',(-0.6,-0.2,-3.65E-02));
#3362 = DIRECTION('',(1.,6.071532165919E-17,0.));
#3363 = DIRECTION('',(6.071532165919E-17,-1.,0.));
#3364 = ADVANCED_FACE('',(#3365,#3376),#3380,.T.);
#3365 = FACE_BOUND('',#3366,.T.);
#3366 = EDGE_LOOP('',(#3367));
#3367 = ORIENTED_EDGE('',*,*,#3368,.F.);
#3368 = EDGE_CURVE('',#3369,#3369,#3371,.T.);
#3369 = VERTEX_POINT('',#3370);
#3370 = CARTESIAN_POINT('',(-0.492529073699,0.2,0.));
#3371 = CIRCLE('',#3372,0.107470926301);
#3372 = AXIS2_PLACEMENT_3D('',#3373,#3374,#3375);
#3373 = CARTESIAN_POINT('',(-0.6,0.2,0.));
#3374 = DIRECTION('',(0.,0.,1.));
#3375 = DIRECTION('',(1.,0.,-0.));
#3376 = FACE_BOUND('',#3377,.T.);
#3377 = VERTEX_LOOP('',#3378);
#3378 = VERTEX_POINT('',#3379);
#3379 = CARTESIAN_POINT('',(-0.7135,0.2,-3.65E-02));
#3380 = SPHERICAL_SURFACE('',#3381,0.1135);
#3381 = AXIS2_PLACEMENT_3D('',#3382,#3383,#3384);
#3382 = CARTESIAN_POINT('',(-0.6,0.2,-3.65E-02));
#3383 = DIRECTION('',(1.,6.071532165919E-17,0.));
#3384 = DIRECTION('',(6.071532165919E-17,-1.,0.));
#3385 = ADVANCED_FACE('',(#3386,#3397),#3401,.T.);
#3386 = FACE_BOUND('',#3387,.T.);
#3387 = EDGE_LOOP('',(#3388));
#3388 = ORIENTED_EDGE('',*,*,#3389,.F.);
#3389 = EDGE_CURVE('',#3390,#3390,#3392,.T.);
#3390 = VERTEX_POINT('',#3391);
#3391 = CARTESIAN_POINT('',(-0.492529073699,0.6,0.));
#3392 = CIRCLE('',#3393,0.107470926301);
#3393 = AXIS2_PLACEMENT_3D('',#3394,#3395,#3396);
#3394 = CARTESIAN_POINT('',(-0.6,0.6,0.));
#3395 = DIRECTION('',(0.,0.,1.));
#3396 = DIRECTION('',(1.,0.,-0.));
#3397 = FACE_BOUND('',#3398,.T.);
#3398 = VERTEX_LOOP('',#3399);
#3399 = VERTEX_POINT('',#3400);
#3400 = CARTESIAN_POINT('',(-0.7135,0.6,-3.65E-02));
#3401 = SPHERICAL_SURFACE('',#3402,0.1135);
#3402 = AXIS2_PLACEMENT_3D('',#3403,#3404,#3405);
#3403 = CARTESIAN_POINT('',(-0.6,0.6,-3.65E-02));
#3404 = DIRECTION('',(1.,6.071532165919E-17,0.));
#3405 = DIRECTION('',(6.071532165919E-17,-1.,0.));
#3406 = ADVANCED_FACE('',(#3407,#3418),#3422,.T.);
#3407 = FACE_BOUND('',#3408,.T.);
#3408 = EDGE_LOOP('',(#3409));
#3409 = ORIENTED_EDGE('',*,*,#3410,.F.);
#3410 = EDGE_CURVE('',#3411,#3411,#3413,.T.);
#3411 = VERTEX_POINT('',#3412);
#3412 = CARTESIAN_POINT('',(-0.492529073699,1.,0.));
#3413 = CIRCLE('',#3414,0.107470926301);
#3414 = AXIS2_PLACEMENT_3D('',#3415,#3416,#3417);
#3415 = CARTESIAN_POINT('',(-0.6,1.,0.));
#3416 = DIRECTION('',(0.,0.,1.));
#3417 = DIRECTION('',(1.,0.,-0.));
#3418 = FACE_BOUND('',#3419,.T.);
#3419 = VERTEX_LOOP('',#3420);
#3420 = VERTEX_POINT('',#3421);
#3421 = CARTESIAN_POINT('',(-0.7135,1.,-3.65E-02));
#3422 = SPHERICAL_SURFACE('',#3423,0.1135);
#3423 = AXIS2_PLACEMENT_3D('',#3424,#3425,#3426);
#3424 = CARTESIAN_POINT('',(-0.6,1.,-3.65E-02));
#3425 = DIRECTION('',(1.,6.071532165919E-17,0.));
#3426 = DIRECTION('',(6.071532165919E-17,-1.,0.));
#3427 = ADVANCED_FACE('',(#3428,#3439),#3443,.T.);
#3428 = FACE_BOUND('',#3429,.T.);
#3429 = EDGE_LOOP('',(#3430));
#3430 = ORIENTED_EDGE('',*,*,#3431,.F.);
#3431 = EDGE_CURVE('',#3432,#3432,#3434,.T.);
#3432 = VERTEX_POINT('',#3433);
#3433 = CARTESIAN_POINT('',(-0.892529073699,-1.,0.));
#3434 = CIRCLE('',#3435,0.107470926301);
#3435 = AXIS2_PLACEMENT_3D('',#3436,#3437,#3438);
#3436 = CARTESIAN_POINT('',(-1.,-1.,0.));
#3437 = DIRECTION('',(0.,0.,1.));
#3438 = DIRECTION('',(1.,0.,-0.));
#3439 = FACE_BOUND('',#3440,.T.);
#3440 = VERTEX_LOOP('',#3441);
#3441 = VERTEX_POINT('',#3442);
#3442 = CARTESIAN_POINT('',(-1.1135,-1.,-3.65E-02));
#3443 = SPHERICAL_SURFACE('',#3444,0.1135);
#3444 = AXIS2_PLACEMENT_3D('',#3445,#3446,#3447);
#3445 = CARTESIAN_POINT('',(-1.,-1.,-3.65E-02));
#3446 = DIRECTION('',(1.,6.071532165919E-17,0.));
#3447 = DIRECTION('',(6.071532165919E-17,-1.,0.));
#3448 = ADVANCED_FACE('',(#3449,#3460),#3464,.T.);
#3449 = FACE_BOUND('',#3450,.T.);
#3450 = EDGE_LOOP('',(#3451));
#3451 = ORIENTED_EDGE('',*,*,#3452,.F.);
#3452 = EDGE_CURVE('',#3453,#3453,#3455,.T.);
#3453 = VERTEX_POINT('',#3454);
#3454 = CARTESIAN_POINT('',(-0.892529073699,-0.6,0.));
#3455 = CIRCLE('',#3456,0.107470926301);
#3456 = AXIS2_PLACEMENT_3D('',#3457,#3458,#3459);
#3457 = CARTESIAN_POINT('',(-1.,-0.6,0.));
#3458 = DIRECTION('',(0.,0.,1.));
#3459 = DIRECTION('',(1.,0.,-0.));
#3460 = FACE_BOUND('',#3461,.T.);
#3461 = VERTEX_LOOP('',#3462);
#3462 = VERTEX_POINT('',#3463);
#3463 = CARTESIAN_POINT('',(-1.1135,-0.6,-3.65E-02));
#3464 = SPHERICAL_SURFACE('',#3465,0.1135);
#3465 = AXIS2_PLACEMENT_3D('',#3466,#3467,#3468);
#3466 = CARTESIAN_POINT('',(-1.,-0.6,-3.65E-02));
#3467 = DIRECTION('',(1.,6.071532165919E-17,0.));
#3468 = DIRECTION('',(6.071532165919E-17,-1.,0.));
#3469 = ADVANCED_FACE('',(#3470,#3481),#3485,.T.);
#3470 = FACE_BOUND('',#3471,.T.);
#3471 = EDGE_LOOP('',(#3472));
#3472 = ORIENTED_EDGE('',*,*,#3473,.F.);
#3473 = EDGE_CURVE('',#3474,#3474,#3476,.T.);
#3474 = VERTEX_POINT('',#3475);
#3475 = CARTESIAN_POINT('',(-0.892529073699,-0.2,0.));
#3476 = CIRCLE('',#3477,0.107470926301);
#3477 = AXIS2_PLACEMENT_3D('',#3478,#3479,#3480);
#3478 = CARTESIAN_POINT('',(-1.,-0.2,0.));
#3479 = DIRECTION('',(0.,0.,1.));
#3480 = DIRECTION('',(1.,0.,-0.));
#3481 = FACE_BOUND('',#3482,.T.);
#3482 = VERTEX_LOOP('',#3483);
#3483 = VERTEX_POINT('',#3484);
#3484 = CARTESIAN_POINT('',(-1.1135,-0.2,-3.65E-02));
#3485 = SPHERICAL_SURFACE('',#3486,0.1135);
#3486 = AXIS2_PLACEMENT_3D('',#3487,#3488,#3489);
#3487 = CARTESIAN_POINT('',(-1.,-0.2,-3.65E-02));
#3488 = DIRECTION('',(1.,6.071532165919E-17,0.));
#3489 = DIRECTION('',(6.071532165919E-17,-1.,0.));
#3490 = ADVANCED_FACE('',(#3491,#3502),#3506,.T.);
#3491 = FACE_BOUND('',#3492,.T.);
#3492 = EDGE_LOOP('',(#3493));
#3493 = ORIENTED_EDGE('',*,*,#3494,.F.);
#3494 = EDGE_CURVE('',#3495,#3495,#3497,.T.);
#3495 = VERTEX_POINT('',#3496);
#3496 = CARTESIAN_POINT('',(-0.892529073699,0.2,0.));
#3497 = CIRCLE('',#3498,0.107470926301);
#3498 = AXIS2_PLACEMENT_3D('',#3499,#3500,#3501);
#3499 = CARTESIAN_POINT('',(-1.,0.2,0.));
#3500 = DIRECTION('',(0.,0.,1.));
#3501 = DIRECTION('',(1.,0.,-0.));
#3502 = FACE_BOUND('',#3503,.T.);
#3503 = VERTEX_LOOP('',#3504);
#3504 = VERTEX_POINT('',#3505);
#3505 = CARTESIAN_POINT('',(-1.1135,0.2,-3.65E-02));
#3506 = SPHERICAL_SURFACE('',#3507,0.1135);
#3507 = AXIS2_PLACEMENT_3D('',#3508,#3509,#3510);
#3508 = CARTESIAN_POINT('',(-1.,0.2,-3.65E-02));
#3509 = DIRECTION('',(1.,6.071532165919E-17,0.));
#3510 = DIRECTION('',(6.071532165919E-17,-1.,0.));
#3511 = ADVANCED_FACE('',(#3512,#3523),#3527,.T.);
#3512 = FACE_BOUND('',#3513,.T.);
#3513 = EDGE_LOOP('',(#3514));
#3514 = ORIENTED_EDGE('',*,*,#3515,.F.);
#3515 = EDGE_CURVE('',#3516,#3516,#3518,.T.);
#3516 = VERTEX_POINT('',#3517);
#3517 = CARTESIAN_POINT('',(-0.892529073699,0.6,0.));
#3518 = CIRCLE('',#3519,0.107470926301);
#3519 = AXIS2_PLACEMENT_3D('',#3520,#3521,#3522);
#3520 = CARTESIAN_POINT('',(-1.,0.6,0.));
#3521 = DIRECTION('',(0.,0.,1.));
#3522 = DIRECTION('',(1.,0.,-0.));
#3523 = FACE_BOUND('',#3524,.T.);
#3524 = VERTEX_LOOP('',#3525);
#3525 = VERTEX_POINT('',#3526);
#3526 = CARTESIAN_POINT('',(-1.1135,0.6,-3.65E-02));
#3527 = SPHERICAL_SURFACE('',#3528,0.1135);
#3528 = AXIS2_PLACEMENT_3D('',#3529,#3530,#3531);
#3529 = CARTESIAN_POINT('',(-1.,0.6,-3.65E-02));
#3530 = DIRECTION('',(1.,6.071532165919E-17,0.));
#3531 = DIRECTION('',(6.071532165919E-17,-1.,0.));
#3532 = ADVANCED_FACE('',(#3533,#3544),#3548,.T.);
#3533 = FACE_BOUND('',#3534,.T.);
#3534 = EDGE_LOOP('',(#3535));
#3535 = ORIENTED_EDGE('',*,*,#3536,.F.);
#3536 = EDGE_CURVE('',#3537,#3537,#3539,.T.);
#3537 = VERTEX_POINT('',#3538);
#3538 = CARTESIAN_POINT('',(-0.892529073699,1.,0.));
#3539 = CIRCLE('',#3540,0.107470926301);
#3540 = AXIS2_PLACEMENT_3D('',#3541,#3542,#3543);
#3541 = CARTESIAN_POINT('',(-1.,1.,0.));
#3542 = DIRECTION('',(0.,0.,1.));
#3543 = DIRECTION('',(1.,0.,-0.));
#3544 = FACE_BOUND('',#3545,.T.);
#3545 = VERTEX_LOOP('',#3546);
#3546 = VERTEX_POINT('',#3547);
#3547 = CARTESIAN_POINT('',(-1.1135,1.,-3.65E-02));
#3548 = SPHERICAL_SURFACE('',#3549,0.1135);
#3549 = AXIS2_PLACEMENT_3D('',#3550,#3551,#3552);
#3550 = CARTESIAN_POINT('',(-1.,1.,-3.65E-02));
#3551 = DIRECTION('',(1.,6.071532165919E-17,0.));
#3552 = DIRECTION('',(6.071532165919E-17,-1.,0.));
#3553 = ADVANCED_FACE('',(#3554,#3565,#3568,#3571,#3574,#3577,#3580,
    #3583,#3586,#3589,#3592,#3595,#3598,#3601,#3604,#3607,#3610,#3613,
    #3616,#3619,#3622,#3625,#3628,#3631,#3634,#3637,#3640,#3643,#3646,
    #3649,#3652,#3655,#3658,#3661),#3667,.F.);
#3554 = FACE_BOUND('',#3555,.T.);
#3555 = EDGE_LOOP('',(#3556));
#3556 = ORIENTED_EDGE('',*,*,#3557,.T.);
#3557 = EDGE_CURVE('',#3558,#3558,#3560,.T.);
#3558 = VERTEX_POINT('',#3559);
#3559 = CARTESIAN_POINT('',(1.107470926301,-0.4,0.));
#3560 = CIRCLE('',#3561,0.107470926301);
#3561 = AXIS2_PLACEMENT_3D('',#3562,#3563,#3564);
#3562 = CARTESIAN_POINT('',(1.,-0.4,0.));
#3563 = DIRECTION('',(0.,0.,1.));
#3564 = DIRECTION('',(1.,0.,-0.));
#3565 = FACE_BOUND('',#3566,.T.);
#3566 = EDGE_LOOP('',(#3567));
#3567 = ORIENTED_EDGE('',*,*,#3536,.T.);
#3568 = FACE_BOUND('',#3569,.T.);
#3569 = EDGE_LOOP('',(#3570));
#3570 = ORIENTED_EDGE('',*,*,#3515,.T.);
#3571 = FACE_BOUND('',#3572,.T.);
#3572 = EDGE_LOOP('',(#3573));
#3573 = ORIENTED_EDGE('',*,*,#3494,.T.);
#3574 = FACE_BOUND('',#3575,.T.);
#3575 = EDGE_LOOP('',(#3576));
#3576 = ORIENTED_EDGE('',*,*,#3473,.T.);
#3577 = FACE_BOUND('',#3578,.T.);
#3578 = EDGE_LOOP('',(#3579));
#3579 = ORIENTED_EDGE('',*,*,#3452,.T.);
#3580 = FACE_BOUND('',#3581,.T.);
#3581 = EDGE_LOOP('',(#3582));
#3582 = ORIENTED_EDGE('',*,*,#3431,.T.);
#3583 = FACE_BOUND('',#3584,.T.);
#3584 = EDGE_LOOP('',(#3585));
#3585 = ORIENTED_EDGE('',*,*,#3410,.T.);
#3586 = FACE_BOUND('',#3587,.T.);
#3587 = EDGE_LOOP('',(#3588));
#3588 = ORIENTED_EDGE('',*,*,#3389,.T.);
#3589 = FACE_BOUND('',#3590,.T.);
#3590 = EDGE_LOOP('',(#3591));
#3591 = ORIENTED_EDGE('',*,*,#3368,.T.);
#3592 = FACE_BOUND('',#3593,.T.);
#3593 = EDGE_LOOP('',(#3594));
#3594 = ORIENTED_EDGE('',*,*,#3347,.T.);
#3595 = FACE_BOUND('',#3596,.T.);
#3596 = EDGE_LOOP('',(#3597));
#3597 = ORIENTED_EDGE('',*,*,#3326,.T.);
#3598 = FACE_BOUND('',#3599,.T.);
#3599 = EDGE_LOOP('',(#3600));
#3600 = ORIENTED_EDGE('',*,*,#3305,.T.);
#3601 = FACE_BOUND('',#3602,.T.);
#3602 = EDGE_LOOP('',(#3603));
#3603 = ORIENTED_EDGE('',*,*,#3284,.T.);
#3604 = FACE_BOUND('',#3605,.T.);
#3605 = EDGE_LOOP('',(#3606));
#3606 = ORIENTED_EDGE('',*,*,#3263,.T.);
#3607 = FACE_BOUND('',#3608,.T.);
#3608 = EDGE_LOOP('',(#3609));
#3609 = ORIENTED_EDGE('',*,*,#3242,.T.);
#3610 = FACE_BOUND('',#3611,.T.);
#3611 = EDGE_LOOP('',(#3612));
#3612 = ORIENTED_EDGE('',*,*,#3221,.T.);
#3613 = FACE_BOUND('',#3614,.T.);
#3614 = EDGE_LOOP('',(#3615));
#3615 = ORIENTED_EDGE('',*,*,#3200,.T.);
#3616 = FACE_BOUND('',#3617,.T.);
#3617 = EDGE_LOOP('',(#3618));
#3618 = ORIENTED_EDGE('',*,*,#3179,.T.);
#3619 = FACE_BOUND('',#3620,.T.);
#3620 = EDGE_LOOP('',(#3621));
#3621 = ORIENTED_EDGE('',*,*,#3158,.T.);
#3622 = FACE_BOUND('',#3623,.T.);
#3623 = EDGE_LOOP('',(#3624));
#3624 = ORIENTED_EDGE('',*,*,#3137,.T.);
#3625 = FACE_BOUND('',#3626,.T.);
#3626 = EDGE_LOOP('',(#3627));
#3627 = ORIENTED_EDGE('',*,*,#3116,.T.);
#3628 = FACE_BOUND('',#3629,.T.);
#3629 = EDGE_LOOP('',(#3630));
#3630 = ORIENTED_EDGE('',*,*,#3095,.T.);
#3631 = FACE_BOUND('',#3632,.T.);
#3632 = EDGE_LOOP('',(#3633));
#3633 = ORIENTED_EDGE('',*,*,#3074,.T.);
#3634 = FACE_BOUND('',#3635,.T.);
#3635 = EDGE_LOOP('',(#3636));
#3636 = ORIENTED_EDGE('',*,*,#3053,.T.);
#3637 = FACE_BOUND('',#3638,.T.);
#3638 = EDGE_LOOP('',(#3639));
#3639 = ORIENTED_EDGE('',*,*,#3032,.T.);
#3640 = FACE_BOUND('',#3641,.T.);
#3641 = EDGE_LOOP('',(#3642));
#3642 = ORIENTED_EDGE('',*,*,#3011,.T.);
#3643 = FACE_BOUND('',#3644,.T.);
#3644 = EDGE_LOOP('',(#3645));
#3645 = ORIENTED_EDGE('',*,*,#2990,.T.);
#3646 = FACE_BOUND('',#3647,.T.);
#3647 = EDGE_LOOP('',(#3648));
#3648 = ORIENTED_EDGE('',*,*,#2969,.T.);
#3649 = FACE_BOUND('',#3650,.T.);
#3650 = EDGE_LOOP('',(#3651));
#3651 = ORIENTED_EDGE('',*,*,#2948,.T.);
#3652 = FACE_BOUND('',#3653,.T.);
#3653 = EDGE_LOOP('',(#3654));
#3654 = ORIENTED_EDGE('',*,*,#2927,.T.);
#3655 = FACE_BOUND('',#3656,.T.);
#3656 = EDGE_LOOP('',(#3657));
#3657 = ORIENTED_EDGE('',*,*,#2906,.T.);
#3658 = FACE_BOUND('',#3659,.T.);
#3659 = EDGE_LOOP('',(#3660));
#3660 = ORIENTED_EDGE('',*,*,#2885,.T.);
#3661 = FACE_BOUND('',#3662,.T.);
#3662 = EDGE_LOOP('',(#3663,#3664,#3665,#3666));
#3663 = ORIENTED_EDGE('',*,*,#2868,.F.);
#3664 = ORIENTED_EDGE('',*,*,#2844,.F.);
#3665 = ORIENTED_EDGE('',*,*,#2820,.F.);
#3666 = ORIENTED_EDGE('',*,*,#2789,.F.);
#3667 = PLANE('',#3668);
#3668 = AXIS2_PLACEMENT_3D('',#3669,#3670,#3671);
#3669 = CARTESIAN_POINT('',(0.,0.,0.));
#3670 = DIRECTION('',(0.,0.,1.));
#3671 = DIRECTION('',(1.,0.,-0.));
#3672 = ADVANCED_FACE('',(#3673,#3676),#3680,.T.);
#3673 = FACE_BOUND('',#3674,.T.);
#3674 = EDGE_LOOP('',(#3675));
#3675 = ORIENTED_EDGE('',*,*,#3557,.F.);
#3676 = FACE_BOUND('',#3677,.T.);
#3677 = VERTEX_LOOP('',#3678);
#3678 = VERTEX_POINT('',#3679);
#3679 = CARTESIAN_POINT('',(0.8865,-0.4,-3.65E-02));
#3680 = SPHERICAL_SURFACE('',#3681,0.1135);
#3681 = AXIS2_PLACEMENT_3D('',#3682,#3683,#3684);
#3682 = CARTESIAN_POINT('',(1.,-0.4,-3.65E-02));
#3683 = DIRECTION('',(1.,6.071532165919E-17,0.));
#3684 = DIRECTION('',(6.071532165919E-17,-1.,0.));
#3685 = ADVANCED_FACE('',(#3686),#3704,.F.);
#3686 = FACE_BOUND('',#3687,.F.);
#3687 = EDGE_LOOP('',(#3688,#3697,#3702,#3703));
#3688 = ORIENTED_EDGE('',*,*,#3689,.F.);
#3689 = EDGE_CURVE('',#3690,#3690,#3692,.T.);
#3690 = VERTEX_POINT('',#3691);
#3691 = CARTESIAN_POINT('',(0.781749884258,-0.94279916893,0.309323253366
    ));
#3692 = CIRCLE('',#3693,0.127266243958);
#3693 = AXIS2_PLACEMENT_3D('',#3694,#3695,#3696);
#3694 = CARTESIAN_POINT('',(0.909016128215,-0.94279916893,0.309323253366
    ));
#3695 = DIRECTION('',(0.,0.,-1.));
#3696 = DIRECTION('',(-1.,0.,0.));
#3697 = ORIENTED_EDGE('',*,*,#3698,.T.);
#3698 = EDGE_CURVE('',#3690,#2739,#3699,.T.);
#3699 = B_SPLINE_CURVE_WITH_KNOTS('',1,(#3700,#3701),.UNSPECIFIED.,.F.,
  .F.,(2,2),(0.,1.767674663371E-02),.PIECEWISE_BEZIER_KNOTS.);
#3700 = CARTESIAN_POINT('',(0.781749884258,-0.94279916893,0.309323253366
    ));
#3701 = CARTESIAN_POINT('',(0.781749884258,-0.94279916893,0.327));
#3702 = ORIENTED_EDGE('',*,*,#2738,.T.);
#3703 = ORIENTED_EDGE('',*,*,#3698,.F.);
#3704 = CYLINDRICAL_SURFACE('',#3705,0.127266243958);
#3705 = AXIS2_PLACEMENT_3D('',#3706,#3707,#3708);
#3706 = CARTESIAN_POINT('',(0.909016128215,-0.94279916893,0.309323253366
    ));
#3707 = DIRECTION('',(0.,0.,1.));
#3708 = DIRECTION('',(1.,0.,-0.));
#3709 = ADVANCED_FACE('',(#3710),#3713,.F.);
#3710 = FACE_BOUND('',#3711,.T.);
#3711 = EDGE_LOOP('',(#3712));
#3712 = ORIENTED_EDGE('',*,*,#3689,.F.);
#3713 = PLANE('',#3714);
#3714 = AXIS2_PLACEMENT_3D('',#3715,#3716,#3717);
#3715 = CARTESIAN_POINT('',(0.909016128215,-0.94279916893,0.309323253366
    ));
#3716 = DIRECTION('',(0.,0.,-1.));
#3717 = DIRECTION('',(-1.,0.,0.));
#3718 = ( GEOMETRIC_REPRESENTATION_CONTEXT(3) 
GLOBAL_UNCERTAINTY_ASSIGNED_CONTEXT((#3722)) 
GLOBAL_UNIT_ASSIGNED_CONTEXT((#3719,#3720,#3721)) REPRESENTATION_CONTEXT
('Context #1','3D Context with UNIT and UNCERTAINTY') );
#3719 = ( LENGTH_UNIT() NAMED_UNIT(*) SI_UNIT(.MILLI.,.METRE.) );
#3720 = ( NAMED_UNIT(*) PLANE_ANGLE_UNIT() SI_UNIT($,.RADIAN.) );
#3721 = ( NAMED_UNIT(*) SI_UNIT($,.STERADIAN.) SOLID_ANGLE_UNIT() );
#3722 = UNCERTAINTY_MEASURE_WITH_UNIT(LENGTH_MEASURE(5.E-06),#3719,
  'distance_accuracy_value','confusion accuracy');
#3723 = CONTEXT_DEPENDENT_SHAPE_REPRESENTATION(#3724,#3726);
#3724 = ( REPRESENTATION_RELATIONSHIP('','',#2731,#10) 
REPRESENTATION_RELATIONSHIP_WITH_TRANSFORMATION(#3725) 
SHAPE_REPRESENTATION_RELATIONSHIP() );
#3725 = ITEM_DEFINED_TRANSFORMATION('','',#11,#55);
#3726 = PRODUCT_DEFINITION_SHAPE('Placement','Placement of an item',
  #3727);
#3727 = NEXT_ASSEMBLY_USAGE_OCCURRENCE('14','U2','',#5,#2726,$);
#3728 = PRODUCT_RELATED_PRODUCT_CATEGORY('part',$,(#2728));
#3729 = SHAPE_DEFINITION_REPRESENTATION(#3730,#3736);
#3730 = PRODUCT_DEFINITION_SHAPE('','',#3731);
#3731 = PRODUCT_DEFINITION('design','',#3732,#3735);
#3732 = PRODUCT_DEFINITION_FORMATION('','',#3733);
#3733 = PRODUCT('MAX77654ENV','MAX77654ENV','',(#3734));
#3734 = PRODUCT_CONTEXT('',#2,'mechanical');
#3735 = PRODUCT_DEFINITION_CONTEXT('part definition',#2,'design');
#3736 = SHAPE_REPRESENTATION('',(#11,#3737,#3749,#3761,#3773,#3785,#3797
    ,#3809,#3821,#3833,#3845,#3857,#3869,#3881,#3893,#3905,#3917,#3929,
    #3941,#3953,#3965,#3977,#3989,#4001,#4013,#4025,#4037,#4049,#4061,
    #4073,#4085,#4097,#4109,#4121,#4133,#4145,#4157,#4169,#4181,#4193,
    #4205,#4217,#4229,#4241,#4253,#4265,#4277,#4289,#4301,#4313,#4325,
    #4337,#4349,#4361,#4373,#4385,#4397,#4409,#4421,#4433,#4445,#4457,
    #4509),#4659);
#3737 = MANIFOLD_SOLID_BREP('',#3738);
#3738 = CLOSED_SHELL('',(#3739));
#3739 = ADVANCED_FACE('',(#3740),#3744,.T.);
#3740 = FACE_BOUND('',#3741,.T.);
#3741 = VERTEX_LOOP('',#3742);
#3742 = VERTEX_POINT('',#3743);
#3743 = CARTESIAN_POINT('',(-1.016,0.813,0.3044));
#3744 = SPHERICAL_SURFACE('',#3745,0.1524);
#3745 = AXIS2_PLACEMENT_3D('',#3746,#3747,#3748);
#3746 = CARTESIAN_POINT('',(-1.016,0.813,0.152));
#3747 = DIRECTION('',(0.,0.,-1.));
#3748 = DIRECTION('',(-1.,0.,0.));
#3749 = MANIFOLD_SOLID_BREP('',#3750);
#3750 = CLOSED_SHELL('',(#3751));
#3751 = ADVANCED_FACE('',(#3752),#3756,.T.);
#3752 = FACE_BOUND('',#3753,.T.);
#3753 = VERTEX_LOOP('',#3754);
#3754 = VERTEX_POINT('',#3755);
#3755 = CARTESIAN_POINT('',(-1.016,0.813,0.3044));
#3756 = SPHERICAL_SURFACE('',#3757,0.1524);
#3757 = AXIS2_PLACEMENT_3D('',#3758,#3759,#3760);
#3758 = CARTESIAN_POINT('',(-1.016,0.813,0.152));
#3759 = DIRECTION('',(0.,0.,-1.));
#3760 = DIRECTION('',(-1.,0.,0.));
#3761 = MANIFOLD_SOLID_BREP('',#3762);
#3762 = CLOSED_SHELL('',(#3763));
#3763 = ADVANCED_FACE('',(#3764),#3768,.T.);
#3764 = FACE_BOUND('',#3765,.T.);
#3765 = VERTEX_LOOP('',#3766);
#3766 = VERTEX_POINT('',#3767);
#3767 = CARTESIAN_POINT('',(-0.61,0.813,0.3044));
#3768 = SPHERICAL_SURFACE('',#3769,0.1524);
#3769 = AXIS2_PLACEMENT_3D('',#3770,#3771,#3772);
#3770 = CARTESIAN_POINT('',(-0.61,0.813,0.152));
#3771 = DIRECTION('',(0.,0.,-1.));
#3772 = DIRECTION('',(-1.,0.,0.));
#3773 = MANIFOLD_SOLID_BREP('',#3774);
#3774 = CLOSED_SHELL('',(#3775));
#3775 = ADVANCED_FACE('',(#3776),#3780,.T.);
#3776 = FACE_BOUND('',#3777,.T.);
#3777 = VERTEX_LOOP('',#3778);
#3778 = VERTEX_POINT('',#3779);
#3779 = CARTESIAN_POINT('',(-0.61,0.813,0.3044));
#3780 = SPHERICAL_SURFACE('',#3781,0.1524);
#3781 = AXIS2_PLACEMENT_3D('',#3782,#3783,#3784);
#3782 = CARTESIAN_POINT('',(-0.61,0.813,0.152));
#3783 = DIRECTION('',(0.,0.,-1.));
#3784 = DIRECTION('',(-1.,0.,0.));
#3785 = MANIFOLD_SOLID_BREP('',#3786);
#3786 = CLOSED_SHELL('',(#3787));
#3787 = ADVANCED_FACE('',(#3788),#3792,.T.);
#3788 = FACE_BOUND('',#3789,.T.);
#3789 = VERTEX_LOOP('',#3790);
#3790 = VERTEX_POINT('',#3791);
#3791 = CARTESIAN_POINT('',(-0.203,0.813,0.3044));
#3792 = SPHERICAL_SURFACE('',#3793,0.1524);
#3793 = AXIS2_PLACEMENT_3D('',#3794,#3795,#3796);
#3794 = CARTESIAN_POINT('',(-0.203,0.813,0.152));
#3795 = DIRECTION('',(0.,0.,-1.));
#3796 = DIRECTION('',(-1.,0.,0.));
#3797 = MANIFOLD_SOLID_BREP('',#3798);
#3798 = CLOSED_SHELL('',(#3799));
#3799 = ADVANCED_FACE('',(#3800),#3804,.T.);
#3800 = FACE_BOUND('',#3801,.T.);
#3801 = VERTEX_LOOP('',#3802);
#3802 = VERTEX_POINT('',#3803);
#3803 = CARTESIAN_POINT('',(-0.203,0.813,0.3044));
#3804 = SPHERICAL_SURFACE('',#3805,0.1524);
#3805 = AXIS2_PLACEMENT_3D('',#3806,#3807,#3808);
#3806 = CARTESIAN_POINT('',(-0.203,0.813,0.152));
#3807 = DIRECTION('',(0.,0.,-1.));
#3808 = DIRECTION('',(-1.,0.,0.));
#3809 = MANIFOLD_SOLID_BREP('',#3810);
#3810 = CLOSED_SHELL('',(#3811));
#3811 = ADVANCED_FACE('',(#3812),#3816,.T.);
#3812 = FACE_BOUND('',#3813,.T.);
#3813 = VERTEX_LOOP('',#3814);
#3814 = VERTEX_POINT('',#3815);
#3815 = CARTESIAN_POINT('',(0.203,0.813,0.3044));
#3816 = SPHERICAL_SURFACE('',#3817,0.1524);
#3817 = AXIS2_PLACEMENT_3D('',#3818,#3819,#3820);
#3818 = CARTESIAN_POINT('',(0.203,0.813,0.152));
#3819 = DIRECTION('',(0.,0.,-1.));
#3820 = DIRECTION('',(-1.,0.,0.));
#3821 = MANIFOLD_SOLID_BREP('',#3822);
#3822 = CLOSED_SHELL('',(#3823));
#3823 = ADVANCED_FACE('',(#3824),#3828,.T.);
#3824 = FACE_BOUND('',#3825,.T.);
#3825 = VERTEX_LOOP('',#3826);
#3826 = VERTEX_POINT('',#3827);
#3827 = CARTESIAN_POINT('',(0.203,0.813,0.3044));
#3828 = SPHERICAL_SURFACE('',#3829,0.1524);
#3829 = AXIS2_PLACEMENT_3D('',#3830,#3831,#3832);
#3830 = CARTESIAN_POINT('',(0.203,0.813,0.152));
#3831 = DIRECTION('',(0.,0.,-1.));
#3832 = DIRECTION('',(-1.,0.,0.));
#3833 = MANIFOLD_SOLID_BREP('',#3834);
#3834 = CLOSED_SHELL('',(#3835));
#3835 = ADVANCED_FACE('',(#3836),#3840,.T.);
#3836 = FACE_BOUND('',#3837,.T.);
#3837 = VERTEX_LOOP('',#3838);
#3838 = VERTEX_POINT('',#3839);
#3839 = CARTESIAN_POINT('',(0.61,0.813,0.3044));
#3840 = SPHERICAL_SURFACE('',#3841,0.1524);
#3841 = AXIS2_PLACEMENT_3D('',#3842,#3843,#3844);
#3842 = CARTESIAN_POINT('',(0.61,0.813,0.152));
#3843 = DIRECTION('',(0.,0.,-1.));
#3844 = DIRECTION('',(-1.,0.,0.));
#3845 = MANIFOLD_SOLID_BREP('',#3846);
#3846 = CLOSED_SHELL('',(#3847));
#3847 = ADVANCED_FACE('',(#3848),#3852,.T.);
#3848 = FACE_BOUND('',#3849,.T.);
#3849 = VERTEX_LOOP('',#3850);
#3850 = VERTEX_POINT('',#3851);
#3851 = CARTESIAN_POINT('',(0.61,0.813,0.3044));
#3852 = SPHERICAL_SURFACE('',#3853,0.1524);
#3853 = AXIS2_PLACEMENT_3D('',#3854,#3855,#3856);
#3854 = CARTESIAN_POINT('',(0.61,0.813,0.152));
#3855 = DIRECTION('',(0.,0.,-1.));
#3856 = DIRECTION('',(-1.,0.,0.));
#3857 = MANIFOLD_SOLID_BREP('',#3858);
#3858 = CLOSED_SHELL('',(#3859));
#3859 = ADVANCED_FACE('',(#3860),#3864,.T.);
#3860 = FACE_BOUND('',#3861,.T.);
#3861 = VERTEX_LOOP('',#3862);
#3862 = VERTEX_POINT('',#3863);
#3863 = CARTESIAN_POINT('',(1.016,0.813,0.3044));
#3864 = SPHERICAL_SURFACE('',#3865,0.1524);
#3865 = AXIS2_PLACEMENT_3D('',#3866,#3867,#3868);
#3866 = CARTESIAN_POINT('',(1.016,0.813,0.152));
#3867 = DIRECTION('',(0.,0.,-1.));
#3868 = DIRECTION('',(-1.,0.,0.));
#3869 = MANIFOLD_SOLID_BREP('',#3870);
#3870 = CLOSED_SHELL('',(#3871));
#3871 = ADVANCED_FACE('',(#3872),#3876,.T.);
#3872 = FACE_BOUND('',#3873,.T.);
#3873 = VERTEX_LOOP('',#3874);
#3874 = VERTEX_POINT('',#3875);
#3875 = CARTESIAN_POINT('',(1.016,0.813,0.3044));
#3876 = SPHERICAL_SURFACE('',#3877,0.1524);
#3877 = AXIS2_PLACEMENT_3D('',#3878,#3879,#3880);
#3878 = CARTESIAN_POINT('',(1.016,0.813,0.152));
#3879 = DIRECTION('',(0.,0.,-1.));
#3880 = DIRECTION('',(-1.,0.,0.));
#3881 = MANIFOLD_SOLID_BREP('',#3882);
#3882 = CLOSED_SHELL('',(#3883));
#3883 = ADVANCED_FACE('',(#3884),#3888,.T.);
#3884 = FACE_BOUND('',#3885,.T.);
#3885 = VERTEX_LOOP('',#3886);
#3886 = VERTEX_POINT('',#3887);
#3887 = CARTESIAN_POINT('',(-1.016,0.406,0.3044));
#3888 = SPHERICAL_SURFACE('',#3889,0.1524);
#3889 = AXIS2_PLACEMENT_3D('',#3890,#3891,#3892);
#3890 = CARTESIAN_POINT('',(-1.016,0.406,0.152));
#3891 = DIRECTION('',(0.,0.,-1.));
#3892 = DIRECTION('',(-1.,0.,0.));
#3893 = MANIFOLD_SOLID_BREP('',#3894);
#3894 = CLOSED_SHELL('',(#3895));
#3895 = ADVANCED_FACE('',(#3896),#3900,.T.);
#3896 = FACE_BOUND('',#3897,.T.);
#3897 = VERTEX_LOOP('',#3898);
#3898 = VERTEX_POINT('',#3899);
#3899 = CARTESIAN_POINT('',(-1.016,0.406,0.3044));
#3900 = SPHERICAL_SURFACE('',#3901,0.1524);
#3901 = AXIS2_PLACEMENT_3D('',#3902,#3903,#3904);
#3902 = CARTESIAN_POINT('',(-1.016,0.406,0.152));
#3903 = DIRECTION('',(0.,0.,-1.));
#3904 = DIRECTION('',(-1.,0.,0.));
#3905 = MANIFOLD_SOLID_BREP('',#3906);
#3906 = CLOSED_SHELL('',(#3907));
#3907 = ADVANCED_FACE('',(#3908),#3912,.T.);
#3908 = FACE_BOUND('',#3909,.T.);
#3909 = VERTEX_LOOP('',#3910);
#3910 = VERTEX_POINT('',#3911);
#3911 = CARTESIAN_POINT('',(-0.61,0.406,0.3044));
#3912 = SPHERICAL_SURFACE('',#3913,0.1524);
#3913 = AXIS2_PLACEMENT_3D('',#3914,#3915,#3916);
#3914 = CARTESIAN_POINT('',(-0.61,0.406,0.152));
#3915 = DIRECTION('',(0.,0.,-1.));
#3916 = DIRECTION('',(-1.,0.,0.));
#3917 = MANIFOLD_SOLID_BREP('',#3918);
#3918 = CLOSED_SHELL('',(#3919));
#3919 = ADVANCED_FACE('',(#3920),#3924,.T.);
#3920 = FACE_BOUND('',#3921,.T.);
#3921 = VERTEX_LOOP('',#3922);
#3922 = VERTEX_POINT('',#3923);
#3923 = CARTESIAN_POINT('',(-0.61,0.406,0.3044));
#3924 = SPHERICAL_SURFACE('',#3925,0.1524);
#3925 = AXIS2_PLACEMENT_3D('',#3926,#3927,#3928);
#3926 = CARTESIAN_POINT('',(-0.61,0.406,0.152));
#3927 = DIRECTION('',(0.,0.,-1.));
#3928 = DIRECTION('',(-1.,0.,0.));
#3929 = MANIFOLD_SOLID_BREP('',#3930);
#3930 = CLOSED_SHELL('',(#3931));
#3931 = ADVANCED_FACE('',(#3932),#3936,.T.);
#3932 = FACE_BOUND('',#3933,.T.);
#3933 = VERTEX_LOOP('',#3934);
#3934 = VERTEX_POINT('',#3935);
#3935 = CARTESIAN_POINT('',(-0.203,0.406,0.3044));
#3936 = SPHERICAL_SURFACE('',#3937,0.1524);
#3937 = AXIS2_PLACEMENT_3D('',#3938,#3939,#3940);
#3938 = CARTESIAN_POINT('',(-0.203,0.406,0.152));
#3939 = DIRECTION('',(0.,0.,-1.));
#3940 = DIRECTION('',(-1.,0.,0.));
#3941 = MANIFOLD_SOLID_BREP('',#3942);
#3942 = CLOSED_SHELL('',(#3943));
#3943 = ADVANCED_FACE('',(#3944),#3948,.T.);
#3944 = FACE_BOUND('',#3945,.T.);
#3945 = VERTEX_LOOP('',#3946);
#3946 = VERTEX_POINT('',#3947);
#3947 = CARTESIAN_POINT('',(-0.203,0.406,0.3044));
#3948 = SPHERICAL_SURFACE('',#3949,0.1524);
#3949 = AXIS2_PLACEMENT_3D('',#3950,#3951,#3952);
#3950 = CARTESIAN_POINT('',(-0.203,0.406,0.152));
#3951 = DIRECTION('',(0.,0.,-1.));
#3952 = DIRECTION('',(-1.,0.,0.));
#3953 = MANIFOLD_SOLID_BREP('',#3954);
#3954 = CLOSED_SHELL('',(#3955));
#3955 = ADVANCED_FACE('',(#3956),#3960,.T.);
#3956 = FACE_BOUND('',#3957,.T.);
#3957 = VERTEX_LOOP('',#3958);
#3958 = VERTEX_POINT('',#3959);
#3959 = CARTESIAN_POINT('',(0.203,0.406,0.3044));
#3960 = SPHERICAL_SURFACE('',#3961,0.1524);
#3961 = AXIS2_PLACEMENT_3D('',#3962,#3963,#3964);
#3962 = CARTESIAN_POINT('',(0.203,0.406,0.152));
#3963 = DIRECTION('',(0.,0.,-1.));
#3964 = DIRECTION('',(-1.,0.,0.));
#3965 = MANIFOLD_SOLID_BREP('',#3966);
#3966 = CLOSED_SHELL('',(#3967));
#3967 = ADVANCED_FACE('',(#3968),#3972,.T.);
#3968 = FACE_BOUND('',#3969,.T.);
#3969 = VERTEX_LOOP('',#3970);
#3970 = VERTEX_POINT('',#3971);
#3971 = CARTESIAN_POINT('',(0.203,0.406,0.3044));
#3972 = SPHERICAL_SURFACE('',#3973,0.1524);
#3973 = AXIS2_PLACEMENT_3D('',#3974,#3975,#3976);
#3974 = CARTESIAN_POINT('',(0.203,0.406,0.152));
#3975 = DIRECTION('',(0.,0.,-1.));
#3976 = DIRECTION('',(-1.,0.,0.));
#3977 = MANIFOLD_SOLID_BREP('',#3978);
#3978 = CLOSED_SHELL('',(#3979));
#3979 = ADVANCED_FACE('',(#3980),#3984,.T.);
#3980 = FACE_BOUND('',#3981,.T.);
#3981 = VERTEX_LOOP('',#3982);
#3982 = VERTEX_POINT('',#3983);
#3983 = CARTESIAN_POINT('',(0.61,0.406,0.3044));
#3984 = SPHERICAL_SURFACE('',#3985,0.1524);
#3985 = AXIS2_PLACEMENT_3D('',#3986,#3987,#3988);
#3986 = CARTESIAN_POINT('',(0.61,0.406,0.152));
#3987 = DIRECTION('',(0.,0.,-1.));
#3988 = DIRECTION('',(-1.,0.,0.));
#3989 = MANIFOLD_SOLID_BREP('',#3990);
#3990 = CLOSED_SHELL('',(#3991));
#3991 = ADVANCED_FACE('',(#3992),#3996,.T.);
#3992 = FACE_BOUND('',#3993,.T.);
#3993 = VERTEX_LOOP('',#3994);
#3994 = VERTEX_POINT('',#3995);
#3995 = CARTESIAN_POINT('',(0.61,0.406,0.3044));
#3996 = SPHERICAL_SURFACE('',#3997,0.1524);
#3997 = AXIS2_PLACEMENT_3D('',#3998,#3999,#4000);
#3998 = CARTESIAN_POINT('',(0.61,0.406,0.152));
#3999 = DIRECTION('',(0.,0.,-1.));
#4000 = DIRECTION('',(-1.,0.,0.));
#4001 = MANIFOLD_SOLID_BREP('',#4002);
#4002 = CLOSED_SHELL('',(#4003));
#4003 = ADVANCED_FACE('',(#4004),#4008,.T.);
#4004 = FACE_BOUND('',#4005,.T.);
#4005 = VERTEX_LOOP('',#4006);
#4006 = VERTEX_POINT('',#4007);
#4007 = CARTESIAN_POINT('',(1.016,0.406,0.3044));
#4008 = SPHERICAL_SURFACE('',#4009,0.1524);
#4009 = AXIS2_PLACEMENT_3D('',#4010,#4011,#4012);
#4010 = CARTESIAN_POINT('',(1.016,0.406,0.152));
#4011 = DIRECTION('',(0.,0.,-1.));
#4012 = DIRECTION('',(-1.,0.,0.));
#4013 = MANIFOLD_SOLID_BREP('',#4014);
#4014 = CLOSED_SHELL('',(#4015));
#4015 = ADVANCED_FACE('',(#4016),#4020,.T.);
#4016 = FACE_BOUND('',#4017,.T.);
#4017 = VERTEX_LOOP('',#4018);
#4018 = VERTEX_POINT('',#4019);
#4019 = CARTESIAN_POINT('',(1.016,0.406,0.3044));
#4020 = SPHERICAL_SURFACE('',#4021,0.1524);
#4021 = AXIS2_PLACEMENT_3D('',#4022,#4023,#4024);
#4022 = CARTESIAN_POINT('',(1.016,0.406,0.152));
#4023 = DIRECTION('',(0.,0.,-1.));
#4024 = DIRECTION('',(-1.,0.,0.));
#4025 = MANIFOLD_SOLID_BREP('',#4026);
#4026 = CLOSED_SHELL('',(#4027));
#4027 = ADVANCED_FACE('',(#4028),#4032,.T.);
#4028 = FACE_BOUND('',#4029,.T.);
#4029 = VERTEX_LOOP('',#4030);
#4030 = VERTEX_POINT('',#4031);
#4031 = CARTESIAN_POINT('',(-1.016,0.,0.3044));
#4032 = SPHERICAL_SURFACE('',#4033,0.1524);
#4033 = AXIS2_PLACEMENT_3D('',#4034,#4035,#4036);
#4034 = CARTESIAN_POINT('',(-1.016,0.,0.152));
#4035 = DIRECTION('',(0.,0.,-1.));
#4036 = DIRECTION('',(-1.,0.,0.));
#4037 = MANIFOLD_SOLID_BREP('',#4038);
#4038 = CLOSED_SHELL('',(#4039));
#4039 = ADVANCED_FACE('',(#4040),#4044,.T.);
#4040 = FACE_BOUND('',#4041,.T.);
#4041 = VERTEX_LOOP('',#4042);
#4042 = VERTEX_POINT('',#4043);
#4043 = CARTESIAN_POINT('',(-1.016,0.,0.3044));
#4044 = SPHERICAL_SURFACE('',#4045,0.1524);
#4045 = AXIS2_PLACEMENT_3D('',#4046,#4047,#4048);
#4046 = CARTESIAN_POINT('',(-1.016,0.,0.152));
#4047 = DIRECTION('',(0.,0.,-1.));
#4048 = DIRECTION('',(-1.,0.,0.));
#4049 = MANIFOLD_SOLID_BREP('',#4050);
#4050 = CLOSED_SHELL('',(#4051));
#4051 = ADVANCED_FACE('',(#4052),#4056,.T.);
#4052 = FACE_BOUND('',#4053,.T.);
#4053 = VERTEX_LOOP('',#4054);
#4054 = VERTEX_POINT('',#4055);
#4055 = CARTESIAN_POINT('',(-0.61,0.,0.3044));
#4056 = SPHERICAL_SURFACE('',#4057,0.1524);
#4057 = AXIS2_PLACEMENT_3D('',#4058,#4059,#4060);
#4058 = CARTESIAN_POINT('',(-0.61,0.,0.152));
#4059 = DIRECTION('',(0.,0.,-1.));
#4060 = DIRECTION('',(-1.,0.,0.));
#4061 = MANIFOLD_SOLID_BREP('',#4062);
#4062 = CLOSED_SHELL('',(#4063));
#4063 = ADVANCED_FACE('',(#4064),#4068,.T.);
#4064 = FACE_BOUND('',#4065,.T.);
#4065 = VERTEX_LOOP('',#4066);
#4066 = VERTEX_POINT('',#4067);
#4067 = CARTESIAN_POINT('',(-0.61,0.,0.3044));
#4068 = SPHERICAL_SURFACE('',#4069,0.1524);
#4069 = AXIS2_PLACEMENT_3D('',#4070,#4071,#4072);
#4070 = CARTESIAN_POINT('',(-0.61,0.,0.152));
#4071 = DIRECTION('',(0.,0.,-1.));
#4072 = DIRECTION('',(-1.,0.,0.));
#4073 = MANIFOLD_SOLID_BREP('',#4074);
#4074 = CLOSED_SHELL('',(#4075));
#4075 = ADVANCED_FACE('',(#4076),#4080,.T.);
#4076 = FACE_BOUND('',#4077,.T.);
#4077 = VERTEX_LOOP('',#4078);
#4078 = VERTEX_POINT('',#4079);
#4079 = CARTESIAN_POINT('',(-0.203,0.,0.3044));
#4080 = SPHERICAL_SURFACE('',#4081,0.1524);
#4081 = AXIS2_PLACEMENT_3D('',#4082,#4083,#4084);
#4082 = CARTESIAN_POINT('',(-0.203,0.,0.152));
#4083 = DIRECTION('',(0.,0.,-1.));
#4084 = DIRECTION('',(-1.,0.,0.));
#4085 = MANIFOLD_SOLID_BREP('',#4086);
#4086 = CLOSED_SHELL('',(#4087));
#4087 = ADVANCED_FACE('',(#4088),#4092,.T.);
#4088 = FACE_BOUND('',#4089,.T.);
#4089 = VERTEX_LOOP('',#4090);
#4090 = VERTEX_POINT('',#4091);
#4091 = CARTESIAN_POINT('',(-0.203,0.,0.3044));
#4092 = SPHERICAL_SURFACE('',#4093,0.1524);
#4093 = AXIS2_PLACEMENT_3D('',#4094,#4095,#4096);
#4094 = CARTESIAN_POINT('',(-0.203,0.,0.152));
#4095 = DIRECTION('',(0.,0.,-1.));
#4096 = DIRECTION('',(-1.,0.,0.));
#4097 = MANIFOLD_SOLID_BREP('',#4098);
#4098 = CLOSED_SHELL('',(#4099));
#4099 = ADVANCED_FACE('',(#4100),#4104,.T.);
#4100 = FACE_BOUND('',#4101,.T.);
#4101 = VERTEX_LOOP('',#4102);
#4102 = VERTEX_POINT('',#4103);
#4103 = CARTESIAN_POINT('',(0.203,0.,0.3044));
#4104 = SPHERICAL_SURFACE('',#4105,0.1524);
#4105 = AXIS2_PLACEMENT_3D('',#4106,#4107,#4108);
#4106 = CARTESIAN_POINT('',(0.203,0.,0.152));
#4107 = DIRECTION('',(0.,0.,-1.));
#4108 = DIRECTION('',(-1.,0.,0.));
#4109 = MANIFOLD_SOLID_BREP('',#4110);
#4110 = CLOSED_SHELL('',(#4111));
#4111 = ADVANCED_FACE('',(#4112),#4116,.T.);
#4112 = FACE_BOUND('',#4113,.T.);
#4113 = VERTEX_LOOP('',#4114);
#4114 = VERTEX_POINT('',#4115);
#4115 = CARTESIAN_POINT('',(0.203,0.,0.3044));
#4116 = SPHERICAL_SURFACE('',#4117,0.1524);
#4117 = AXIS2_PLACEMENT_3D('',#4118,#4119,#4120);
#4118 = CARTESIAN_POINT('',(0.203,0.,0.152));
#4119 = DIRECTION('',(0.,0.,-1.));
#4120 = DIRECTION('',(-1.,0.,0.));
#4121 = MANIFOLD_SOLID_BREP('',#4122);
#4122 = CLOSED_SHELL('',(#4123));
#4123 = ADVANCED_FACE('',(#4124),#4128,.T.);
#4124 = FACE_BOUND('',#4125,.T.);
#4125 = VERTEX_LOOP('',#4126);
#4126 = VERTEX_POINT('',#4127);
#4127 = CARTESIAN_POINT('',(0.61,0.,0.3044));
#4128 = SPHERICAL_SURFACE('',#4129,0.1524);
#4129 = AXIS2_PLACEMENT_3D('',#4130,#4131,#4132);
#4130 = CARTESIAN_POINT('',(0.61,0.,0.152));
#4131 = DIRECTION('',(0.,0.,-1.));
#4132 = DIRECTION('',(-1.,0.,0.));
#4133 = MANIFOLD_SOLID_BREP('',#4134);
#4134 = CLOSED_SHELL('',(#4135));
#4135 = ADVANCED_FACE('',(#4136),#4140,.T.);
#4136 = FACE_BOUND('',#4137,.T.);
#4137 = VERTEX_LOOP('',#4138);
#4138 = VERTEX_POINT('',#4139);
#4139 = CARTESIAN_POINT('',(0.61,0.,0.3044));
#4140 = SPHERICAL_SURFACE('',#4141,0.1524);
#4141 = AXIS2_PLACEMENT_3D('',#4142,#4143,#4144);
#4142 = CARTESIAN_POINT('',(0.61,0.,0.152));
#4143 = DIRECTION('',(0.,0.,-1.));
#4144 = DIRECTION('',(-1.,0.,0.));
#4145 = MANIFOLD_SOLID_BREP('',#4146);
#4146 = CLOSED_SHELL('',(#4147));
#4147 = ADVANCED_FACE('',(#4148),#4152,.T.);
#4148 = FACE_BOUND('',#4149,.T.);
#4149 = VERTEX_LOOP('',#4150);
#4150 = VERTEX_POINT('',#4151);
#4151 = CARTESIAN_POINT('',(1.016,0.,0.3044));
#4152 = SPHERICAL_SURFACE('',#4153,0.1524);
#4153 = AXIS2_PLACEMENT_3D('',#4154,#4155,#4156);
#4154 = CARTESIAN_POINT('',(1.016,0.,0.152));
#4155 = DIRECTION('',(0.,0.,-1.));
#4156 = DIRECTION('',(-1.,0.,0.));
#4157 = MANIFOLD_SOLID_BREP('',#4158);
#4158 = CLOSED_SHELL('',(#4159));
#4159 = ADVANCED_FACE('',(#4160),#4164,.T.);
#4160 = FACE_BOUND('',#4161,.T.);
#4161 = VERTEX_LOOP('',#4162);
#4162 = VERTEX_POINT('',#4163);
#4163 = CARTESIAN_POINT('',(1.016,0.,0.3044));
#4164 = SPHERICAL_SURFACE('',#4165,0.1524);
#4165 = AXIS2_PLACEMENT_3D('',#4166,#4167,#4168);
#4166 = CARTESIAN_POINT('',(1.016,0.,0.152));
#4167 = DIRECTION('',(0.,0.,-1.));
#4168 = DIRECTION('',(-1.,0.,0.));
#4169 = MANIFOLD_SOLID_BREP('',#4170);
#4170 = CLOSED_SHELL('',(#4171));
#4171 = ADVANCED_FACE('',(#4172),#4176,.T.);
#4172 = FACE_BOUND('',#4173,.T.);
#4173 = VERTEX_LOOP('',#4174);
#4174 = VERTEX_POINT('',#4175);
#4175 = CARTESIAN_POINT('',(-1.016,-0.406,0.3044));
#4176 = SPHERICAL_SURFACE('',#4177,0.1524);
#4177 = AXIS2_PLACEMENT_3D('',#4178,#4179,#4180);
#4178 = CARTESIAN_POINT('',(-1.016,-0.406,0.152));
#4179 = DIRECTION('',(0.,0.,-1.));
#4180 = DIRECTION('',(-1.,0.,0.));
#4181 = MANIFOLD_SOLID_BREP('',#4182);
#4182 = CLOSED_SHELL('',(#4183));
#4183 = ADVANCED_FACE('',(#4184),#4188,.T.);
#4184 = FACE_BOUND('',#4185,.T.);
#4185 = VERTEX_LOOP('',#4186);
#4186 = VERTEX_POINT('',#4187);
#4187 = CARTESIAN_POINT('',(-1.016,-0.406,0.3044));
#4188 = SPHERICAL_SURFACE('',#4189,0.1524);
#4189 = AXIS2_PLACEMENT_3D('',#4190,#4191,#4192);
#4190 = CARTESIAN_POINT('',(-1.016,-0.406,0.152));
#4191 = DIRECTION('',(0.,0.,-1.));
#4192 = DIRECTION('',(-1.,0.,0.));
#4193 = MANIFOLD_SOLID_BREP('',#4194);
#4194 = CLOSED_SHELL('',(#4195));
#4195 = ADVANCED_FACE('',(#4196),#4200,.T.);
#4196 = FACE_BOUND('',#4197,.T.);
#4197 = VERTEX_LOOP('',#4198);
#4198 = VERTEX_POINT('',#4199);
#4199 = CARTESIAN_POINT('',(-0.61,-0.406,0.3044));
#4200 = SPHERICAL_SURFACE('',#4201,0.1524);
#4201 = AXIS2_PLACEMENT_3D('',#4202,#4203,#4204);
#4202 = CARTESIAN_POINT('',(-0.61,-0.406,0.152));
#4203 = DIRECTION('',(0.,0.,-1.));
#4204 = DIRECTION('',(-1.,0.,0.));
#4205 = MANIFOLD_SOLID_BREP('',#4206);
#4206 = CLOSED_SHELL('',(#4207));
#4207 = ADVANCED_FACE('',(#4208),#4212,.T.);
#4208 = FACE_BOUND('',#4209,.T.);
#4209 = VERTEX_LOOP('',#4210);
#4210 = VERTEX_POINT('',#4211);
#4211 = CARTESIAN_POINT('',(-0.61,-0.406,0.3044));
#4212 = SPHERICAL_SURFACE('',#4213,0.1524);
#4213 = AXIS2_PLACEMENT_3D('',#4214,#4215,#4216);
#4214 = CARTESIAN_POINT('',(-0.61,-0.406,0.152));
#4215 = DIRECTION('',(0.,0.,-1.));
#4216 = DIRECTION('',(-1.,0.,0.));
#4217 = MANIFOLD_SOLID_BREP('',#4218);
#4218 = CLOSED_SHELL('',(#4219));
#4219 = ADVANCED_FACE('',(#4220),#4224,.T.);
#4220 = FACE_BOUND('',#4221,.T.);
#4221 = VERTEX_LOOP('',#4222);
#4222 = VERTEX_POINT('',#4223);
#4223 = CARTESIAN_POINT('',(-0.203,-0.406,0.3044));
#4224 = SPHERICAL_SURFACE('',#4225,0.1524);
#4225 = AXIS2_PLACEMENT_3D('',#4226,#4227,#4228);
#4226 = CARTESIAN_POINT('',(-0.203,-0.406,0.152));
#4227 = DIRECTION('',(0.,0.,-1.));
#4228 = DIRECTION('',(-1.,0.,0.));
#4229 = MANIFOLD_SOLID_BREP('',#4230);
#4230 = CLOSED_SHELL('',(#4231));
#4231 = ADVANCED_FACE('',(#4232),#4236,.T.);
#4232 = FACE_BOUND('',#4233,.T.);
#4233 = VERTEX_LOOP('',#4234);
#4234 = VERTEX_POINT('',#4235);
#4235 = CARTESIAN_POINT('',(-0.203,-0.406,0.3044));
#4236 = SPHERICAL_SURFACE('',#4237,0.1524);
#4237 = AXIS2_PLACEMENT_3D('',#4238,#4239,#4240);
#4238 = CARTESIAN_POINT('',(-0.203,-0.406,0.152));
#4239 = DIRECTION('',(0.,0.,-1.));
#4240 = DIRECTION('',(-1.,0.,0.));
#4241 = MANIFOLD_SOLID_BREP('',#4242);
#4242 = CLOSED_SHELL('',(#4243));
#4243 = ADVANCED_FACE('',(#4244),#4248,.T.);
#4244 = FACE_BOUND('',#4245,.T.);
#4245 = VERTEX_LOOP('',#4246);
#4246 = VERTEX_POINT('',#4247);
#4247 = CARTESIAN_POINT('',(0.203,-0.406,0.3044));
#4248 = SPHERICAL_SURFACE('',#4249,0.1524);
#4249 = AXIS2_PLACEMENT_3D('',#4250,#4251,#4252);
#4250 = CARTESIAN_POINT('',(0.203,-0.406,0.152));
#4251 = DIRECTION('',(0.,0.,-1.));
#4252 = DIRECTION('',(-1.,0.,0.));
#4253 = MANIFOLD_SOLID_BREP('',#4254);
#4254 = CLOSED_SHELL('',(#4255));
#4255 = ADVANCED_FACE('',(#4256),#4260,.T.);
#4256 = FACE_BOUND('',#4257,.T.);
#4257 = VERTEX_LOOP('',#4258);
#4258 = VERTEX_POINT('',#4259);
#4259 = CARTESIAN_POINT('',(0.203,-0.406,0.3044));
#4260 = SPHERICAL_SURFACE('',#4261,0.1524);
#4261 = AXIS2_PLACEMENT_3D('',#4262,#4263,#4264);
#4262 = CARTESIAN_POINT('',(0.203,-0.406,0.152));
#4263 = DIRECTION('',(0.,0.,-1.));
#4264 = DIRECTION('',(-1.,0.,0.));
#4265 = MANIFOLD_SOLID_BREP('',#4266);
#4266 = CLOSED_SHELL('',(#4267));
#4267 = ADVANCED_FACE('',(#4268),#4272,.T.);
#4268 = FACE_BOUND('',#4269,.T.);
#4269 = VERTEX_LOOP('',#4270);
#4270 = VERTEX_POINT('',#4271);
#4271 = CARTESIAN_POINT('',(0.61,-0.406,0.3044));
#4272 = SPHERICAL_SURFACE('',#4273,0.1524);
#4273 = AXIS2_PLACEMENT_3D('',#4274,#4275,#4276);
#4274 = CARTESIAN_POINT('',(0.61,-0.406,0.152));
#4275 = DIRECTION('',(0.,0.,-1.));
#4276 = DIRECTION('',(-1.,0.,0.));
#4277 = MANIFOLD_SOLID_BREP('',#4278);
#4278 = CLOSED_SHELL('',(#4279));
#4279 = ADVANCED_FACE('',(#4280),#4284,.T.);
#4280 = FACE_BOUND('',#4281,.T.);
#4281 = VERTEX_LOOP('',#4282);
#4282 = VERTEX_POINT('',#4283);
#4283 = CARTESIAN_POINT('',(0.61,-0.406,0.3044));
#4284 = SPHERICAL_SURFACE('',#4285,0.1524);
#4285 = AXIS2_PLACEMENT_3D('',#4286,#4287,#4288);
#4286 = CARTESIAN_POINT('',(0.61,-0.406,0.152));
#4287 = DIRECTION('',(0.,0.,-1.));
#4288 = DIRECTION('',(-1.,0.,0.));
#4289 = MANIFOLD_SOLID_BREP('',#4290);
#4290 = CLOSED_SHELL('',(#4291));
#4291 = ADVANCED_FACE('',(#4292),#4296,.T.);
#4292 = FACE_BOUND('',#4293,.T.);
#4293 = VERTEX_LOOP('',#4294);
#4294 = VERTEX_POINT('',#4295);
#4295 = CARTESIAN_POINT('',(1.016,-0.406,0.3044));
#4296 = SPHERICAL_SURFACE('',#4297,0.1524);
#4297 = AXIS2_PLACEMENT_3D('',#4298,#4299,#4300);
#4298 = CARTESIAN_POINT('',(1.016,-0.406,0.152));
#4299 = DIRECTION('',(0.,0.,-1.));
#4300 = DIRECTION('',(-1.,0.,0.));
#4301 = MANIFOLD_SOLID_BREP('',#4302);
#4302 = CLOSED_SHELL('',(#4303));
#4303 = ADVANCED_FACE('',(#4304),#4308,.T.);
#4304 = FACE_BOUND('',#4305,.T.);
#4305 = VERTEX_LOOP('',#4306);
#4306 = VERTEX_POINT('',#4307);
#4307 = CARTESIAN_POINT('',(1.016,-0.406,0.3044));
#4308 = SPHERICAL_SURFACE('',#4309,0.1524);
#4309 = AXIS2_PLACEMENT_3D('',#4310,#4311,#4312);
#4310 = CARTESIAN_POINT('',(1.016,-0.406,0.152));
#4311 = DIRECTION('',(0.,0.,-1.));
#4312 = DIRECTION('',(-1.,0.,0.));
#4313 = MANIFOLD_SOLID_BREP('',#4314);
#4314 = CLOSED_SHELL('',(#4315));
#4315 = ADVANCED_FACE('',(#4316),#4320,.T.);
#4316 = FACE_BOUND('',#4317,.T.);
#4317 = VERTEX_LOOP('',#4318);
#4318 = VERTEX_POINT('',#4319);
#4319 = CARTESIAN_POINT('',(-1.016,-0.813,0.3044));
#4320 = SPHERICAL_SURFACE('',#4321,0.1524);
#4321 = AXIS2_PLACEMENT_3D('',#4322,#4323,#4324);
#4322 = CARTESIAN_POINT('',(-1.016,-0.813,0.152));
#4323 = DIRECTION('',(0.,0.,-1.));
#4324 = DIRECTION('',(-1.,0.,0.));
#4325 = MANIFOLD_SOLID_BREP('',#4326);
#4326 = CLOSED_SHELL('',(#4327));
#4327 = ADVANCED_FACE('',(#4328),#4332,.T.);
#4328 = FACE_BOUND('',#4329,.T.);
#4329 = VERTEX_LOOP('',#4330);
#4330 = VERTEX_POINT('',#4331);
#4331 = CARTESIAN_POINT('',(-1.016,-0.813,0.3044));
#4332 = SPHERICAL_SURFACE('',#4333,0.1524);
#4333 = AXIS2_PLACEMENT_3D('',#4334,#4335,#4336);
#4334 = CARTESIAN_POINT('',(-1.016,-0.813,0.152));
#4335 = DIRECTION('',(0.,0.,-1.));
#4336 = DIRECTION('',(-1.,0.,0.));
#4337 = MANIFOLD_SOLID_BREP('',#4338);
#4338 = CLOSED_SHELL('',(#4339));
#4339 = ADVANCED_FACE('',(#4340),#4344,.T.);
#4340 = FACE_BOUND('',#4341,.T.);
#4341 = VERTEX_LOOP('',#4342);
#4342 = VERTEX_POINT('',#4343);
#4343 = CARTESIAN_POINT('',(-0.61,-0.813,0.3044));
#4344 = SPHERICAL_SURFACE('',#4345,0.1524);
#4345 = AXIS2_PLACEMENT_3D('',#4346,#4347,#4348);
#4346 = CARTESIAN_POINT('',(-0.61,-0.813,0.152));
#4347 = DIRECTION('',(0.,0.,-1.));
#4348 = DIRECTION('',(-1.,0.,0.));
#4349 = MANIFOLD_SOLID_BREP('',#4350);
#4350 = CLOSED_SHELL('',(#4351));
#4351 = ADVANCED_FACE('',(#4352),#4356,.T.);
#4352 = FACE_BOUND('',#4353,.T.);
#4353 = VERTEX_LOOP('',#4354);
#4354 = VERTEX_POINT('',#4355);
#4355 = CARTESIAN_POINT('',(-0.61,-0.813,0.3044));
#4356 = SPHERICAL_SURFACE('',#4357,0.1524);
#4357 = AXIS2_PLACEMENT_3D('',#4358,#4359,#4360);
#4358 = CARTESIAN_POINT('',(-0.61,-0.813,0.152));
#4359 = DIRECTION('',(0.,0.,-1.));
#4360 = DIRECTION('',(-1.,0.,0.));
#4361 = MANIFOLD_SOLID_BREP('',#4362);
#4362 = CLOSED_SHELL('',(#4363));
#4363 = ADVANCED_FACE('',(#4364),#4368,.T.);
#4364 = FACE_BOUND('',#4365,.T.);
#4365 = VERTEX_LOOP('',#4366);
#4366 = VERTEX_POINT('',#4367);
#4367 = CARTESIAN_POINT('',(-0.203,-0.813,0.3044));
#4368 = SPHERICAL_SURFACE('',#4369,0.1524);
#4369 = AXIS2_PLACEMENT_3D('',#4370,#4371,#4372);
#4370 = CARTESIAN_POINT('',(-0.203,-0.813,0.152));
#4371 = DIRECTION('',(0.,0.,-1.));
#4372 = DIRECTION('',(-1.,0.,0.));
#4373 = MANIFOLD_SOLID_BREP('',#4374);
#4374 = CLOSED_SHELL('',(#4375));
#4375 = ADVANCED_FACE('',(#4376),#4380,.T.);
#4376 = FACE_BOUND('',#4377,.T.);
#4377 = VERTEX_LOOP('',#4378);
#4378 = VERTEX_POINT('',#4379);
#4379 = CARTESIAN_POINT('',(-0.203,-0.813,0.3044));
#4380 = SPHERICAL_SURFACE('',#4381,0.1524);
#4381 = AXIS2_PLACEMENT_3D('',#4382,#4383,#4384);
#4382 = CARTESIAN_POINT('',(-0.203,-0.813,0.152));
#4383 = DIRECTION('',(0.,0.,-1.));
#4384 = DIRECTION('',(-1.,0.,0.));
#4385 = MANIFOLD_SOLID_BREP('',#4386);
#4386 = CLOSED_SHELL('',(#4387));
#4387 = ADVANCED_FACE('',(#4388),#4392,.T.);
#4388 = FACE_BOUND('',#4389,.T.);
#4389 = VERTEX_LOOP('',#4390);
#4390 = VERTEX_POINT('',#4391);
#4391 = CARTESIAN_POINT('',(0.203,-0.813,0.3044));
#4392 = SPHERICAL_SURFACE('',#4393,0.1524);
#4393 = AXIS2_PLACEMENT_3D('',#4394,#4395,#4396);
#4394 = CARTESIAN_POINT('',(0.203,-0.813,0.152));
#4395 = DIRECTION('',(0.,0.,-1.));
#4396 = DIRECTION('',(-1.,0.,0.));
#4397 = MANIFOLD_SOLID_BREP('',#4398);
#4398 = CLOSED_SHELL('',(#4399));
#4399 = ADVANCED_FACE('',(#4400),#4404,.T.);
#4400 = FACE_BOUND('',#4401,.T.);
#4401 = VERTEX_LOOP('',#4402);
#4402 = VERTEX_POINT('',#4403);
#4403 = CARTESIAN_POINT('',(0.203,-0.813,0.3044));
#4404 = SPHERICAL_SURFACE('',#4405,0.1524);
#4405 = AXIS2_PLACEMENT_3D('',#4406,#4407,#4408);
#4406 = CARTESIAN_POINT('',(0.203,-0.813,0.152));
#4407 = DIRECTION('',(0.,0.,-1.));
#4408 = DIRECTION('',(-1.,0.,0.));
#4409 = MANIFOLD_SOLID_BREP('',#4410);
#4410 = CLOSED_SHELL('',(#4411));
#4411 = ADVANCED_FACE('',(#4412),#4416,.T.);
#4412 = FACE_BOUND('',#4413,.T.);
#4413 = VERTEX_LOOP('',#4414);
#4414 = VERTEX_POINT('',#4415);
#4415 = CARTESIAN_POINT('',(0.61,-0.813,0.3044));
#4416 = SPHERICAL_SURFACE('',#4417,0.1524);
#4417 = AXIS2_PLACEMENT_3D('',#4418,#4419,#4420);
#4418 = CARTESIAN_POINT('',(0.61,-0.813,0.152));
#4419 = DIRECTION('',(0.,0.,-1.));
#4420 = DIRECTION('',(-1.,0.,0.));
#4421 = MANIFOLD_SOLID_BREP('',#4422);
#4422 = CLOSED_SHELL('',(#4423));
#4423 = ADVANCED_FACE('',(#4424),#4428,.T.);
#4424 = FACE_BOUND('',#4425,.T.);
#4425 = VERTEX_LOOP('',#4426);
#4426 = VERTEX_POINT('',#4427);
#4427 = CARTESIAN_POINT('',(0.61,-0.813,0.3044));
#4428 = SPHERICAL_SURFACE('',#4429,0.1524);
#4429 = AXIS2_PLACEMENT_3D('',#4430,#4431,#4432);
#4430 = CARTESIAN_POINT('',(0.61,-0.813,0.152));
#4431 = DIRECTION('',(0.,0.,-1.));
#4432 = DIRECTION('',(-1.,0.,0.));
#4433 = MANIFOLD_SOLID_BREP('',#4434);
#4434 = CLOSED_SHELL('',(#4435));
#4435 = ADVANCED_FACE('',(#4436),#4440,.T.);
#4436 = FACE_BOUND('',#4437,.T.);
#4437 = VERTEX_LOOP('',#4438);
#4438 = VERTEX_POINT('',#4439);
#4439 = CARTESIAN_POINT('',(1.016,-0.813,0.3044));
#4440 = SPHERICAL_SURFACE('',#4441,0.1524);
#4441 = AXIS2_PLACEMENT_3D('',#4442,#4443,#4444);
#4442 = CARTESIAN_POINT('',(1.016,-0.813,0.152));
#4443 = DIRECTION('',(0.,0.,-1.));
#4444 = DIRECTION('',(-1.,0.,0.));
#4445 = MANIFOLD_SOLID_BREP('',#4446);
#4446 = CLOSED_SHELL('',(#4447));
#4447 = ADVANCED_FACE('',(#4448),#4452,.T.);
#4448 = FACE_BOUND('',#4449,.T.);
#4449 = VERTEX_LOOP('',#4450);
#4450 = VERTEX_POINT('',#4451);
#4451 = CARTESIAN_POINT('',(1.016,-0.813,0.3044));
#4452 = SPHERICAL_SURFACE('',#4453,0.1524);
#4453 = AXIS2_PLACEMENT_3D('',#4454,#4455,#4456);
#4454 = CARTESIAN_POINT('',(1.016,-0.813,0.152));
#4455 = DIRECTION('',(0.,0.,-1.));
#4456 = DIRECTION('',(-1.,0.,0.));
#4457 = MANIFOLD_SOLID_BREP('',#4458);
#4458 = CLOSED_SHELL('',(#4459,#4491,#4500));
#4459 = ADVANCED_FACE('',(#4460),#4486,.T.);
#4460 = FACE_BOUND('',#4461,.T.);
#4461 = EDGE_LOOP('',(#4462,#4471,#4478,#4485));
#4462 = ORIENTED_EDGE('',*,*,#4463,.F.);
#4463 = EDGE_CURVE('',#4464,#4464,#4466,.T.);
#4464 = VERTEX_POINT('',#4465);
#4465 = CARTESIAN_POINT('',(-1.187,0.889,0.511));
#4466 = CIRCLE('',#4467,6.985E-02);
#4467 = AXIS2_PLACEMENT_3D('',#4468,#4469,#4470);
#4468 = CARTESIAN_POINT('',(-1.118,0.889,0.511));
#4469 = DIRECTION('',(0.,0.,1.));
#4470 = DIRECTION('',(1.,0.,-0.));
#4471 = ORIENTED_EDGE('',*,*,#4472,.F.);
#4472 = EDGE_CURVE('',#4473,#4464,#4475,.T.);
#4473 = VERTEX_POINT('',#4474);
#4474 = CARTESIAN_POINT('',(-1.187,0.889,0.508));
#4475 = B_SPLINE_CURVE_WITH_KNOTS('',1,(#4476,#4477),.UNSPECIFIED.,.F.,
  .F.,(2,2),(0.,3.E-03),.PIECEWISE_BEZIER_KNOTS.);
#4476 = CARTESIAN_POINT('',(-1.18785,0.889,0.508));
#4477 = CARTESIAN_POINT('',(-1.18785,0.889,0.511));
#4478 = ORIENTED_EDGE('',*,*,#4479,.F.);
#4479 = EDGE_CURVE('',#4473,#4473,#4480,.T.);
#4480 = CIRCLE('',#4481,6.985E-02);
#4481 = AXIS2_PLACEMENT_3D('',#4482,#4483,#4484);
#4482 = CARTESIAN_POINT('',(-1.118,0.889,0.508));
#4483 = DIRECTION('',(0.,0.,-1.));
#4484 = DIRECTION('',(1.,0.,0.));
#4485 = ORIENTED_EDGE('',*,*,#4472,.T.);
#4486 = CYLINDRICAL_SURFACE('',#4487,6.985E-02);
#4487 = AXIS2_PLACEMENT_3D('',#4488,#4489,#4490);
#4488 = CARTESIAN_POINT('',(-1.118,0.889,0.508));
#4489 = DIRECTION('',(0.,0.,1.));
#4490 = DIRECTION('',(1.,0.,-0.));
#4491 = ADVANCED_FACE('',(#4492),#4495,.F.);
#4492 = FACE_BOUND('',#4493,.T.);
#4493 = EDGE_LOOP('',(#4494));
#4494 = ORIENTED_EDGE('',*,*,#4479,.T.);
#4495 = PLANE('',#4496);
#4496 = AXIS2_PLACEMENT_3D('',#4497,#4498,#4499);
#4497 = CARTESIAN_POINT('',(-1.118,0.889,0.508));
#4498 = DIRECTION('',(0.,0.,1.));
#4499 = DIRECTION('',(0.,1.,0.));
#4500 = ADVANCED_FACE('',(#4501),#4504,.T.);
#4501 = FACE_BOUND('',#4502,.T.);
#4502 = EDGE_LOOP('',(#4503));
#4503 = ORIENTED_EDGE('',*,*,#4463,.T.);
#4504 = PLANE('',#4505);
#4505 = AXIS2_PLACEMENT_3D('',#4506,#4507,#4508);
#4506 = CARTESIAN_POINT('',(-1.118,0.889,0.511));
#4507 = DIRECTION('',(0.,0.,1.));
#4508 = DIRECTION('',(0.,1.,0.));
#4509 = MANIFOLD_SOLID_BREP('',#4510);
#4510 = CLOSED_SHELL('',(#4511,#4551,#4582,#4613,#4635,#4647));
#4511 = ADVANCED_FACE('',(#4512),#4546,.T.);
#4512 = FACE_BOUND('',#4513,.T.);
#4513 = EDGE_LOOP('',(#4514,#4524,#4532,#4540));
#4514 = ORIENTED_EDGE('',*,*,#4515,.F.);
#4515 = EDGE_CURVE('',#4516,#4518,#4520,.T.);
#4516 = VERTEX_POINT('',#4517);
#4517 = CARTESIAN_POINT('',(1.397,-1.168,0.304));
#4518 = VERTEX_POINT('',#4519);
#4519 = CARTESIAN_POINT('',(-1.397,-1.168,0.304));
#4520 = LINE('',#4521,#4522);
#4521 = CARTESIAN_POINT('',(1.397,-1.168,0.304));
#4522 = VECTOR('',#4523,1.);
#4523 = DIRECTION('',(-1.,0.,0.));
#4524 = ORIENTED_EDGE('',*,*,#4525,.F.);
#4525 = EDGE_CURVE('',#4526,#4516,#4528,.T.);
#4526 = VERTEX_POINT('',#4527);
#4527 = CARTESIAN_POINT('',(1.397,-1.168,0.508));
#4528 = LINE('',#4529,#4530);
#4529 = CARTESIAN_POINT('',(1.397,-1.168,0.508));
#4530 = VECTOR('',#4531,1.);
#4531 = DIRECTION('',(0.,0.,-1.));
#4532 = ORIENTED_EDGE('',*,*,#4533,.F.);
#4533 = EDGE_CURVE('',#4534,#4526,#4536,.T.);
#4534 = VERTEX_POINT('',#4535);
#4535 = CARTESIAN_POINT('',(-1.397,-1.168,0.508));
#4536 = LINE('',#4537,#4538);
#4537 = CARTESIAN_POINT('',(-1.397,-1.168,0.508));
#4538 = VECTOR('',#4539,1.);
#4539 = DIRECTION('',(1.,0.,0.));
#4540 = ORIENTED_EDGE('',*,*,#4541,.F.);
#4541 = EDGE_CURVE('',#4518,#4534,#4542,.T.);
#4542 = LINE('',#4543,#4544);
#4543 = CARTESIAN_POINT('',(-1.397,-1.168,0.304));
#4544 = VECTOR('',#4545,1.);
#4545 = DIRECTION('',(0.,0.,1.));
#4546 = PLANE('',#4547);
#4547 = AXIS2_PLACEMENT_3D('',#4548,#4549,#4550);
#4548 = CARTESIAN_POINT('',(-1.397,-1.168,0.304));
#4549 = DIRECTION('',(0.,-1.,0.));
#4550 = DIRECTION('',(0.,0.,1.));
#4551 = ADVANCED_FACE('',(#4552),#4577,.T.);
#4552 = FACE_BOUND('',#4553,.T.);
#4553 = EDGE_LOOP('',(#4554,#4562,#4570,#4576));
#4554 = ORIENTED_EDGE('',*,*,#4555,.F.);
#4555 = EDGE_CURVE('',#4556,#4516,#4558,.T.);
#4556 = VERTEX_POINT('',#4557);
#4557 = CARTESIAN_POINT('',(1.397,1.168,0.304));
#4558 = LINE('',#4559,#4560);
#4559 = CARTESIAN_POINT('',(1.397,1.168,0.304));
#4560 = VECTOR('',#4561,1.);
#4561 = DIRECTION('',(0.,-1.,0.));
#4562 = ORIENTED_EDGE('',*,*,#4563,.F.);
#4563 = EDGE_CURVE('',#4564,#4556,#4566,.T.);
#4564 = VERTEX_POINT('',#4565);
#4565 = CARTESIAN_POINT('',(1.397,1.168,0.508));
#4566 = LINE('',#4567,#4568);
#4567 = CARTESIAN_POINT('',(1.397,1.168,0.508));
#4568 = VECTOR('',#4569,1.);
#4569 = DIRECTION('',(0.,0.,-1.));
#4570 = ORIENTED_EDGE('',*,*,#4571,.F.);
#4571 = EDGE_CURVE('',#4526,#4564,#4572,.T.);
#4572 = LINE('',#4573,#4574);
#4573 = CARTESIAN_POINT('',(1.397,-1.168,0.508));
#4574 = VECTOR('',#4575,1.);
#4575 = DIRECTION('',(0.,1.,0.));
#4576 = ORIENTED_EDGE('',*,*,#4525,.T.);
#4577 = PLANE('',#4578);
#4578 = AXIS2_PLACEMENT_3D('',#4579,#4580,#4581);
#4579 = CARTESIAN_POINT('',(1.397,-1.168,0.304));
#4580 = DIRECTION('',(1.,0.,0.));
#4581 = DIRECTION('',(0.,0.,1.));
#4582 = ADVANCED_FACE('',(#4583),#4608,.T.);
#4583 = FACE_BOUND('',#4584,.T.);
#4584 = EDGE_LOOP('',(#4585,#4593,#4601,#4607));
#4585 = ORIENTED_EDGE('',*,*,#4586,.F.);
#4586 = EDGE_CURVE('',#4587,#4556,#4589,.T.);
#4587 = VERTEX_POINT('',#4588);
#4588 = CARTESIAN_POINT('',(-1.397,1.168,0.304));
#4589 = LINE('',#4590,#4591);
#4590 = CARTESIAN_POINT('',(-1.397,1.168,0.304));
#4591 = VECTOR('',#4592,1.);
#4592 = DIRECTION('',(1.,0.,0.));
#4593 = ORIENTED_EDGE('',*,*,#4594,.F.);
#4594 = EDGE_CURVE('',#4595,#4587,#4597,.T.);
#4595 = VERTEX_POINT('',#4596);
#4596 = CARTESIAN_POINT('',(-1.397,1.168,0.508));
#4597 = LINE('',#4598,#4599);
#4598 = CARTESIAN_POINT('',(-1.397,1.168,0.508));
#4599 = VECTOR('',#4600,1.);
#4600 = DIRECTION('',(0.,0.,-1.));
#4601 = ORIENTED_EDGE('',*,*,#4602,.F.);
#4602 = EDGE_CURVE('',#4564,#4595,#4603,.T.);
#4603 = LINE('',#4604,#4605);
#4604 = CARTESIAN_POINT('',(1.397,1.168,0.508));
#4605 = VECTOR('',#4606,1.);
#4606 = DIRECTION('',(-1.,0.,0.));
#4607 = ORIENTED_EDGE('',*,*,#4563,.T.);
#4608 = PLANE('',#4609);
#4609 = AXIS2_PLACEMENT_3D('',#4610,#4611,#4612);
#4610 = CARTESIAN_POINT('',(1.397,1.168,0.304));
#4611 = DIRECTION('',(0.,1.,0.));
#4612 = DIRECTION('',(0.,-0.,1.));
#4613 = ADVANCED_FACE('',(#4614),#4630,.T.);
#4614 = FACE_BOUND('',#4615,.T.);
#4615 = EDGE_LOOP('',(#4616,#4622,#4623,#4629));
#4616 = ORIENTED_EDGE('',*,*,#4617,.F.);
#4617 = EDGE_CURVE('',#4518,#4587,#4618,.T.);
#4618 = LINE('',#4619,#4620);
#4619 = CARTESIAN_POINT('',(-1.397,-1.168,0.304));
#4620 = VECTOR('',#4621,1.);
#4621 = DIRECTION('',(0.,1.,0.));
#4622 = ORIENTED_EDGE('',*,*,#4541,.T.);
#4623 = ORIENTED_EDGE('',*,*,#4624,.F.);
#4624 = EDGE_CURVE('',#4595,#4534,#4625,.T.);
#4625 = LINE('',#4626,#4627);
#4626 = CARTESIAN_POINT('',(-1.397,1.168,0.508));
#4627 = VECTOR('',#4628,1.);
#4628 = DIRECTION('',(0.,-1.,0.));
#4629 = ORIENTED_EDGE('',*,*,#4594,.T.);
#4630 = PLANE('',#4631);
#4631 = AXIS2_PLACEMENT_3D('',#4632,#4633,#4634);
#4632 = CARTESIAN_POINT('',(-1.397,1.168,0.304));
#4633 = DIRECTION('',(-1.,0.,0.));
#4634 = DIRECTION('',(0.,0.,1.));
#4635 = ADVANCED_FACE('',(#4636),#4642,.T.);
#4636 = FACE_BOUND('',#4637,.T.);
#4637 = EDGE_LOOP('',(#4638,#4639,#4640,#4641));
#4638 = ORIENTED_EDGE('',*,*,#4586,.T.);
#4639 = ORIENTED_EDGE('',*,*,#4555,.T.);
#4640 = ORIENTED_EDGE('',*,*,#4515,.T.);
#4641 = ORIENTED_EDGE('',*,*,#4617,.T.);
#4642 = PLANE('',#4643);
#4643 = AXIS2_PLACEMENT_3D('',#4644,#4645,#4646);
#4644 = CARTESIAN_POINT('',(-1.397,1.168,0.304));
#4645 = DIRECTION('',(0.,0.,-1.));
#4646 = DIRECTION('',(0.,1.,0.));
#4647 = ADVANCED_FACE('',(#4648),#4654,.T.);
#4648 = FACE_BOUND('',#4649,.T.);
#4649 = EDGE_LOOP('',(#4650,#4651,#4652,#4653));
#4650 = ORIENTED_EDGE('',*,*,#4533,.T.);
#4651 = ORIENTED_EDGE('',*,*,#4571,.T.);
#4652 = ORIENTED_EDGE('',*,*,#4602,.T.);
#4653 = ORIENTED_EDGE('',*,*,#4624,.T.);
#4654 = PLANE('',#4655);
#4655 = AXIS2_PLACEMENT_3D('',#4656,#4657,#4658);
#4656 = CARTESIAN_POINT('',(-1.397,-1.168,0.508));
#4657 = DIRECTION('',(0.,0.,1.));
#4658 = DIRECTION('',(0.,1.,0.));
#4659 = ( GEOMETRIC_REPRESENTATION_CONTEXT(3) 
GLOBAL_UNCERTAINTY_ASSIGNED_CONTEXT((#4663)) 
GLOBAL_UNIT_ASSIGNED_CONTEXT((#4660,#4661,#4662)) REPRESENTATION_CONTEXT
('Context #1','3D Context with UNIT and UNCERTAINTY') );
#4660 = ( LENGTH_UNIT() NAMED_UNIT(*) SI_UNIT(.MILLI.,.METRE.) );
#4661 = ( NAMED_UNIT(*) PLANE_ANGLE_UNIT() SI_UNIT($,.RADIAN.) );
#4662 = ( NAMED_UNIT(*) SI_UNIT($,.STERADIAN.) SOLID_ANGLE_UNIT() );
#4663 = UNCERTAINTY_MEASURE_WITH_UNIT(LENGTH_MEASURE(1.E-05),#4660,
  'distance_accuracy_value','confusion accuracy');
#4664 = CONTEXT_DEPENDENT_SHAPE_REPRESENTATION(#4665,#4667);
#4665 = ( REPRESENTATION_RELATIONSHIP('','',#3736,#10) 
REPRESENTATION_RELATIONSHIP_WITH_TRANSFORMATION(#4666) 
SHAPE_REPRESENTATION_RELATIONSHIP() );
#4666 = ITEM_DEFINED_TRANSFORMATION('','',#11,#59);
#4667 = PRODUCT_DEFINITION_SHAPE('Placement','Placement of an item',
  #4668);
#4668 = NEXT_ASSEMBLY_USAGE_OCCURRENCE('15','U1','',#5,#3731,$);
#4669 = PRODUCT_RELATED_PRODUCT_CATEGORY('part',$,(#3733));
#4670 = SHAPE_DEFINITION_REPRESENTATION(#4671,#4677);
#4671 = PRODUCT_DEFINITION_SHAPE('','',#4672);
#4672 = PRODUCT_DEFINITION('design','',#4673,#4676);
#4673 = PRODUCT_DEFINITION_FORMATION('','',#4674);
#4674 = PRODUCT('AT25SL321-UUE-T','AT25SL321-UUE-T','',(#4675));
#4675 = PRODUCT_CONTEXT('',#2,'mechanical');
#4676 = PRODUCT_DEFINITION_CONTEXT('part definition',#2,'design');
#4677 = SHAPE_REPRESENTATION('',(#11,#4678,#4682),#4686);
#4678 = AXIS2_PLACEMENT_3D('',#4679,#4680,#4681);
#4679 = CARTESIAN_POINT('',(0.,0.,0.));
#4680 = DIRECTION('',(0.,0.,1.));
#4681 = DIRECTION('',(1.,0.,0.));
#4682 = AXIS2_PLACEMENT_3D('',#4683,#4684,#4685);
#4683 = CARTESIAN_POINT('',(0.,0.,0.));
#4684 = DIRECTION('',(0.,0.,1.));
#4685 = DIRECTION('',(1.,0.,0.));
#4686 = ( GEOMETRIC_REPRESENTATION_CONTEXT(3) 
GLOBAL_UNCERTAINTY_ASSIGNED_CONTEXT((#4690)) 
GLOBAL_UNIT_ASSIGNED_CONTEXT((#4687,#4688,#4689)) REPRESENTATION_CONTEXT
('Context #1','3D Context with UNIT and UNCERTAINTY') );
#4687 = ( LENGTH_UNIT() NAMED_UNIT(*) SI_UNIT(.MILLI.,.METRE.) );
#4688 = ( NAMED_UNIT(*) PLANE_ANGLE_UNIT() SI_UNIT($,.RADIAN.) );
#4689 = ( NAMED_UNIT(*) SI_UNIT($,.STERADIAN.) SOLID_ANGLE_UNIT() );
#4690 = UNCERTAINTY_MEASURE_WITH_UNIT(LENGTH_MEASURE(1.E-07),#4687,
  'distance_accuracy_value','confusion accuracy');
#4691 = CONTEXT_DEPENDENT_SHAPE_REPRESENTATION(#4692,#4694);
#4692 = ( REPRESENTATION_RELATIONSHIP('','',#4677,#10) 
REPRESENTATION_RELATIONSHIP_WITH_TRANSFORMATION(#4693) 
SHAPE_REPRESENTATION_RELATIONSHIP() );
#4693 = ITEM_DEFINED_TRANSFORMATION('','',#11,#63);
#4694 = PRODUCT_DEFINITION_SHAPE('Placement','Placement of an item',
  #4695);
#4695 = NEXT_ASSEMBLY_USAGE_OCCURRENCE('18','U3','',#5,#4672,$);
#4696 = PRODUCT_RELATED_PRODUCT_CATEGORY('part',$,(#4674));
#4697 = SHAPE_DEFINITION_REPRESENTATION(#4698,#4704);
#4698 = PRODUCT_DEFINITION_SHAPE('','',#4699);
#4699 = PRODUCT_DEFINITION('design','',#4700,#4703);
#4700 = PRODUCT_DEFINITION_FORMATION('','',#4701);
#4701 = PRODUCT('Array','Array','',(#4702));
#4702 = PRODUCT_CONTEXT('',#2,'mechanical');
#4703 = PRODUCT_DEFINITION_CONTEXT('part definition',#2,'design');
#4704 = SHAPE_REPRESENTATION('',(#11,#4705,#4717,#4729,#4741,#4753,#4765
    ,#4777,#4789),#4801);
#4705 = MANIFOLD_SOLID_BREP('',#4706);
#4706 = CLOSED_SHELL('',(#4707));
#4707 = ADVANCED_FACE('',(#4708),#4712,.T.);
#4708 = FACE_BOUND('',#4709,.T.);
#4709 = VERTEX_LOOP('',#4710);
#4710 = VERTEX_POINT('',#4711);
#4711 = CARTESIAN_POINT('',(-0.25,0.75,0.));
#4712 = SPHERICAL_SURFACE('',#4713,0.1375);
#4713 = AXIS2_PLACEMENT_3D('',#4714,#4715,#4716);
#4714 = CARTESIAN_POINT('',(-0.25,0.75,0.1375));
#4715 = DIRECTION('',(0.,0.,1.));
#4716 = DIRECTION('',(1.,0.,-0.));
#4717 = MANIFOLD_SOLID_BREP('',#4718);
#4718 = CLOSED_SHELL('',(#4719));
#4719 = ADVANCED_FACE('',(#4720),#4724,.T.);
#4720 = FACE_BOUND('',#4721,.T.);
#4721 = VERTEX_LOOP('',#4722);
#4722 = VERTEX_POINT('',#4723);
#4723 = CARTESIAN_POINT('',(-0.25,0.25,0.));
#4724 = SPHERICAL_SURFACE('',#4725,0.1375);
#4725 = AXIS2_PLACEMENT_3D('',#4726,#4727,#4728);
#4726 = CARTESIAN_POINT('',(-0.25,0.25,0.1375));
#4727 = DIRECTION('',(0.,0.,1.));
#4728 = DIRECTION('',(1.,0.,-0.));
#4729 = MANIFOLD_SOLID_BREP('',#4730);
#4730 = CLOSED_SHELL('',(#4731));
#4731 = ADVANCED_FACE('',(#4732),#4736,.T.);
#4732 = FACE_BOUND('',#4733,.T.);
#4733 = VERTEX_LOOP('',#4734);
#4734 = VERTEX_POINT('',#4735);
#4735 = CARTESIAN_POINT('',(-0.25,-0.25,0.));
#4736 = SPHERICAL_SURFACE('',#4737,0.1375);
#4737 = AXIS2_PLACEMENT_3D('',#4738,#4739,#4740);
#4738 = CARTESIAN_POINT('',(-0.25,-0.25,0.1375));
#4739 = DIRECTION('',(0.,0.,1.));
#4740 = DIRECTION('',(1.,0.,-0.));
#4741 = MANIFOLD_SOLID_BREP('',#4742);
#4742 = CLOSED_SHELL('',(#4743));
#4743 = ADVANCED_FACE('',(#4744),#4748,.T.);
#4744 = FACE_BOUND('',#4745,.T.);
#4745 = VERTEX_LOOP('',#4746);
#4746 = VERTEX_POINT('',#4747);
#4747 = CARTESIAN_POINT('',(-0.25,-0.75,0.));
#4748 = SPHERICAL_SURFACE('',#4749,0.1375);
#4749 = AXIS2_PLACEMENT_3D('',#4750,#4751,#4752);
#4750 = CARTESIAN_POINT('',(-0.25,-0.75,0.1375));
#4751 = DIRECTION('',(0.,0.,1.));
#4752 = DIRECTION('',(1.,0.,-0.));
#4753 = MANIFOLD_SOLID_BREP('',#4754);
#4754 = CLOSED_SHELL('',(#4755));
#4755 = ADVANCED_FACE('',(#4756),#4760,.T.);
#4756 = FACE_BOUND('',#4757,.T.);
#4757 = VERTEX_LOOP('',#4758);
#4758 = VERTEX_POINT('',#4759);
#4759 = CARTESIAN_POINT('',(0.25,0.75,0.));
#4760 = SPHERICAL_SURFACE('',#4761,0.1375);
#4761 = AXIS2_PLACEMENT_3D('',#4762,#4763,#4764);
#4762 = CARTESIAN_POINT('',(0.25,0.75,0.1375));
#4763 = DIRECTION('',(0.,0.,1.));
#4764 = DIRECTION('',(1.,0.,-0.));
#4765 = MANIFOLD_SOLID_BREP('',#4766);
#4766 = CLOSED_SHELL('',(#4767));
#4767 = ADVANCED_FACE('',(#4768),#4772,.T.);
#4768 = FACE_BOUND('',#4769,.T.);
#4769 = VERTEX_LOOP('',#4770);
#4770 = VERTEX_POINT('',#4771);
#4771 = CARTESIAN_POINT('',(0.25,0.25,0.));
#4772 = SPHERICAL_SURFACE('',#4773,0.1375);
#4773 = AXIS2_PLACEMENT_3D('',#4774,#4775,#4776);
#4774 = CARTESIAN_POINT('',(0.25,0.25,0.1375));
#4775 = DIRECTION('',(0.,0.,1.));
#4776 = DIRECTION('',(1.,0.,-0.));
#4777 = MANIFOLD_SOLID_BREP('',#4778);
#4778 = CLOSED_SHELL('',(#4779));
#4779 = ADVANCED_FACE('',(#4780),#4784,.T.);
#4780 = FACE_BOUND('',#4781,.T.);
#4781 = VERTEX_LOOP('',#4782);
#4782 = VERTEX_POINT('',#4783);
#4783 = CARTESIAN_POINT('',(0.25,-0.25,0.));
#4784 = SPHERICAL_SURFACE('',#4785,0.1375);
#4785 = AXIS2_PLACEMENT_3D('',#4786,#4787,#4788);
#4786 = CARTESIAN_POINT('',(0.25,-0.25,0.1375));
#4787 = DIRECTION('',(0.,0.,1.));
#4788 = DIRECTION('',(1.,0.,-0.));
#4789 = MANIFOLD_SOLID_BREP('',#4790);
#4790 = CLOSED_SHELL('',(#4791));
#4791 = ADVANCED_FACE('',(#4792),#4796,.T.);
#4792 = FACE_BOUND('',#4793,.T.);
#4793 = VERTEX_LOOP('',#4794);
#4794 = VERTEX_POINT('',#4795);
#4795 = CARTESIAN_POINT('',(0.25,-0.75,0.));
#4796 = SPHERICAL_SURFACE('',#4797,0.1375);
#4797 = AXIS2_PLACEMENT_3D('',#4798,#4799,#4800);
#4798 = CARTESIAN_POINT('',(0.25,-0.75,0.1375));
#4799 = DIRECTION('',(0.,0.,1.));
#4800 = DIRECTION('',(1.,0.,-0.));
#4801 = ( GEOMETRIC_REPRESENTATION_CONTEXT(3) 
GLOBAL_UNCERTAINTY_ASSIGNED_CONTEXT((#4805)) 
GLOBAL_UNIT_ASSIGNED_CONTEXT((#4802,#4803,#4804)) REPRESENTATION_CONTEXT
('Context #1','3D Context with UNIT and UNCERTAINTY') );
#4802 = ( LENGTH_UNIT() NAMED_UNIT(*) SI_UNIT(.MILLI.,.METRE.) );
#4803 = ( NAMED_UNIT(*) PLANE_ANGLE_UNIT() SI_UNIT($,.RADIAN.) );
#4804 = ( NAMED_UNIT(*) SI_UNIT($,.STERADIAN.) SOLID_ANGLE_UNIT() );
#4805 = UNCERTAINTY_MEASURE_WITH_UNIT(LENGTH_MEASURE(1.E-07),#4802,
  'distance_accuracy_value','confusion accuracy');
#4806 = CONTEXT_DEPENDENT_SHAPE_REPRESENTATION(#4807,#4809);
#4807 = ( REPRESENTATION_RELATIONSHIP('','',#4704,#4677) 
REPRESENTATION_RELATIONSHIP_WITH_TRANSFORMATION(#4808) 
SHAPE_REPRESENTATION_RELATIONSHIP() );
#4808 = ITEM_DEFINED_TRANSFORMATION('','',#11,#4678);
#4809 = PRODUCT_DEFINITION_SHAPE('Placement','Placement of an item',
  #4810);
#4810 = NEXT_ASSEMBLY_USAGE_OCCURRENCE('16','=>[0:1:1:2]','',#4672,#4699
  ,$);
#4811 = PRODUCT_RELATED_PRODUCT_CATEGORY('part',$,(#4701));
#4812 = SHAPE_DEFINITION_REPRESENTATION(#4813,#4819);
#4813 = PRODUCT_DEFINITION_SHAPE('','',#4814);
#4814 = PRODUCT_DEFINITION('design','',#4815,#4818);
#4815 = PRODUCT_DEFINITION_FORMATION('','',#4816);
#4816 = PRODUCT('Body','Body','',(#4817));
#4817 = PRODUCT_CONTEXT('',#2,'mechanical');
#4818 = PRODUCT_DEFINITION_CONTEXT('part definition',#2,'design');
#4819 = ADVANCED_BREP_SHAPE_REPRESENTATION('',(#11,#4820),#5015);
#4820 = MANIFOLD_SOLID_BREP('',#4821);
#4821 = CLOSED_SHELL('',(#4822,#4862,#4893,#4928,#4952,#4969,#4981,#5006
    ));
#4822 = ADVANCED_FACE('',(#4823),#4857,.F.);
#4823 = FACE_BOUND('',#4824,.F.);
#4824 = EDGE_LOOP('',(#4825,#4835,#4843,#4851));
#4825 = ORIENTED_EDGE('',*,*,#4826,.F.);
#4826 = EDGE_CURVE('',#4827,#4829,#4831,.T.);
#4827 = VERTEX_POINT('',#4828);
#4828 = CARTESIAN_POINT('',(-0.7755,-1.142,0.275));
#4829 = VERTEX_POINT('',#4830);
#4830 = CARTESIAN_POINT('',(-0.7755,-1.142,0.52));
#4831 = LINE('',#4832,#4833);
#4832 = CARTESIAN_POINT('',(-0.7755,-1.142,0.275));
#4833 = VECTOR('',#4834,1.);
#4834 = DIRECTION('',(0.,0.,1.));
#4835 = ORIENTED_EDGE('',*,*,#4836,.T.);
#4836 = EDGE_CURVE('',#4827,#4837,#4839,.T.);
#4837 = VERTEX_POINT('',#4838);
#4838 = CARTESIAN_POINT('',(-0.7755,1.142,0.275));
#4839 = LINE('',#4840,#4841);
#4840 = CARTESIAN_POINT('',(-0.7755,-1.142,0.275));
#4841 = VECTOR('',#4842,1.);
#4842 = DIRECTION('',(0.,1.,0.));
#4843 = ORIENTED_EDGE('',*,*,#4844,.T.);
#4844 = EDGE_CURVE('',#4837,#4845,#4847,.T.);
#4845 = VERTEX_POINT('',#4846);
#4846 = CARTESIAN_POINT('',(-0.7755,1.142,0.52));
#4847 = LINE('',#4848,#4849);
#4848 = CARTESIAN_POINT('',(-0.7755,1.142,0.275));
#4849 = VECTOR('',#4850,1.);
#4850 = DIRECTION('',(0.,0.,1.));
#4851 = ORIENTED_EDGE('',*,*,#4852,.F.);
#4852 = EDGE_CURVE('',#4829,#4845,#4853,.T.);
#4853 = LINE('',#4854,#4855);
#4854 = CARTESIAN_POINT('',(-0.7755,-1.142,0.52));
#4855 = VECTOR('',#4856,1.);
#4856 = DIRECTION('',(0.,1.,0.));
#4857 = PLANE('',#4858);
#4858 = AXIS2_PLACEMENT_3D('',#4859,#4860,#4861);
#4859 = CARTESIAN_POINT('',(-0.7755,-1.142,0.275));
#4860 = DIRECTION('',(1.,0.,0.));
#4861 = DIRECTION('',(0.,0.,1.));
#4862 = ADVANCED_FACE('',(#4863),#4888,.F.);
#4863 = FACE_BOUND('',#4864,.F.);
#4864 = EDGE_LOOP('',(#4865,#4873,#4874,#4882));
#4865 = ORIENTED_EDGE('',*,*,#4866,.F.);
#4866 = EDGE_CURVE('',#4827,#4867,#4869,.T.);
#4867 = VERTEX_POINT('',#4868);
#4868 = CARTESIAN_POINT('',(0.7755,-1.142,0.275));
#4869 = LINE('',#4870,#4871);
#4870 = CARTESIAN_POINT('',(-0.7755,-1.142,0.275));
#4871 = VECTOR('',#4872,1.);
#4872 = DIRECTION('',(1.,0.,0.));
#4873 = ORIENTED_EDGE('',*,*,#4826,.T.);
#4874 = ORIENTED_EDGE('',*,*,#4875,.T.);
#4875 = EDGE_CURVE('',#4829,#4876,#4878,.T.);
#4876 = VERTEX_POINT('',#4877);
#4877 = CARTESIAN_POINT('',(0.7755,-1.142,0.52));
#4878 = LINE('',#4879,#4880);
#4879 = CARTESIAN_POINT('',(-0.7755,-1.142,0.52));
#4880 = VECTOR('',#4881,1.);
#4881 = DIRECTION('',(1.,0.,0.));
#4882 = ORIENTED_EDGE('',*,*,#4883,.F.);
#4883 = EDGE_CURVE('',#4867,#4876,#4884,.T.);
#4884 = LINE('',#4885,#4886);
#4885 = CARTESIAN_POINT('',(0.7755,-1.142,0.275));
#4886 = VECTOR('',#4887,1.);
#4887 = DIRECTION('',(0.,0.,1.));
#4888 = PLANE('',#4889);
#4889 = AXIS2_PLACEMENT_3D('',#4890,#4891,#4892);
#4890 = CARTESIAN_POINT('',(-0.7755,-1.142,0.275));
#4891 = DIRECTION('',(0.,1.,0.));
#4892 = DIRECTION('',(0.,-0.,1.));
#4893 = ADVANCED_FACE('',(#4894,#4912),#4923,.T.);
#4894 = FACE_BOUND('',#4895,.T.);
#4895 = EDGE_LOOP('',(#4896,#4897,#4898,#4906));
#4896 = ORIENTED_EDGE('',*,*,#4852,.F.);
#4897 = ORIENTED_EDGE('',*,*,#4875,.T.);
#4898 = ORIENTED_EDGE('',*,*,#4899,.T.);
#4899 = EDGE_CURVE('',#4876,#4900,#4902,.T.);
#4900 = VERTEX_POINT('',#4901);
#4901 = CARTESIAN_POINT('',(0.7755,1.142,0.52));
#4902 = LINE('',#4903,#4904);
#4903 = CARTESIAN_POINT('',(0.7755,-1.142,0.52));
#4904 = VECTOR('',#4905,1.);
#4905 = DIRECTION('',(0.,1.,0.));
#4906 = ORIENTED_EDGE('',*,*,#4907,.F.);
#4907 = EDGE_CURVE('',#4845,#4900,#4908,.T.);
#4908 = LINE('',#4909,#4910);
#4909 = CARTESIAN_POINT('',(-0.7755,1.142,0.52));
#4910 = VECTOR('',#4911,1.);
#4911 = DIRECTION('',(1.,0.,0.));
#4912 = FACE_BOUND('',#4913,.T.);
#4913 = EDGE_LOOP('',(#4914));
#4914 = ORIENTED_EDGE('',*,*,#4915,.F.);
#4915 = EDGE_CURVE('',#4916,#4916,#4918,.T.);
#4916 = VERTEX_POINT('',#4917);
#4917 = CARTESIAN_POINT('',(-0.4846875,0.948125,0.52));
#4918 = CIRCLE('',#4919,9.69375E-02);
#4919 = AXIS2_PLACEMENT_3D('',#4920,#4921,#4922);
#4920 = CARTESIAN_POINT('',(-0.581625,0.948125,0.52));
#4921 = DIRECTION('',(0.,0.,1.));
#4922 = DIRECTION('',(1.,0.,-0.));
#4923 = PLANE('',#4924);
#4924 = AXIS2_PLACEMENT_3D('',#4925,#4926,#4927);
#4925 = CARTESIAN_POINT('',(-0.7755,-1.142,0.52));
#4926 = DIRECTION('',(0.,0.,1.));
#4927 = DIRECTION('',(1.,0.,-0.));
#4928 = ADVANCED_FACE('',(#4929),#4947,.T.);
#4929 = FACE_BOUND('',#4930,.T.);
#4930 = EDGE_LOOP('',(#4931,#4939,#4940,#4941));
#4931 = ORIENTED_EDGE('',*,*,#4932,.F.);
#4932 = EDGE_CURVE('',#4837,#4933,#4935,.T.);
#4933 = VERTEX_POINT('',#4934);
#4934 = CARTESIAN_POINT('',(0.7755,1.142,0.275));
#4935 = LINE('',#4936,#4937);
#4936 = CARTESIAN_POINT('',(-0.7755,1.142,0.275));
#4937 = VECTOR('',#4938,1.);
#4938 = DIRECTION('',(1.,0.,0.));
#4939 = ORIENTED_EDGE('',*,*,#4844,.T.);
#4940 = ORIENTED_EDGE('',*,*,#4907,.T.);
#4941 = ORIENTED_EDGE('',*,*,#4942,.F.);
#4942 = EDGE_CURVE('',#4933,#4900,#4943,.T.);
#4943 = LINE('',#4944,#4945);
#4944 = CARTESIAN_POINT('',(0.7755,1.142,0.275));
#4945 = VECTOR('',#4946,1.);
#4946 = DIRECTION('',(0.,0.,1.));
#4947 = PLANE('',#4948);
#4948 = AXIS2_PLACEMENT_3D('',#4949,#4950,#4951);
#4949 = CARTESIAN_POINT('',(-0.7755,1.142,0.275));
#4950 = DIRECTION('',(0.,1.,0.));
#4951 = DIRECTION('',(0.,-0.,1.));
#4952 = ADVANCED_FACE('',(#4953),#4964,.F.);
#4953 = FACE_BOUND('',#4954,.F.);
#4954 = EDGE_LOOP('',(#4955,#4956,#4957,#4963));
#4955 = ORIENTED_EDGE('',*,*,#4836,.F.);
#4956 = ORIENTED_EDGE('',*,*,#4866,.T.);
#4957 = ORIENTED_EDGE('',*,*,#4958,.T.);
#4958 = EDGE_CURVE('',#4867,#4933,#4959,.T.);
#4959 = LINE('',#4960,#4961);
#4960 = CARTESIAN_POINT('',(0.7755,-1.142,0.275));
#4961 = VECTOR('',#4962,1.);
#4962 = DIRECTION('',(0.,1.,0.));
#4963 = ORIENTED_EDGE('',*,*,#4932,.F.);
#4964 = PLANE('',#4965);
#4965 = AXIS2_PLACEMENT_3D('',#4966,#4967,#4968);
#4966 = CARTESIAN_POINT('',(-0.7755,-1.142,0.275));
#4967 = DIRECTION('',(0.,0.,1.));
#4968 = DIRECTION('',(1.,0.,-0.));
#4969 = ADVANCED_FACE('',(#4970),#4976,.T.);
#4970 = FACE_BOUND('',#4971,.T.);
#4971 = EDGE_LOOP('',(#4972,#4973,#4974,#4975));
#4972 = ORIENTED_EDGE('',*,*,#4883,.F.);
#4973 = ORIENTED_EDGE('',*,*,#4958,.T.);
#4974 = ORIENTED_EDGE('',*,*,#4942,.T.);
#4975 = ORIENTED_EDGE('',*,*,#4899,.F.);
#4976 = PLANE('',#4977);
#4977 = AXIS2_PLACEMENT_3D('',#4978,#4979,#4980);
#4978 = CARTESIAN_POINT('',(0.7755,-1.142,0.275));
#4979 = DIRECTION('',(1.,0.,0.));
#4980 = DIRECTION('',(0.,0.,1.));
#4981 = ADVANCED_FACE('',(#4982),#5001,.F.);
#4982 = FACE_BOUND('',#4983,.F.);
#4983 = EDGE_LOOP('',(#4984,#4992,#4993,#4994));
#4984 = ORIENTED_EDGE('',*,*,#4985,.T.);
#4985 = EDGE_CURVE('',#4986,#4916,#4988,.T.);
#4986 = VERTEX_POINT('',#4987);
#4987 = CARTESIAN_POINT('',(-0.4846875,0.948125,0.468));
#4988 = LINE('',#4989,#4990);
#4989 = CARTESIAN_POINT('',(-0.4846875,0.948125,0.468));
#4990 = VECTOR('',#4991,1.);
#4991 = DIRECTION('',(0.,0.,1.));
#4992 = ORIENTED_EDGE('',*,*,#4915,.F.);
#4993 = ORIENTED_EDGE('',*,*,#4985,.F.);
#4994 = ORIENTED_EDGE('',*,*,#4995,.T.);
#4995 = EDGE_CURVE('',#4986,#4986,#4996,.T.);
#4996 = CIRCLE('',#4997,9.69375E-02);
#4997 = AXIS2_PLACEMENT_3D('',#4998,#4999,#5000);
#4998 = CARTESIAN_POINT('',(-0.581625,0.948125,0.468));
#4999 = DIRECTION('',(0.,0.,1.));
#5000 = DIRECTION('',(1.,0.,-0.));
#5001 = CYLINDRICAL_SURFACE('',#5002,9.69375E-02);
#5002 = AXIS2_PLACEMENT_3D('',#5003,#5004,#5005);
#5003 = CARTESIAN_POINT('',(-0.581625,0.948125,0.468));
#5004 = DIRECTION('',(0.,0.,1.));
#5005 = DIRECTION('',(1.,0.,-0.));
#5006 = ADVANCED_FACE('',(#5007),#5010,.T.);
#5007 = FACE_BOUND('',#5008,.F.);
#5008 = EDGE_LOOP('',(#5009));
#5009 = ORIENTED_EDGE('',*,*,#4995,.F.);
#5010 = PLANE('',#5011);
#5011 = AXIS2_PLACEMENT_3D('',#5012,#5013,#5014);
#5012 = CARTESIAN_POINT('',(-0.581625,0.948125,0.468));
#5013 = DIRECTION('',(0.,0.,1.));
#5014 = DIRECTION('',(1.,0.,-0.));
#5015 = ( GEOMETRIC_REPRESENTATION_CONTEXT(3) 
GLOBAL_UNCERTAINTY_ASSIGNED_CONTEXT((#5019)) 
GLOBAL_UNIT_ASSIGNED_CONTEXT((#5016,#5017,#5018)) REPRESENTATION_CONTEXT
('Context #1','3D Context with UNIT and UNCERTAINTY') );
#5016 = ( LENGTH_UNIT() NAMED_UNIT(*) SI_UNIT(.MILLI.,.METRE.) );
#5017 = ( NAMED_UNIT(*) PLANE_ANGLE_UNIT() SI_UNIT($,.RADIAN.) );
#5018 = ( NAMED_UNIT(*) SI_UNIT($,.STERADIAN.) SOLID_ANGLE_UNIT() );
#5019 = UNCERTAINTY_MEASURE_WITH_UNIT(LENGTH_MEASURE(1.E-07),#5016,
  'distance_accuracy_value','confusion accuracy');
#5020 = CONTEXT_DEPENDENT_SHAPE_REPRESENTATION(#5021,#5023);
#5021 = ( REPRESENTATION_RELATIONSHIP('','',#4819,#4677) 
REPRESENTATION_RELATIONSHIP_WITH_TRANSFORMATION(#5022) 
SHAPE_REPRESENTATION_RELATIONSHIP() );
#5022 = ITEM_DEFINED_TRANSFORMATION('','',#11,#4682);
#5023 = PRODUCT_DEFINITION_SHAPE('Placement','Placement of an item',
  #5024);
#5024 = NEXT_ASSEMBLY_USAGE_OCCURRENCE('17','=>[0:1:1:3]','',#4672,#4814
  ,$);
#5025 = PRODUCT_RELATED_PRODUCT_CATEGORY('part',$,(#4816));
#5026 = CONTEXT_DEPENDENT_SHAPE_REPRESENTATION(#5027,#5029);
#5027 = ( REPRESENTATION_RELATIONSHIP('','',#168,#10) 
REPRESENTATION_RELATIONSHIP_WITH_TRANSFORMATION(#5028) 
SHAPE_REPRESENTATION_RELATIONSHIP() );
#5028 = ITEM_DEFINED_TRANSFORMATION('','',#11,#67);
#5029 = PRODUCT_DEFINITION_SHAPE('Placement','Placement of an item',
  #5030);
#5030 = NEXT_ASSEMBLY_USAGE_OCCURRENCE('19','C9','',#5,#163,$);
#5031 = CONTEXT_DEPENDENT_SHAPE_REPRESENTATION(#5032,#5034);
#5032 = ( REPRESENTATION_RELATIONSHIP('','',#168,#10) 
REPRESENTATION_RELATIONSHIP_WITH_TRANSFORMATION(#5033) 
SHAPE_REPRESENTATION_RELATIONSHIP() );
#5033 = ITEM_DEFINED_TRANSFORMATION('','',#11,#71);
#5034 = PRODUCT_DEFINITION_SHAPE('Placement','Placement of an item',
  #5035);
#5035 = NEXT_ASSEMBLY_USAGE_OCCURRENCE('20','C18','',#5,#163,$);
#5036 = CONTEXT_DEPENDENT_SHAPE_REPRESENTATION(#5037,#5039);
#5037 = ( REPRESENTATION_RELATIONSHIP('','',#168,#10) 
REPRESENTATION_RELATIONSHIP_WITH_TRANSFORMATION(#5038) 
SHAPE_REPRESENTATION_RELATIONSHIP() );
#5038 = ITEM_DEFINED_TRANSFORMATION('','',#11,#75);
#5039 = PRODUCT_DEFINITION_SHAPE('Placement','Placement of an item',
  #5040);
#5040 = NEXT_ASSEMBLY_USAGE_OCCURRENCE('21','C15','',#5,#163,$);
#5041 = CONTEXT_DEPENDENT_SHAPE_REPRESENTATION(#5042,#5044);
#5042 = ( REPRESENTATION_RELATIONSHIP('','',#168,#10) 
REPRESENTATION_RELATIONSHIP_WITH_TRANSFORMATION(#5043) 
SHAPE_REPRESENTATION_RELATIONSHIP() );
#5043 = ITEM_DEFINED_TRANSFORMATION('','',#11,#79);
#5044 = PRODUCT_DEFINITION_SHAPE('Placement','Placement of an item',
  #5045);
#5045 = NEXT_ASSEMBLY_USAGE_OCCURRENCE('22','C11','',#5,#163,$);
#5046 = CONTEXT_DEPENDENT_SHAPE_REPRESENTATION(#5047,#5049);
#5047 = ( REPRESENTATION_RELATIONSHIP('','',#168,#10) 
REPRESENTATION_RELATIONSHIP_WITH_TRANSFORMATION(#5048) 
SHAPE_REPRESENTATION_RELATIONSHIP() );
#5048 = ITEM_DEFINED_TRANSFORMATION('','',#11,#83);
#5049 = PRODUCT_DEFINITION_SHAPE('Placement','Placement of an item',
  #5050);
#5050 = NEXT_ASSEMBLY_USAGE_OCCURRENCE('23','C2','',#5,#163,$);
#5051 = CONTEXT_DEPENDENT_SHAPE_REPRESENTATION(#5052,#5054);
#5052 = ( REPRESENTATION_RELATIONSHIP('','',#168,#10) 
REPRESENTATION_RELATIONSHIP_WITH_TRANSFORMATION(#5053) 
SHAPE_REPRESENTATION_RELATIONSHIP() );
#5053 = ITEM_DEFINED_TRANSFORMATION('','',#11,#87);
#5054 = PRODUCT_DEFINITION_SHAPE('Placement','Placement of an item',
  #5055);
#5055 = NEXT_ASSEMBLY_USAGE_OCCURRENCE('24','C4','',#5,#163,$);
#5056 = CONTEXT_DEPENDENT_SHAPE_REPRESENTATION(#5057,#5059);
#5057 = ( REPRESENTATION_RELATIONSHIP('','',#168,#10) 
REPRESENTATION_RELATIONSHIP_WITH_TRANSFORMATION(#5058) 
SHAPE_REPRESENTATION_RELATIONSHIP() );
#5058 = ITEM_DEFINED_TRANSFORMATION('','',#11,#91);
#5059 = PRODUCT_DEFINITION_SHAPE('Placement','Placement of an item',
  #5060);
#5060 = NEXT_ASSEMBLY_USAGE_OCCURRENCE('25','C13','',#5,#163,$);
#5061 = SHAPE_DEFINITION_REPRESENTATION(#5062,#5068);
#5062 = PRODUCT_DEFINITION_SHAPE('','',#5063);
#5063 = PRODUCT_DEFINITION('design','',#5064,#5067);
#5064 = PRODUCT_DEFINITION_FORMATION('','',#5065);
#5065 = PRODUCT('C_0402_1005Metric','C_0402_1005Metric','',(#5066));
#5066 = PRODUCT_CONTEXT('',#2,'mechanical');
#5067 = PRODUCT_DEFINITION_CONTEXT('part definition',#2,'design');
#5068 = ADVANCED_BREP_SHAPE_REPRESENTATION('',(#11,#5069),#5923);
#5069 = MANIFOLD_SOLID_BREP('',#5070);
#5070 = CLOSED_SHELL('',(#5071,#5147,#5178,#5203,#5228,#5252,#5276,#5301
    ,#5326,#5343,#5429,#5461,#5485,#5510,#5534,#5559,#5583,#5608,#5625,
    #5711,#5742,#5767,#5792,#5816,#5840,#5865,#5890,#5907));
#5071 = ADVANCED_FACE('',(#5072),#5142,.F.);
#5072 = FACE_BOUND('',#5073,.F.);
#5073 = EDGE_LOOP('',(#5074,#5084,#5093,#5101,#5110,#5118,#5127,#5135));
#5074 = ORIENTED_EDGE('',*,*,#5075,.F.);
#5075 = EDGE_CURVE('',#5076,#5078,#5080,.T.);
#5076 = VERTEX_POINT('',#5077);
#5077 = CARTESIAN_POINT('',(-0.5,-0.25,2.E-02));
#5078 = VERTEX_POINT('',#5079);
#5079 = CARTESIAN_POINT('',(-0.5,-0.25,0.48));
#5080 = LINE('',#5081,#5082);
#5081 = CARTESIAN_POINT('',(-0.5,-0.25,0.));
#5082 = VECTOR('',#5083,1.);
#5083 = DIRECTION('',(0.,0.,1.));
#5084 = ORIENTED_EDGE('',*,*,#5085,.T.);
#5085 = EDGE_CURVE('',#5076,#5086,#5088,.T.);
#5086 = VERTEX_POINT('',#5087);
#5087 = CARTESIAN_POINT('',(-0.5,-0.23,0.));
#5088 = CIRCLE('',#5089,2.E-02);
#5089 = AXIS2_PLACEMENT_3D('',#5090,#5091,#5092);
#5090 = CARTESIAN_POINT('',(-0.5,-0.23,2.E-02));
#5091 = DIRECTION('',(1.,0.,-0.));
#5092 = DIRECTION('',(0.,0.,1.));
#5093 = ORIENTED_EDGE('',*,*,#5094,.T.);
#5094 = EDGE_CURVE('',#5086,#5095,#5097,.T.);
#5095 = VERTEX_POINT('',#5096);
#5096 = CARTESIAN_POINT('',(-0.5,0.23,0.));
#5097 = LINE('',#5098,#5099);
#5098 = CARTESIAN_POINT('',(-0.5,-0.25,0.));
#5099 = VECTOR('',#5100,1.);
#5100 = DIRECTION('',(0.,1.,0.));
#5101 = ORIENTED_EDGE('',*,*,#5102,.F.);
#5102 = EDGE_CURVE('',#5103,#5095,#5105,.T.);
#5103 = VERTEX_POINT('',#5104);
#5104 = CARTESIAN_POINT('',(-0.5,0.25,2.E-02));
#5105 = CIRCLE('',#5106,2.E-02);
#5106 = AXIS2_PLACEMENT_3D('',#5107,#5108,#5109);
#5107 = CARTESIAN_POINT('',(-0.5,0.23,2.E-02));
#5108 = DIRECTION('',(-1.,0.,0.));
#5109 = DIRECTION('',(0.,0.,1.));
#5110 = ORIENTED_EDGE('',*,*,#5111,.T.);
#5111 = EDGE_CURVE('',#5103,#5112,#5114,.T.);
#5112 = VERTEX_POINT('',#5113);
#5113 = CARTESIAN_POINT('',(-0.5,0.25,0.48));
#5114 = LINE('',#5115,#5116);
#5115 = CARTESIAN_POINT('',(-0.5,0.25,0.));
#5116 = VECTOR('',#5117,1.);
#5117 = DIRECTION('',(0.,0.,1.));
#5118 = ORIENTED_EDGE('',*,*,#5119,.T.);
#5119 = EDGE_CURVE('',#5112,#5120,#5122,.T.);
#5120 = VERTEX_POINT('',#5121);
#5121 = CARTESIAN_POINT('',(-0.5,0.23,0.5));
#5122 = CIRCLE('',#5123,2.E-02);
#5123 = AXIS2_PLACEMENT_3D('',#5124,#5125,#5126);
#5124 = CARTESIAN_POINT('',(-0.5,0.23,0.48));
#5125 = DIRECTION('',(1.,0.,-0.));
#5126 = DIRECTION('',(0.,0.,1.));
#5127 = ORIENTED_EDGE('',*,*,#5128,.F.);
#5128 = EDGE_CURVE('',#5129,#5120,#5131,.T.);
#5129 = VERTEX_POINT('',#5130);
#5130 = CARTESIAN_POINT('',(-0.5,-0.23,0.5));
#5131 = LINE('',#5132,#5133);
#5132 = CARTESIAN_POINT('',(-0.5,-0.25,0.5));
#5133 = VECTOR('',#5134,1.);
#5134 = DIRECTION('',(0.,1.,0.));
#5135 = ORIENTED_EDGE('',*,*,#5136,.F.);
#5136 = EDGE_CURVE('',#5078,#5129,#5137,.T.);
#5137 = CIRCLE('',#5138,2.E-02);
#5138 = AXIS2_PLACEMENT_3D('',#5139,#5140,#5141);
#5139 = CARTESIAN_POINT('',(-0.5,-0.23,0.48));
#5140 = DIRECTION('',(-1.,0.,0.));
#5141 = DIRECTION('',(0.,0.,1.));
#5142 = PLANE('',#5143);
#5143 = AXIS2_PLACEMENT_3D('',#5144,#5145,#5146);
#5144 = CARTESIAN_POINT('',(-0.5,-0.25,0.));
#5145 = DIRECTION('',(1.,0.,0.));
#5146 = DIRECTION('',(0.,0.,1.));
#5147 = ADVANCED_FACE('',(#5148),#5173,.F.);
#5148 = FACE_BOUND('',#5149,.F.);
#5149 = EDGE_LOOP('',(#5150,#5160,#5166,#5167));
#5150 = ORIENTED_EDGE('',*,*,#5151,.F.);
#5151 = EDGE_CURVE('',#5152,#5154,#5156,.T.);
#5152 = VERTEX_POINT('',#5153);
#5153 = CARTESIAN_POINT('',(-0.3,-0.25,2.E-02));
#5154 = VERTEX_POINT('',#5155);
#5155 = CARTESIAN_POINT('',(-0.3,-0.25,0.48));
#5156 = LINE('',#5157,#5158);
#5157 = CARTESIAN_POINT('',(-0.3,-0.25,0.));
#5158 = VECTOR('',#5159,1.);
#5159 = DIRECTION('',(0.,0.,1.));
#5160 = ORIENTED_EDGE('',*,*,#5161,.F.);
#5161 = EDGE_CURVE('',#5076,#5152,#5162,.T.);
#5162 = LINE('',#5163,#5164);
#5163 = CARTESIAN_POINT('',(-0.5,-0.25,2.E-02));
#5164 = VECTOR('',#5165,1.);
#5165 = DIRECTION('',(1.,0.,0.));
#5166 = ORIENTED_EDGE('',*,*,#5075,.T.);
#5167 = ORIENTED_EDGE('',*,*,#5168,.T.);
#5168 = EDGE_CURVE('',#5078,#5154,#5169,.T.);
#5169 = LINE('',#5170,#5171);
#5170 = CARTESIAN_POINT('',(-0.5,-0.25,0.48));
#5171 = VECTOR('',#5172,1.);
#5172 = DIRECTION('',(1.,0.,0.));
#5173 = PLANE('',#5174);
#5174 = AXIS2_PLACEMENT_3D('',#5175,#5176,#5177);
#5175 = CARTESIAN_POINT('',(-0.5,-0.25,0.));
#5176 = DIRECTION('',(0.,1.,0.));
#5177 = DIRECTION('',(0.,-0.,1.));
#5178 = ADVANCED_FACE('',(#5179),#5198,.T.);
#5179 = FACE_BOUND('',#5180,.T.);
#5180 = EDGE_LOOP('',(#5181,#5182,#5190,#5197));
#5181 = ORIENTED_EDGE('',*,*,#5085,.T.);
#5182 = ORIENTED_EDGE('',*,*,#5183,.T.);
#5183 = EDGE_CURVE('',#5086,#5184,#5186,.T.);
#5184 = VERTEX_POINT('',#5185);
#5185 = CARTESIAN_POINT('',(-0.3,-0.23,0.));
#5186 = LINE('',#5187,#5188);
#5187 = CARTESIAN_POINT('',(-0.5,-0.23,0.));
#5188 = VECTOR('',#5189,1.);
#5189 = DIRECTION('',(1.,0.,0.));
#5190 = ORIENTED_EDGE('',*,*,#5191,.F.);
#5191 = EDGE_CURVE('',#5152,#5184,#5192,.T.);
#5192 = CIRCLE('',#5193,2.E-02);
#5193 = AXIS2_PLACEMENT_3D('',#5194,#5195,#5196);
#5194 = CARTESIAN_POINT('',(-0.3,-0.23,2.E-02));
#5195 = DIRECTION('',(1.,0.,-0.));
#5196 = DIRECTION('',(0.,0.,1.));
#5197 = ORIENTED_EDGE('',*,*,#5161,.F.);
#5198 = CYLINDRICAL_SURFACE('',#5199,2.E-02);
#5199 = AXIS2_PLACEMENT_3D('',#5200,#5201,#5202);
#5200 = CARTESIAN_POINT('',(-0.5,-0.23,2.E-02));
#5201 = DIRECTION('',(1.,0.,0.));
#5202 = DIRECTION('',(0.,-1.,0.));
#5203 = ADVANCED_FACE('',(#5204),#5223,.T.);
#5204 = FACE_BOUND('',#5205,.T.);
#5205 = EDGE_LOOP('',(#5206,#5207,#5216,#5222));
#5206 = ORIENTED_EDGE('',*,*,#5168,.T.);
#5207 = ORIENTED_EDGE('',*,*,#5208,.T.);
#5208 = EDGE_CURVE('',#5154,#5209,#5211,.T.);
#5209 = VERTEX_POINT('',#5210);
#5210 = CARTESIAN_POINT('',(-0.3,-0.23,0.5));
#5211 = CIRCLE('',#5212,2.E-02);
#5212 = AXIS2_PLACEMENT_3D('',#5213,#5214,#5215);
#5213 = CARTESIAN_POINT('',(-0.3,-0.23,0.48));
#5214 = DIRECTION('',(-1.,0.,0.));
#5215 = DIRECTION('',(0.,0.,1.));
#5216 = ORIENTED_EDGE('',*,*,#5217,.F.);
#5217 = EDGE_CURVE('',#5129,#5209,#5218,.T.);
#5218 = LINE('',#5219,#5220);
#5219 = CARTESIAN_POINT('',(-0.5,-0.23,0.5));
#5220 = VECTOR('',#5221,1.);
#5221 = DIRECTION('',(1.,0.,0.));
#5222 = ORIENTED_EDGE('',*,*,#5136,.F.);
#5223 = CYLINDRICAL_SURFACE('',#5224,2.E-02);
#5224 = AXIS2_PLACEMENT_3D('',#5225,#5226,#5227);
#5225 = CARTESIAN_POINT('',(-0.5,-0.23,0.48));
#5226 = DIRECTION('',(1.,0.,0.));
#5227 = DIRECTION('',(0.,-1.,0.));
#5228 = ADVANCED_FACE('',(#5229),#5247,.F.);
#5229 = FACE_BOUND('',#5230,.F.);
#5230 = EDGE_LOOP('',(#5231,#5232,#5233,#5241));
#5231 = ORIENTED_EDGE('',*,*,#5094,.F.);
#5232 = ORIENTED_EDGE('',*,*,#5183,.T.);
#5233 = ORIENTED_EDGE('',*,*,#5234,.T.);
#5234 = EDGE_CURVE('',#5184,#5235,#5237,.T.);
#5235 = VERTEX_POINT('',#5236);
#5236 = CARTESIAN_POINT('',(-0.3,0.23,0.));
#5237 = LINE('',#5238,#5239);
#5238 = CARTESIAN_POINT('',(-0.3,-0.25,0.));
#5239 = VECTOR('',#5240,1.);
#5240 = DIRECTION('',(0.,1.,0.));
#5241 = ORIENTED_EDGE('',*,*,#5242,.F.);
#5242 = EDGE_CURVE('',#5095,#5235,#5243,.T.);
#5243 = LINE('',#5244,#5245);
#5244 = CARTESIAN_POINT('',(-0.5,0.23,0.));
#5245 = VECTOR('',#5246,1.);
#5246 = DIRECTION('',(1.,0.,0.));
#5247 = PLANE('',#5248);
#5248 = AXIS2_PLACEMENT_3D('',#5249,#5250,#5251);
#5249 = CARTESIAN_POINT('',(-0.5,-0.25,0.));
#5250 = DIRECTION('',(0.,0.,1.));
#5251 = DIRECTION('',(1.,0.,-0.));
#5252 = ADVANCED_FACE('',(#5253),#5271,.T.);
#5253 = FACE_BOUND('',#5254,.T.);
#5254 = EDGE_LOOP('',(#5255,#5256,#5257,#5265));
#5255 = ORIENTED_EDGE('',*,*,#5128,.F.);
#5256 = ORIENTED_EDGE('',*,*,#5217,.T.);
#5257 = ORIENTED_EDGE('',*,*,#5258,.T.);
#5258 = EDGE_CURVE('',#5209,#5259,#5261,.T.);
#5259 = VERTEX_POINT('',#5260);
#5260 = CARTESIAN_POINT('',(-0.3,0.23,0.5));
#5261 = LINE('',#5262,#5263);
#5262 = CARTESIAN_POINT('',(-0.3,-0.25,0.5));
#5263 = VECTOR('',#5264,1.);
#5264 = DIRECTION('',(0.,1.,0.));
#5265 = ORIENTED_EDGE('',*,*,#5266,.F.);
#5266 = EDGE_CURVE('',#5120,#5259,#5267,.T.);
#5267 = LINE('',#5268,#5269);
#5268 = CARTESIAN_POINT('',(-0.5,0.23,0.5));
#5269 = VECTOR('',#5270,1.);
#5270 = DIRECTION('',(1.,0.,0.));
#5271 = PLANE('',#5272);
#5272 = AXIS2_PLACEMENT_3D('',#5273,#5274,#5275);
#5273 = CARTESIAN_POINT('',(-0.5,-0.25,0.5));
#5274 = DIRECTION('',(0.,0.,1.));
#5275 = DIRECTION('',(1.,0.,-0.));
#5276 = ADVANCED_FACE('',(#5277),#5296,.T.);
#5277 = FACE_BOUND('',#5278,.T.);
#5278 = EDGE_LOOP('',(#5279,#5287,#5294,#5295));
#5279 = ORIENTED_EDGE('',*,*,#5280,.T.);
#5280 = EDGE_CURVE('',#5103,#5281,#5283,.T.);
#5281 = VERTEX_POINT('',#5282);
#5282 = CARTESIAN_POINT('',(-0.3,0.25,2.E-02));
#5283 = LINE('',#5284,#5285);
#5284 = CARTESIAN_POINT('',(-0.5,0.25,2.E-02));
#5285 = VECTOR('',#5286,1.);
#5286 = DIRECTION('',(1.,0.,0.));
#5287 = ORIENTED_EDGE('',*,*,#5288,.T.);
#5288 = EDGE_CURVE('',#5281,#5235,#5289,.T.);
#5289 = CIRCLE('',#5290,2.E-02);
#5290 = AXIS2_PLACEMENT_3D('',#5291,#5292,#5293);
#5291 = CARTESIAN_POINT('',(-0.3,0.23,2.E-02));
#5292 = DIRECTION('',(-1.,0.,0.));
#5293 = DIRECTION('',(0.,0.,1.));
#5294 = ORIENTED_EDGE('',*,*,#5242,.F.);
#5295 = ORIENTED_EDGE('',*,*,#5102,.F.);
#5296 = CYLINDRICAL_SURFACE('',#5297,2.E-02);
#5297 = AXIS2_PLACEMENT_3D('',#5298,#5299,#5300);
#5298 = CARTESIAN_POINT('',(-0.5,0.23,2.E-02));
#5299 = DIRECTION('',(1.,0.,0.));
#5300 = DIRECTION('',(-0.,1.,0.));
#5301 = ADVANCED_FACE('',(#5302),#5321,.T.);
#5302 = FACE_BOUND('',#5303,.T.);
#5303 = EDGE_LOOP('',(#5304,#5305,#5306,#5315));
#5304 = ORIENTED_EDGE('',*,*,#5119,.T.);
#5305 = ORIENTED_EDGE('',*,*,#5266,.T.);
#5306 = ORIENTED_EDGE('',*,*,#5307,.F.);
#5307 = EDGE_CURVE('',#5308,#5259,#5310,.T.);
#5308 = VERTEX_POINT('',#5309);
#5309 = CARTESIAN_POINT('',(-0.3,0.25,0.48));
#5310 = CIRCLE('',#5311,2.E-02);
#5311 = AXIS2_PLACEMENT_3D('',#5312,#5313,#5314);
#5312 = CARTESIAN_POINT('',(-0.3,0.23,0.48));
#5313 = DIRECTION('',(1.,0.,-0.));
#5314 = DIRECTION('',(0.,0.,1.));
#5315 = ORIENTED_EDGE('',*,*,#5316,.F.);
#5316 = EDGE_CURVE('',#5112,#5308,#5317,.T.);
#5317 = LINE('',#5318,#5319);
#5318 = CARTESIAN_POINT('',(-0.5,0.25,0.48));
#5319 = VECTOR('',#5320,1.);
#5320 = DIRECTION('',(1.,0.,0.));
#5321 = CYLINDRICAL_SURFACE('',#5322,2.E-02);
#5322 = AXIS2_PLACEMENT_3D('',#5323,#5324,#5325);
#5323 = CARTESIAN_POINT('',(-0.5,0.23,0.48));
#5324 = DIRECTION('',(1.,0.,0.));
#5325 = DIRECTION('',(-0.,1.,0.));
#5326 = ADVANCED_FACE('',(#5327),#5338,.T.);
#5327 = FACE_BOUND('',#5328,.T.);
#5328 = EDGE_LOOP('',(#5329,#5335,#5336,#5337));
#5329 = ORIENTED_EDGE('',*,*,#5330,.F.);
#5330 = EDGE_CURVE('',#5281,#5308,#5331,.T.);
#5331 = LINE('',#5332,#5333);
#5332 = CARTESIAN_POINT('',(-0.3,0.25,0.));
#5333 = VECTOR('',#5334,1.);
#5334 = DIRECTION('',(0.,0.,1.));
#5335 = ORIENTED_EDGE('',*,*,#5280,.F.);
#5336 = ORIENTED_EDGE('',*,*,#5111,.T.);
#5337 = ORIENTED_EDGE('',*,*,#5316,.T.);
#5338 = PLANE('',#5339);
#5339 = AXIS2_PLACEMENT_3D('',#5340,#5341,#5342);
#5340 = CARTESIAN_POINT('',(-0.5,0.25,0.));
#5341 = DIRECTION('',(0.,1.,0.));
#5342 = DIRECTION('',(0.,-0.,1.));
#5343 = ADVANCED_FACE('',(#5344,#5354),#5424,.T.);
#5344 = FACE_BOUND('',#5345,.T.);
#5345 = EDGE_LOOP('',(#5346,#5347,#5348,#5349,#5350,#5351,#5352,#5353));
#5346 = ORIENTED_EDGE('',*,*,#5151,.F.);
#5347 = ORIENTED_EDGE('',*,*,#5191,.T.);
#5348 = ORIENTED_EDGE('',*,*,#5234,.T.);
#5349 = ORIENTED_EDGE('',*,*,#5288,.F.);
#5350 = ORIENTED_EDGE('',*,*,#5330,.T.);
#5351 = ORIENTED_EDGE('',*,*,#5307,.T.);
#5352 = ORIENTED_EDGE('',*,*,#5258,.F.);
#5353 = ORIENTED_EDGE('',*,*,#5208,.F.);
#5354 = FACE_BOUND('',#5355,.T.);
#5355 = EDGE_LOOP('',(#5356,#5367,#5375,#5384,#5392,#5401,#5409,#5418));
#5356 = ORIENTED_EDGE('',*,*,#5357,.F.);
#5357 = EDGE_CURVE('',#5358,#5360,#5362,.T.);
#5358 = VERTEX_POINT('',#5359);
#5359 = CARTESIAN_POINT('',(-0.3,-0.23,4.E-02));
#5360 = VERTEX_POINT('',#5361);
#5361 = CARTESIAN_POINT('',(-0.3,-0.21,2.E-02));
#5362 = CIRCLE('',#5363,2.E-02);
#5363 = AXIS2_PLACEMENT_3D('',#5364,#5365,#5366);
#5364 = CARTESIAN_POINT('',(-0.3,-0.21,4.E-02));
#5365 = DIRECTION('',(1.,0.,-0.));
#5366 = DIRECTION('',(0.,0.,1.));
#5367 = ORIENTED_EDGE('',*,*,#5368,.T.);
#5368 = EDGE_CURVE('',#5358,#5369,#5371,.T.);
#5369 = VERTEX_POINT('',#5370);
#5370 = CARTESIAN_POINT('',(-0.3,-0.23,0.46));
#5371 = LINE('',#5372,#5373);
#5372 = CARTESIAN_POINT('',(-0.3,-0.23,2.E-02));
#5373 = VECTOR('',#5374,1.);
#5374 = DIRECTION('',(0.,0.,1.));
#5375 = ORIENTED_EDGE('',*,*,#5376,.T.);
#5376 = EDGE_CURVE('',#5369,#5377,#5379,.T.);
#5377 = VERTEX_POINT('',#5378);
#5378 = CARTESIAN_POINT('',(-0.3,-0.21,0.48));
#5379 = CIRCLE('',#5380,2.E-02);
#5380 = AXIS2_PLACEMENT_3D('',#5381,#5382,#5383);
#5381 = CARTESIAN_POINT('',(-0.3,-0.21,0.46));
#5382 = DIRECTION('',(-1.,0.,0.));
#5383 = DIRECTION('',(0.,0.,1.));
#5384 = ORIENTED_EDGE('',*,*,#5385,.T.);
#5385 = EDGE_CURVE('',#5377,#5386,#5388,.T.);
#5386 = VERTEX_POINT('',#5387);
#5387 = CARTESIAN_POINT('',(-0.3,0.21,0.48));
#5388 = LINE('',#5389,#5390);
#5389 = CARTESIAN_POINT('',(-0.3,-0.23,0.48));
#5390 = VECTOR('',#5391,1.);
#5391 = DIRECTION('',(0.,1.,0.));
#5392 = ORIENTED_EDGE('',*,*,#5393,.F.);
#5393 = EDGE_CURVE('',#5394,#5386,#5396,.T.);
#5394 = VERTEX_POINT('',#5395);
#5395 = CARTESIAN_POINT('',(-0.3,0.23,0.46));
#5396 = CIRCLE('',#5397,2.E-02);
#5397 = AXIS2_PLACEMENT_3D('',#5398,#5399,#5400);
#5398 = CARTESIAN_POINT('',(-0.3,0.21,0.46));
#5399 = DIRECTION('',(1.,0.,-0.));
#5400 = DIRECTION('',(0.,0.,1.));
#5401 = ORIENTED_EDGE('',*,*,#5402,.F.);
#5402 = EDGE_CURVE('',#5403,#5394,#5405,.T.);
#5403 = VERTEX_POINT('',#5404);
#5404 = CARTESIAN_POINT('',(-0.3,0.23,4.E-02));
#5405 = LINE('',#5406,#5407);
#5406 = CARTESIAN_POINT('',(-0.3,0.23,2.E-02));
#5407 = VECTOR('',#5408,1.);
#5408 = DIRECTION('',(0.,0.,1.));
#5409 = ORIENTED_EDGE('',*,*,#5410,.T.);
#5410 = EDGE_CURVE('',#5403,#5411,#5413,.T.);
#5411 = VERTEX_POINT('',#5412);
#5412 = CARTESIAN_POINT('',(-0.3,0.21,2.E-02));
#5413 = CIRCLE('',#5414,2.E-02);
#5414 = AXIS2_PLACEMENT_3D('',#5415,#5416,#5417);
#5415 = CARTESIAN_POINT('',(-0.3,0.21,4.E-02));
#5416 = DIRECTION('',(-1.,0.,0.));
#5417 = DIRECTION('',(0.,0.,1.));
#5418 = ORIENTED_EDGE('',*,*,#5419,.F.);
#5419 = EDGE_CURVE('',#5360,#5411,#5420,.T.);
#5420 = LINE('',#5421,#5422);
#5421 = CARTESIAN_POINT('',(-0.3,-0.23,2.E-02));
#5422 = VECTOR('',#5423,1.);
#5423 = DIRECTION('',(0.,1.,0.));
#5424 = PLANE('',#5425);
#5425 = AXIS2_PLACEMENT_3D('',#5426,#5427,#5428);
#5426 = CARTESIAN_POINT('',(-0.3,-0.25,0.));
#5427 = DIRECTION('',(1.,0.,0.));
#5428 = DIRECTION('',(0.,0.,1.));
#5429 = ADVANCED_FACE('',(#5430),#5456,.T.);
#5430 = FACE_BOUND('',#5431,.T.);
#5431 = EDGE_LOOP('',(#5432,#5433,#5441,#5450));
#5432 = ORIENTED_EDGE('',*,*,#5357,.T.);
#5433 = ORIENTED_EDGE('',*,*,#5434,.T.);
#5434 = EDGE_CURVE('',#5360,#5435,#5437,.T.);
#5435 = VERTEX_POINT('',#5436);
#5436 = CARTESIAN_POINT('',(0.3,-0.21,2.E-02));
#5437 = LINE('',#5438,#5439);
#5438 = CARTESIAN_POINT('',(-0.3,-0.21,2.E-02));
#5439 = VECTOR('',#5440,1.);
#5440 = DIRECTION('',(1.,0.,0.));
#5441 = ORIENTED_EDGE('',*,*,#5442,.F.);
#5442 = EDGE_CURVE('',#5443,#5435,#5445,.T.);
#5443 = VERTEX_POINT('',#5444);
#5444 = CARTESIAN_POINT('',(0.3,-0.23,4.E-02));
#5445 = CIRCLE('',#5446,2.E-02);
#5446 = AXIS2_PLACEMENT_3D('',#5447,#5448,#5449);
#5447 = CARTESIAN_POINT('',(0.3,-0.21,4.E-02));
#5448 = DIRECTION('',(1.,0.,-0.));
#5449 = DIRECTION('',(0.,0.,1.));
#5450 = ORIENTED_EDGE('',*,*,#5451,.F.);
#5451 = EDGE_CURVE('',#5358,#5443,#5452,.T.);
#5452 = LINE('',#5453,#5454);
#5453 = CARTESIAN_POINT('',(-0.3,-0.23,4.E-02));
#5454 = VECTOR('',#5455,1.);
#5455 = DIRECTION('',(1.,0.,0.));
#5456 = CYLINDRICAL_SURFACE('',#5457,2.E-02);
#5457 = AXIS2_PLACEMENT_3D('',#5458,#5459,#5460);
#5458 = CARTESIAN_POINT('',(-0.3,-0.21,4.E-02));
#5459 = DIRECTION('',(1.,0.,0.));
#5460 = DIRECTION('',(0.,-1.,0.));
#5461 = ADVANCED_FACE('',(#5462),#5480,.F.);
#5462 = FACE_BOUND('',#5463,.F.);
#5463 = EDGE_LOOP('',(#5464,#5465,#5466,#5474));
#5464 = ORIENTED_EDGE('',*,*,#5419,.F.);
#5465 = ORIENTED_EDGE('',*,*,#5434,.T.);
#5466 = ORIENTED_EDGE('',*,*,#5467,.T.);
#5467 = EDGE_CURVE('',#5435,#5468,#5470,.T.);
#5468 = VERTEX_POINT('',#5469);
#5469 = CARTESIAN_POINT('',(0.3,0.21,2.E-02));
#5470 = LINE('',#5471,#5472);
#5471 = CARTESIAN_POINT('',(0.3,-0.23,2.E-02));
#5472 = VECTOR('',#5473,1.);
#5473 = DIRECTION('',(0.,1.,0.));
#5474 = ORIENTED_EDGE('',*,*,#5475,.F.);
#5475 = EDGE_CURVE('',#5411,#5468,#5476,.T.);
#5476 = LINE('',#5477,#5478);
#5477 = CARTESIAN_POINT('',(-0.3,0.21,2.E-02));
#5478 = VECTOR('',#5479,1.);
#5479 = DIRECTION('',(1.,0.,0.));
#5480 = PLANE('',#5481);
#5481 = AXIS2_PLACEMENT_3D('',#5482,#5483,#5484);
#5482 = CARTESIAN_POINT('',(-0.3,-0.23,2.E-02));
#5483 = DIRECTION('',(0.,0.,1.));
#5484 = DIRECTION('',(1.,0.,-0.));
#5485 = ADVANCED_FACE('',(#5486),#5505,.T.);
#5486 = FACE_BOUND('',#5487,.T.);
#5487 = EDGE_LOOP('',(#5488,#5496,#5503,#5504));
#5488 = ORIENTED_EDGE('',*,*,#5489,.T.);
#5489 = EDGE_CURVE('',#5403,#5490,#5492,.T.);
#5490 = VERTEX_POINT('',#5491);
#5491 = CARTESIAN_POINT('',(0.3,0.23,4.E-02));
#5492 = LINE('',#5493,#5494);
#5493 = CARTESIAN_POINT('',(-0.3,0.23,4.E-02));
#5494 = VECTOR('',#5495,1.);
#5495 = DIRECTION('',(1.,0.,0.));
#5496 = ORIENTED_EDGE('',*,*,#5497,.T.);
#5497 = EDGE_CURVE('',#5490,#5468,#5498,.T.);
#5498 = CIRCLE('',#5499,2.E-02);
#5499 = AXIS2_PLACEMENT_3D('',#5500,#5501,#5502);
#5500 = CARTESIAN_POINT('',(0.3,0.21,4.E-02));
#5501 = DIRECTION('',(-1.,0.,0.));
#5502 = DIRECTION('',(0.,0.,1.));
#5503 = ORIENTED_EDGE('',*,*,#5475,.F.);
#5504 = ORIENTED_EDGE('',*,*,#5410,.F.);
#5505 = CYLINDRICAL_SURFACE('',#5506,2.E-02);
#5506 = AXIS2_PLACEMENT_3D('',#5507,#5508,#5509);
#5507 = CARTESIAN_POINT('',(-0.3,0.21,4.E-02));
#5508 = DIRECTION('',(1.,0.,0.));
#5509 = DIRECTION('',(-0.,1.,0.));
#5510 = ADVANCED_FACE('',(#5511),#5529,.T.);
#5511 = FACE_BOUND('',#5512,.T.);
#5512 = EDGE_LOOP('',(#5513,#5521,#5522,#5523));
#5513 = ORIENTED_EDGE('',*,*,#5514,.F.);
#5514 = EDGE_CURVE('',#5490,#5515,#5517,.T.);
#5515 = VERTEX_POINT('',#5516);
#5516 = CARTESIAN_POINT('',(0.3,0.23,0.46));
#5517 = LINE('',#5518,#5519);
#5518 = CARTESIAN_POINT('',(0.3,0.23,2.E-02));
#5519 = VECTOR('',#5520,1.);
#5520 = DIRECTION('',(0.,0.,1.));
#5521 = ORIENTED_EDGE('',*,*,#5489,.F.);
#5522 = ORIENTED_EDGE('',*,*,#5402,.T.);
#5523 = ORIENTED_EDGE('',*,*,#5524,.T.);
#5524 = EDGE_CURVE('',#5394,#5515,#5525,.T.);
#5525 = LINE('',#5526,#5527);
#5526 = CARTESIAN_POINT('',(-0.3,0.23,0.46));
#5527 = VECTOR('',#5528,1.);
#5528 = DIRECTION('',(1.,0.,0.));
#5529 = PLANE('',#5530);
#5530 = AXIS2_PLACEMENT_3D('',#5531,#5532,#5533);
#5531 = CARTESIAN_POINT('',(-0.3,0.23,2.E-02));
#5532 = DIRECTION('',(0.,1.,0.));
#5533 = DIRECTION('',(0.,-0.,1.));
#5534 = ADVANCED_FACE('',(#5535),#5554,.T.);
#5535 = FACE_BOUND('',#5536,.T.);
#5536 = EDGE_LOOP('',(#5537,#5538,#5546,#5553));
#5537 = ORIENTED_EDGE('',*,*,#5393,.T.);
#5538 = ORIENTED_EDGE('',*,*,#5539,.T.);
#5539 = EDGE_CURVE('',#5386,#5540,#5542,.T.);
#5540 = VERTEX_POINT('',#5541);
#5541 = CARTESIAN_POINT('',(0.3,0.21,0.48));
#5542 = LINE('',#5543,#5544);
#5543 = CARTESIAN_POINT('',(-0.3,0.21,0.48));
#5544 = VECTOR('',#5545,1.);
#5545 = DIRECTION('',(1.,0.,0.));
#5546 = ORIENTED_EDGE('',*,*,#5547,.F.);
#5547 = EDGE_CURVE('',#5515,#5540,#5548,.T.);
#5548 = CIRCLE('',#5549,2.E-02);
#5549 = AXIS2_PLACEMENT_3D('',#5550,#5551,#5552);
#5550 = CARTESIAN_POINT('',(0.3,0.21,0.46));
#5551 = DIRECTION('',(1.,0.,-0.));
#5552 = DIRECTION('',(0.,0.,1.));
#5553 = ORIENTED_EDGE('',*,*,#5524,.F.);
#5554 = CYLINDRICAL_SURFACE('',#5555,2.E-02);
#5555 = AXIS2_PLACEMENT_3D('',#5556,#5557,#5558);
#5556 = CARTESIAN_POINT('',(-0.3,0.21,0.46));
#5557 = DIRECTION('',(1.,0.,0.));
#5558 = DIRECTION('',(-0.,1.,0.));
#5559 = ADVANCED_FACE('',(#5560),#5578,.T.);
#5560 = FACE_BOUND('',#5561,.T.);
#5561 = EDGE_LOOP('',(#5562,#5563,#5571,#5577));
#5562 = ORIENTED_EDGE('',*,*,#5385,.F.);
#5563 = ORIENTED_EDGE('',*,*,#5564,.T.);
#5564 = EDGE_CURVE('',#5377,#5565,#5567,.T.);
#5565 = VERTEX_POINT('',#5566);
#5566 = CARTESIAN_POINT('',(0.3,-0.21,0.48));
#5567 = LINE('',#5568,#5569);
#5568 = CARTESIAN_POINT('',(-0.3,-0.21,0.48));
#5569 = VECTOR('',#5570,1.);
#5570 = DIRECTION('',(1.,0.,0.));
#5571 = ORIENTED_EDGE('',*,*,#5572,.T.);
#5572 = EDGE_CURVE('',#5565,#5540,#5573,.T.);
#5573 = LINE('',#5574,#5575);
#5574 = CARTESIAN_POINT('',(0.3,-0.23,0.48));
#5575 = VECTOR('',#5576,1.);
#5576 = DIRECTION('',(0.,1.,0.));
#5577 = ORIENTED_EDGE('',*,*,#5539,.F.);
#5578 = PLANE('',#5579);
#5579 = AXIS2_PLACEMENT_3D('',#5580,#5581,#5582);
#5580 = CARTESIAN_POINT('',(-0.3,-0.23,0.48));
#5581 = DIRECTION('',(0.,0.,1.));
#5582 = DIRECTION('',(1.,0.,-0.));
#5583 = ADVANCED_FACE('',(#5584),#5603,.T.);
#5584 = FACE_BOUND('',#5585,.T.);
#5585 = EDGE_LOOP('',(#5586,#5594,#5601,#5602));
#5586 = ORIENTED_EDGE('',*,*,#5587,.T.);
#5587 = EDGE_CURVE('',#5369,#5588,#5590,.T.);
#5588 = VERTEX_POINT('',#5589);
#5589 = CARTESIAN_POINT('',(0.3,-0.23,0.46));
#5590 = LINE('',#5591,#5592);
#5591 = CARTESIAN_POINT('',(-0.3,-0.23,0.46));
#5592 = VECTOR('',#5593,1.);
#5593 = DIRECTION('',(1.,0.,0.));
#5594 = ORIENTED_EDGE('',*,*,#5595,.T.);
#5595 = EDGE_CURVE('',#5588,#5565,#5596,.T.);
#5596 = CIRCLE('',#5597,2.E-02);
#5597 = AXIS2_PLACEMENT_3D('',#5598,#5599,#5600);
#5598 = CARTESIAN_POINT('',(0.3,-0.21,0.46));
#5599 = DIRECTION('',(-1.,0.,0.));
#5600 = DIRECTION('',(0.,0.,1.));
#5601 = ORIENTED_EDGE('',*,*,#5564,.F.);
#5602 = ORIENTED_EDGE('',*,*,#5376,.F.);
#5603 = CYLINDRICAL_SURFACE('',#5604,2.E-02);
#5604 = AXIS2_PLACEMENT_3D('',#5605,#5606,#5607);
#5605 = CARTESIAN_POINT('',(-0.3,-0.21,0.46));
#5606 = DIRECTION('',(1.,0.,0.));
#5607 = DIRECTION('',(0.,-1.,0.));
#5608 = ADVANCED_FACE('',(#5609),#5620,.F.);
#5609 = FACE_BOUND('',#5610,.F.);
#5610 = EDGE_LOOP('',(#5611,#5617,#5618,#5619));
#5611 = ORIENTED_EDGE('',*,*,#5612,.F.);
#5612 = EDGE_CURVE('',#5443,#5588,#5613,.T.);
#5613 = LINE('',#5614,#5615);
#5614 = CARTESIAN_POINT('',(0.3,-0.23,2.E-02));
#5615 = VECTOR('',#5616,1.);
#5616 = DIRECTION('',(0.,0.,1.));
#5617 = ORIENTED_EDGE('',*,*,#5451,.F.);
#5618 = ORIENTED_EDGE('',*,*,#5368,.T.);
#5619 = ORIENTED_EDGE('',*,*,#5587,.T.);
#5620 = PLANE('',#5621);
#5621 = AXIS2_PLACEMENT_3D('',#5622,#5623,#5624);
#5622 = CARTESIAN_POINT('',(-0.3,-0.23,2.E-02));
#5623 = DIRECTION('',(0.,1.,0.));
#5624 = DIRECTION('',(0.,-0.,1.));
#5625 = ADVANCED_FACE('',(#5626,#5696),#5706,.F.);
#5626 = FACE_BOUND('',#5627,.F.);
#5627 = EDGE_LOOP('',(#5628,#5638,#5647,#5655,#5664,#5672,#5681,#5689));
#5628 = ORIENTED_EDGE('',*,*,#5629,.F.);
#5629 = EDGE_CURVE('',#5630,#5632,#5634,.T.);
#5630 = VERTEX_POINT('',#5631);
#5631 = CARTESIAN_POINT('',(0.3,-0.25,2.E-02));
#5632 = VERTEX_POINT('',#5633);
#5633 = CARTESIAN_POINT('',(0.3,-0.25,0.48));
#5634 = LINE('',#5635,#5636);
#5635 = CARTESIAN_POINT('',(0.3,-0.25,0.));
#5636 = VECTOR('',#5637,1.);
#5637 = DIRECTION('',(0.,0.,1.));
#5638 = ORIENTED_EDGE('',*,*,#5639,.T.);
#5639 = EDGE_CURVE('',#5630,#5640,#5642,.T.);
#5640 = VERTEX_POINT('',#5641);
#5641 = CARTESIAN_POINT('',(0.3,-0.23,0.));
#5642 = CIRCLE('',#5643,2.E-02);
#5643 = AXIS2_PLACEMENT_3D('',#5644,#5645,#5646);
#5644 = CARTESIAN_POINT('',(0.3,-0.23,2.E-02));
#5645 = DIRECTION('',(1.,0.,-0.));
#5646 = DIRECTION('',(0.,0.,1.));
#5647 = ORIENTED_EDGE('',*,*,#5648,.T.);
#5648 = EDGE_CURVE('',#5640,#5649,#5651,.T.);
#5649 = VERTEX_POINT('',#5650);
#5650 = CARTESIAN_POINT('',(0.3,0.23,0.));
#5651 = LINE('',#5652,#5653);
#5652 = CARTESIAN_POINT('',(0.3,-0.25,0.));
#5653 = VECTOR('',#5654,1.);
#5654 = DIRECTION('',(0.,1.,0.));
#5655 = ORIENTED_EDGE('',*,*,#5656,.F.);
#5656 = EDGE_CURVE('',#5657,#5649,#5659,.T.);
#5657 = VERTEX_POINT('',#5658);
#5658 = CARTESIAN_POINT('',(0.3,0.25,2.E-02));
#5659 = CIRCLE('',#5660,2.E-02);
#5660 = AXIS2_PLACEMENT_3D('',#5661,#5662,#5663);
#5661 = CARTESIAN_POINT('',(0.3,0.23,2.E-02));
#5662 = DIRECTION('',(-1.,0.,0.));
#5663 = DIRECTION('',(0.,0.,1.));
#5664 = ORIENTED_EDGE('',*,*,#5665,.T.);
#5665 = EDGE_CURVE('',#5657,#5666,#5668,.T.);
#5666 = VERTEX_POINT('',#5667);
#5667 = CARTESIAN_POINT('',(0.3,0.25,0.48));
#5668 = LINE('',#5669,#5670);
#5669 = CARTESIAN_POINT('',(0.3,0.25,0.));
#5670 = VECTOR('',#5671,1.);
#5671 = DIRECTION('',(0.,0.,1.));
#5672 = ORIENTED_EDGE('',*,*,#5673,.T.);
#5673 = EDGE_CURVE('',#5666,#5674,#5676,.T.);
#5674 = VERTEX_POINT('',#5675);
#5675 = CARTESIAN_POINT('',(0.3,0.23,0.5));
#5676 = CIRCLE('',#5677,2.E-02);
#5677 = AXIS2_PLACEMENT_3D('',#5678,#5679,#5680);
#5678 = CARTESIAN_POINT('',(0.3,0.23,0.48));
#5679 = DIRECTION('',(1.,0.,-0.));
#5680 = DIRECTION('',(0.,0.,1.));
#5681 = ORIENTED_EDGE('',*,*,#5682,.F.);
#5682 = EDGE_CURVE('',#5683,#5674,#5685,.T.);
#5683 = VERTEX_POINT('',#5684);
#5684 = CARTESIAN_POINT('',(0.3,-0.23,0.5));
#5685 = LINE('',#5686,#5687);
#5686 = CARTESIAN_POINT('',(0.3,-0.25,0.5));
#5687 = VECTOR('',#5688,1.);
#5688 = DIRECTION('',(0.,1.,0.));
#5689 = ORIENTED_EDGE('',*,*,#5690,.F.);
#5690 = EDGE_CURVE('',#5632,#5683,#5691,.T.);
#5691 = CIRCLE('',#5692,2.E-02);
#5692 = AXIS2_PLACEMENT_3D('',#5693,#5694,#5695);
#5693 = CARTESIAN_POINT('',(0.3,-0.23,0.48));
#5694 = DIRECTION('',(-1.,0.,0.));
#5695 = DIRECTION('',(0.,0.,1.));
#5696 = FACE_BOUND('',#5697,.F.);
#5697 = EDGE_LOOP('',(#5698,#5699,#5700,#5701,#5702,#5703,#5704,#5705));
#5698 = ORIENTED_EDGE('',*,*,#5442,.F.);
#5699 = ORIENTED_EDGE('',*,*,#5612,.T.);
#5700 = ORIENTED_EDGE('',*,*,#5595,.T.);
#5701 = ORIENTED_EDGE('',*,*,#5572,.T.);
#5702 = ORIENTED_EDGE('',*,*,#5547,.F.);
#5703 = ORIENTED_EDGE('',*,*,#5514,.F.);
#5704 = ORIENTED_EDGE('',*,*,#5497,.T.);
#5705 = ORIENTED_EDGE('',*,*,#5467,.F.);
#5706 = PLANE('',#5707);
#5707 = AXIS2_PLACEMENT_3D('',#5708,#5709,#5710);
#5708 = CARTESIAN_POINT('',(0.3,-0.25,0.));
#5709 = DIRECTION('',(1.,0.,0.));
#5710 = DIRECTION('',(0.,0.,1.));
#5711 = ADVANCED_FACE('',(#5712),#5737,.F.);
#5712 = FACE_BOUND('',#5713,.F.);
#5713 = EDGE_LOOP('',(#5714,#5724,#5730,#5731));
#5714 = ORIENTED_EDGE('',*,*,#5715,.F.);
#5715 = EDGE_CURVE('',#5716,#5718,#5720,.T.);
#5716 = VERTEX_POINT('',#5717);
#5717 = CARTESIAN_POINT('',(0.5,-0.25,2.E-02));
#5718 = VERTEX_POINT('',#5719);
#5719 = CARTESIAN_POINT('',(0.5,-0.25,0.48));
#5720 = LINE('',#5721,#5722);
#5721 = CARTESIAN_POINT('',(0.5,-0.25,0.));
#5722 = VECTOR('',#5723,1.);
#5723 = DIRECTION('',(0.,0.,1.));
#5724 = ORIENTED_EDGE('',*,*,#5725,.F.);
#5725 = EDGE_CURVE('',#5630,#5716,#5726,.T.);
#5726 = LINE('',#5727,#5728);
#5727 = CARTESIAN_POINT('',(0.3,-0.25,2.E-02));
#5728 = VECTOR('',#5729,1.);
#5729 = DIRECTION('',(1.,0.,0.));
#5730 = ORIENTED_EDGE('',*,*,#5629,.T.);
#5731 = ORIENTED_EDGE('',*,*,#5732,.T.);
#5732 = EDGE_CURVE('',#5632,#5718,#5733,.T.);
#5733 = LINE('',#5734,#5735);
#5734 = CARTESIAN_POINT('',(0.3,-0.25,0.48));
#5735 = VECTOR('',#5736,1.);
#5736 = DIRECTION('',(1.,0.,0.));
#5737 = PLANE('',#5738);
#5738 = AXIS2_PLACEMENT_3D('',#5739,#5740,#5741);
#5739 = CARTESIAN_POINT('',(0.3,-0.25,0.));
#5740 = DIRECTION('',(0.,1.,0.));
#5741 = DIRECTION('',(0.,-0.,1.));
#5742 = ADVANCED_FACE('',(#5743),#5762,.T.);
#5743 = FACE_BOUND('',#5744,.T.);
#5744 = EDGE_LOOP('',(#5745,#5746,#5754,#5761));
#5745 = ORIENTED_EDGE('',*,*,#5639,.T.);
#5746 = ORIENTED_EDGE('',*,*,#5747,.T.);
#5747 = EDGE_CURVE('',#5640,#5748,#5750,.T.);
#5748 = VERTEX_POINT('',#5749);
#5749 = CARTESIAN_POINT('',(0.5,-0.23,0.));
#5750 = LINE('',#5751,#5752);
#5751 = CARTESIAN_POINT('',(0.3,-0.23,0.));
#5752 = VECTOR('',#5753,1.);
#5753 = DIRECTION('',(1.,0.,0.));
#5754 = ORIENTED_EDGE('',*,*,#5755,.F.);
#5755 = EDGE_CURVE('',#5716,#5748,#5756,.T.);
#5756 = CIRCLE('',#5757,2.E-02);
#5757 = AXIS2_PLACEMENT_3D('',#5758,#5759,#5760);
#5758 = CARTESIAN_POINT('',(0.5,-0.23,2.E-02));
#5759 = DIRECTION('',(1.,0.,-0.));
#5760 = DIRECTION('',(0.,0.,1.));
#5761 = ORIENTED_EDGE('',*,*,#5725,.F.);
#5762 = CYLINDRICAL_SURFACE('',#5763,2.E-02);
#5763 = AXIS2_PLACEMENT_3D('',#5764,#5765,#5766);
#5764 = CARTESIAN_POINT('',(0.3,-0.23,2.E-02));
#5765 = DIRECTION('',(1.,0.,0.));
#5766 = DIRECTION('',(0.,-1.,0.));
#5767 = ADVANCED_FACE('',(#5768),#5787,.T.);
#5768 = FACE_BOUND('',#5769,.T.);
#5769 = EDGE_LOOP('',(#5770,#5771,#5780,#5786));
#5770 = ORIENTED_EDGE('',*,*,#5732,.T.);
#5771 = ORIENTED_EDGE('',*,*,#5772,.T.);
#5772 = EDGE_CURVE('',#5718,#5773,#5775,.T.);
#5773 = VERTEX_POINT('',#5774);
#5774 = CARTESIAN_POINT('',(0.5,-0.23,0.5));
#5775 = CIRCLE('',#5776,2.E-02);
#5776 = AXIS2_PLACEMENT_3D('',#5777,#5778,#5779);
#5777 = CARTESIAN_POINT('',(0.5,-0.23,0.48));
#5778 = DIRECTION('',(-1.,0.,0.));
#5779 = DIRECTION('',(0.,0.,1.));
#5780 = ORIENTED_EDGE('',*,*,#5781,.F.);
#5781 = EDGE_CURVE('',#5683,#5773,#5782,.T.);
#5782 = LINE('',#5783,#5784);
#5783 = CARTESIAN_POINT('',(0.3,-0.23,0.5));
#5784 = VECTOR('',#5785,1.);
#5785 = DIRECTION('',(1.,0.,0.));
#5786 = ORIENTED_EDGE('',*,*,#5690,.F.);
#5787 = CYLINDRICAL_SURFACE('',#5788,2.E-02);
#5788 = AXIS2_PLACEMENT_3D('',#5789,#5790,#5791);
#5789 = CARTESIAN_POINT('',(0.3,-0.23,0.48));
#5790 = DIRECTION('',(1.,0.,0.));
#5791 = DIRECTION('',(0.,-1.,0.));
#5792 = ADVANCED_FACE('',(#5793),#5811,.F.);
#5793 = FACE_BOUND('',#5794,.F.);
#5794 = EDGE_LOOP('',(#5795,#5796,#5797,#5805));
#5795 = ORIENTED_EDGE('',*,*,#5648,.F.);
#5796 = ORIENTED_EDGE('',*,*,#5747,.T.);
#5797 = ORIENTED_EDGE('',*,*,#5798,.T.);
#5798 = EDGE_CURVE('',#5748,#5799,#5801,.T.);
#5799 = VERTEX_POINT('',#5800);
#5800 = CARTESIAN_POINT('',(0.5,0.23,0.));
#5801 = LINE('',#5802,#5803);
#5802 = CARTESIAN_POINT('',(0.5,-0.25,0.));
#5803 = VECTOR('',#5804,1.);
#5804 = DIRECTION('',(0.,1.,0.));
#5805 = ORIENTED_EDGE('',*,*,#5806,.F.);
#5806 = EDGE_CURVE('',#5649,#5799,#5807,.T.);
#5807 = LINE('',#5808,#5809);
#5808 = CARTESIAN_POINT('',(0.3,0.23,0.));
#5809 = VECTOR('',#5810,1.);
#5810 = DIRECTION('',(1.,0.,0.));
#5811 = PLANE('',#5812);
#5812 = AXIS2_PLACEMENT_3D('',#5813,#5814,#5815);
#5813 = CARTESIAN_POINT('',(0.3,-0.25,0.));
#5814 = DIRECTION('',(0.,0.,1.));
#5815 = DIRECTION('',(1.,0.,-0.));
#5816 = ADVANCED_FACE('',(#5817),#5835,.T.);
#5817 = FACE_BOUND('',#5818,.T.);
#5818 = EDGE_LOOP('',(#5819,#5820,#5821,#5829));
#5819 = ORIENTED_EDGE('',*,*,#5682,.F.);
#5820 = ORIENTED_EDGE('',*,*,#5781,.T.);
#5821 = ORIENTED_EDGE('',*,*,#5822,.T.);
#5822 = EDGE_CURVE('',#5773,#5823,#5825,.T.);
#5823 = VERTEX_POINT('',#5824);
#5824 = CARTESIAN_POINT('',(0.5,0.23,0.5));
#5825 = LINE('',#5826,#5827);
#5826 = CARTESIAN_POINT('',(0.5,-0.25,0.5));
#5827 = VECTOR('',#5828,1.);
#5828 = DIRECTION('',(0.,1.,0.));
#5829 = ORIENTED_EDGE('',*,*,#5830,.F.);
#5830 = EDGE_CURVE('',#5674,#5823,#5831,.T.);
#5831 = LINE('',#5832,#5833);
#5832 = CARTESIAN_POINT('',(0.3,0.23,0.5));
#5833 = VECTOR('',#5834,1.);
#5834 = DIRECTION('',(1.,0.,0.));
#5835 = PLANE('',#5836);
#5836 = AXIS2_PLACEMENT_3D('',#5837,#5838,#5839);
#5837 = CARTESIAN_POINT('',(0.3,-0.25,0.5));
#5838 = DIRECTION('',(0.,0.,1.));
#5839 = DIRECTION('',(1.,0.,-0.));
#5840 = ADVANCED_FACE('',(#5841),#5860,.T.);
#5841 = FACE_BOUND('',#5842,.T.);
#5842 = EDGE_LOOP('',(#5843,#5851,#5858,#5859));
#5843 = ORIENTED_EDGE('',*,*,#5844,.T.);
#5844 = EDGE_CURVE('',#5657,#5845,#5847,.T.);
#5845 = VERTEX_POINT('',#5846);
#5846 = CARTESIAN_POINT('',(0.5,0.25,2.E-02));
#5847 = LINE('',#5848,#5849);
#5848 = CARTESIAN_POINT('',(0.3,0.25,2.E-02));
#5849 = VECTOR('',#5850,1.);
#5850 = DIRECTION('',(1.,0.,0.));
#5851 = ORIENTED_EDGE('',*,*,#5852,.T.);
#5852 = EDGE_CURVE('',#5845,#5799,#5853,.T.);
#5853 = CIRCLE('',#5854,2.E-02);
#5854 = AXIS2_PLACEMENT_3D('',#5855,#5856,#5857);
#5855 = CARTESIAN_POINT('',(0.5,0.23,2.E-02));
#5856 = DIRECTION('',(-1.,0.,0.));
#5857 = DIRECTION('',(0.,0.,1.));
#5858 = ORIENTED_EDGE('',*,*,#5806,.F.);
#5859 = ORIENTED_EDGE('',*,*,#5656,.F.);
#5860 = CYLINDRICAL_SURFACE('',#5861,2.E-02);
#5861 = AXIS2_PLACEMENT_3D('',#5862,#5863,#5864);
#5862 = CARTESIAN_POINT('',(0.3,0.23,2.E-02));
#5863 = DIRECTION('',(1.,0.,0.));
#5864 = DIRECTION('',(-0.,1.,0.));
#5865 = ADVANCED_FACE('',(#5866),#5885,.T.);
#5866 = FACE_BOUND('',#5867,.T.);
#5867 = EDGE_LOOP('',(#5868,#5869,#5870,#5879));
#5868 = ORIENTED_EDGE('',*,*,#5673,.T.);
#5869 = ORIENTED_EDGE('',*,*,#5830,.T.);
#5870 = ORIENTED_EDGE('',*,*,#5871,.F.);
#5871 = EDGE_CURVE('',#5872,#5823,#5874,.T.);
#5872 = VERTEX_POINT('',#5873);
#5873 = CARTESIAN_POINT('',(0.5,0.25,0.48));
#5874 = CIRCLE('',#5875,2.E-02);
#5875 = AXIS2_PLACEMENT_3D('',#5876,#5877,#5878);
#5876 = CARTESIAN_POINT('',(0.5,0.23,0.48));
#5877 = DIRECTION('',(1.,0.,-0.));
#5878 = DIRECTION('',(0.,0.,1.));
#5879 = ORIENTED_EDGE('',*,*,#5880,.F.);
#5880 = EDGE_CURVE('',#5666,#5872,#5881,.T.);
#5881 = LINE('',#5882,#5883);
#5882 = CARTESIAN_POINT('',(0.3,0.25,0.48));
#5883 = VECTOR('',#5884,1.);
#5884 = DIRECTION('',(1.,0.,0.));
#5885 = CYLINDRICAL_SURFACE('',#5886,2.E-02);
#5886 = AXIS2_PLACEMENT_3D('',#5887,#5888,#5889);
#5887 = CARTESIAN_POINT('',(0.3,0.23,0.48));
#5888 = DIRECTION('',(1.,0.,0.));
#5889 = DIRECTION('',(-0.,1.,0.));
#5890 = ADVANCED_FACE('',(#5891),#5902,.T.);
#5891 = FACE_BOUND('',#5892,.T.);
#5892 = EDGE_LOOP('',(#5893,#5899,#5900,#5901));
#5893 = ORIENTED_EDGE('',*,*,#5894,.F.);
#5894 = EDGE_CURVE('',#5845,#5872,#5895,.T.);
#5895 = LINE('',#5896,#5897);
#5896 = CARTESIAN_POINT('',(0.5,0.25,0.));
#5897 = VECTOR('',#5898,1.);
#5898 = DIRECTION('',(0.,0.,1.));
#5899 = ORIENTED_EDGE('',*,*,#5844,.F.);
#5900 = ORIENTED_EDGE('',*,*,#5665,.T.);
#5901 = ORIENTED_EDGE('',*,*,#5880,.T.);
#5902 = PLANE('',#5903);
#5903 = AXIS2_PLACEMENT_3D('',#5904,#5905,#5906);
#5904 = CARTESIAN_POINT('',(0.3,0.25,0.));
#5905 = DIRECTION('',(0.,1.,0.));
#5906 = DIRECTION('',(0.,-0.,1.));
#5907 = ADVANCED_FACE('',(#5908),#5918,.T.);
#5908 = FACE_BOUND('',#5909,.T.);
#5909 = EDGE_LOOP('',(#5910,#5911,#5912,#5913,#5914,#5915,#5916,#5917));
#5910 = ORIENTED_EDGE('',*,*,#5715,.F.);
#5911 = ORIENTED_EDGE('',*,*,#5755,.T.);
#5912 = ORIENTED_EDGE('',*,*,#5798,.T.);
#5913 = ORIENTED_EDGE('',*,*,#5852,.F.);
#5914 = ORIENTED_EDGE('',*,*,#5894,.T.);
#5915 = ORIENTED_EDGE('',*,*,#5871,.T.);
#5916 = ORIENTED_EDGE('',*,*,#5822,.F.);
#5917 = ORIENTED_EDGE('',*,*,#5772,.F.);
#5918 = PLANE('',#5919);
#5919 = AXIS2_PLACEMENT_3D('',#5920,#5921,#5922);
#5920 = CARTESIAN_POINT('',(0.5,-0.25,0.));
#5921 = DIRECTION('',(1.,0.,0.));
#5922 = DIRECTION('',(0.,0.,1.));
#5923 = ( GEOMETRIC_REPRESENTATION_CONTEXT(3) 
GLOBAL_UNCERTAINTY_ASSIGNED_CONTEXT((#5927)) 
GLOBAL_UNIT_ASSIGNED_CONTEXT((#5924,#5925,#5926)) REPRESENTATION_CONTEXT
('Context #1','3D Context with UNIT and UNCERTAINTY') );
#5924 = ( LENGTH_UNIT() NAMED_UNIT(*) SI_UNIT(.MILLI.,.METRE.) );
#5925 = ( NAMED_UNIT(*) PLANE_ANGLE_UNIT() SI_UNIT($,.RADIAN.) );
#5926 = ( NAMED_UNIT(*) SI_UNIT($,.STERADIAN.) SOLID_ANGLE_UNIT() );
#5927 = UNCERTAINTY_MEASURE_WITH_UNIT(LENGTH_MEASURE(1.E-07),#5924,
  'distance_accuracy_value','confusion accuracy');
#5928 = CONTEXT_DEPENDENT_SHAPE_REPRESENTATION(#5929,#5931);
#5929 = ( REPRESENTATION_RELATIONSHIP('','',#5068,#10) 
REPRESENTATION_RELATIONSHIP_WITH_TRANSFORMATION(#5930) 
SHAPE_REPRESENTATION_RELATIONSHIP() );
#5930 = ITEM_DEFINED_TRANSFORMATION('','',#11,#95);
#5931 = PRODUCT_DEFINITION_SHAPE('Placement','Placement of an item',
  #5932);
#5932 = NEXT_ASSEMBLY_USAGE_OCCURRENCE('26','C7','',#5,#5063,$);
#5933 = PRODUCT_RELATED_PRODUCT_CATEGORY('part',$,(#5065));
#5934 = CONTEXT_DEPENDENT_SHAPE_REPRESENTATION(#5935,#5937);
#5935 = ( REPRESENTATION_RELATIONSHIP('','',#168,#10) 
REPRESENTATION_RELATIONSHIP_WITH_TRANSFORMATION(#5936) 
SHAPE_REPRESENTATION_RELATIONSHIP() );
#5936 = ITEM_DEFINED_TRANSFORMATION('','',#11,#99);
#5937 = PRODUCT_DEFINITION_SHAPE('Placement','Placement of an item',
  #5938);
#5938 = NEXT_ASSEMBLY_USAGE_OCCURRENCE('27','C14','',#5,#163,$);
#5939 = CONTEXT_DEPENDENT_SHAPE_REPRESENTATION(#5940,#5942);
#5940 = ( REPRESENTATION_RELATIONSHIP('','',#5068,#10) 
REPRESENTATION_RELATIONSHIP_WITH_TRANSFORMATION(#5941) 
SHAPE_REPRESENTATION_RELATIONSHIP() );
#5941 = ITEM_DEFINED_TRANSFORMATION('','',#11,#103);
#5942 = PRODUCT_DEFINITION_SHAPE('Placement','Placement of an item',
  #5943);
#5943 = NEXT_ASSEMBLY_USAGE_OCCURRENCE('28','C19','',#5,#5063,$);
#5944 = SHAPE_DEFINITION_REPRESENTATION(#5945,#5951);
#5945 = PRODUCT_DEFINITION_SHAPE('','',#5946);
#5946 = PRODUCT_DEFINITION('design','',#5947,#5950);
#5947 = PRODUCT_DEFINITION_FORMATION('','',#5948);
#5948 = PRODUCT('L_0201_0603Metric','L_0201_0603Metric','',(#5949));
#5949 = PRODUCT_CONTEXT('',#2,'mechanical');
#5950 = PRODUCT_DEFINITION_CONTEXT('part definition',#2,'design');
#5951 = ADVANCED_BREP_SHAPE_REPRESENTATION('',(#11,#5952),#6806);
#5952 = MANIFOLD_SOLID_BREP('',#5953);
#5953 = CLOSED_SHELL('',(#5954,#6030,#6061,#6086,#6111,#6135,#6159,#6184
    ,#6209,#6226,#6312,#6344,#6368,#6393,#6417,#6442,#6466,#6491,#6508,
    #6594,#6625,#6650,#6675,#6699,#6723,#6748,#6773,#6790));
#5954 = ADVANCED_FACE('',(#5955),#6025,.F.);
#5955 = FACE_BOUND('',#5956,.F.);
#5956 = EDGE_LOOP('',(#5957,#5967,#5976,#5984,#5993,#6001,#6010,#6018));
#5957 = ORIENTED_EDGE('',*,*,#5958,.F.);
#5958 = EDGE_CURVE('',#5959,#5961,#5963,.T.);
#5959 = VERTEX_POINT('',#5960);
#5960 = CARTESIAN_POINT('',(-0.3,-0.15,1.5E-02));
#5961 = VERTEX_POINT('',#5962);
#5962 = CARTESIAN_POINT('',(-0.3,-0.15,0.285));
#5963 = LINE('',#5964,#5965);
#5964 = CARTESIAN_POINT('',(-0.3,-0.15,0.));
#5965 = VECTOR('',#5966,1.);
#5966 = DIRECTION('',(0.,0.,1.));
#5967 = ORIENTED_EDGE('',*,*,#5968,.T.);
#5968 = EDGE_CURVE('',#5959,#5969,#5971,.T.);
#5969 = VERTEX_POINT('',#5970);
#5970 = CARTESIAN_POINT('',(-0.3,-0.135,-2.775557561563E-17));
#5971 = CIRCLE('',#5972,1.5E-02);
#5972 = AXIS2_PLACEMENT_3D('',#5973,#5974,#5975);
#5973 = CARTESIAN_POINT('',(-0.3,-0.135,1.5E-02));
#5974 = DIRECTION('',(1.,0.,-0.));
#5975 = DIRECTION('',(0.,0.,1.));
#5976 = ORIENTED_EDGE('',*,*,#5977,.T.);
#5977 = EDGE_CURVE('',#5969,#5978,#5980,.T.);
#5978 = VERTEX_POINT('',#5979);
#5979 = CARTESIAN_POINT('',(-0.3,0.135,-2.775557561563E-17));
#5980 = LINE('',#5981,#5982);
#5981 = CARTESIAN_POINT('',(-0.3,-0.15,0.));
#5982 = VECTOR('',#5983,1.);
#5983 = DIRECTION('',(0.,1.,0.));
#5984 = ORIENTED_EDGE('',*,*,#5985,.F.);
#5985 = EDGE_CURVE('',#5986,#5978,#5988,.T.);
#5986 = VERTEX_POINT('',#5987);
#5987 = CARTESIAN_POINT('',(-0.3,0.15,1.5E-02));
#5988 = CIRCLE('',#5989,1.5E-02);
#5989 = AXIS2_PLACEMENT_3D('',#5990,#5991,#5992);
#5990 = CARTESIAN_POINT('',(-0.3,0.135,1.5E-02));
#5991 = DIRECTION('',(-1.,0.,0.));
#5992 = DIRECTION('',(0.,0.,1.));
#5993 = ORIENTED_EDGE('',*,*,#5994,.T.);
#5994 = EDGE_CURVE('',#5986,#5995,#5997,.T.);
#5995 = VERTEX_POINT('',#5996);
#5996 = CARTESIAN_POINT('',(-0.3,0.15,0.285));
#5997 = LINE('',#5998,#5999);
#5998 = CARTESIAN_POINT('',(-0.3,0.15,0.));
#5999 = VECTOR('',#6000,1.);
#6000 = DIRECTION('',(0.,0.,1.));
#6001 = ORIENTED_EDGE('',*,*,#6002,.T.);
#6002 = EDGE_CURVE('',#5995,#6003,#6005,.T.);
#6003 = VERTEX_POINT('',#6004);
#6004 = CARTESIAN_POINT('',(-0.3,0.135,0.3));
#6005 = CIRCLE('',#6006,1.5E-02);
#6006 = AXIS2_PLACEMENT_3D('',#6007,#6008,#6009);
#6007 = CARTESIAN_POINT('',(-0.3,0.135,0.285));
#6008 = DIRECTION('',(1.,0.,-0.));
#6009 = DIRECTION('',(0.,0.,1.));
#6010 = ORIENTED_EDGE('',*,*,#6011,.F.);
#6011 = EDGE_CURVE('',#6012,#6003,#6014,.T.);
#6012 = VERTEX_POINT('',#6013);
#6013 = CARTESIAN_POINT('',(-0.3,-0.135,0.3));
#6014 = LINE('',#6015,#6016);
#6015 = CARTESIAN_POINT('',(-0.3,-0.15,0.3));
#6016 = VECTOR('',#6017,1.);
#6017 = DIRECTION('',(0.,1.,0.));
#6018 = ORIENTED_EDGE('',*,*,#6019,.F.);
#6019 = EDGE_CURVE('',#5961,#6012,#6020,.T.);
#6020 = CIRCLE('',#6021,1.5E-02);
#6021 = AXIS2_PLACEMENT_3D('',#6022,#6023,#6024);
#6022 = CARTESIAN_POINT('',(-0.3,-0.135,0.285));
#6023 = DIRECTION('',(-1.,0.,0.));
#6024 = DIRECTION('',(0.,0.,1.));
#6025 = PLANE('',#6026);
#6026 = AXIS2_PLACEMENT_3D('',#6027,#6028,#6029);
#6027 = CARTESIAN_POINT('',(-0.3,-0.15,0.));
#6028 = DIRECTION('',(1.,0.,0.));
#6029 = DIRECTION('',(0.,0.,1.));
#6030 = ADVANCED_FACE('',(#6031),#6056,.F.);
#6031 = FACE_BOUND('',#6032,.F.);
#6032 = EDGE_LOOP('',(#6033,#6043,#6049,#6050));
#6033 = ORIENTED_EDGE('',*,*,#6034,.F.);
#6034 = EDGE_CURVE('',#6035,#6037,#6039,.T.);
#6035 = VERTEX_POINT('',#6036);
#6036 = CARTESIAN_POINT('',(-0.15,-0.15,1.5E-02));
#6037 = VERTEX_POINT('',#6038);
#6038 = CARTESIAN_POINT('',(-0.15,-0.15,0.285));
#6039 = LINE('',#6040,#6041);
#6040 = CARTESIAN_POINT('',(-0.15,-0.15,0.));
#6041 = VECTOR('',#6042,1.);
#6042 = DIRECTION('',(0.,0.,1.));
#6043 = ORIENTED_EDGE('',*,*,#6044,.F.);
#6044 = EDGE_CURVE('',#5959,#6035,#6045,.T.);
#6045 = LINE('',#6046,#6047);
#6046 = CARTESIAN_POINT('',(-0.3,-0.15,1.5E-02));
#6047 = VECTOR('',#6048,1.);
#6048 = DIRECTION('',(1.,0.,0.));
#6049 = ORIENTED_EDGE('',*,*,#5958,.T.);
#6050 = ORIENTED_EDGE('',*,*,#6051,.T.);
#6051 = EDGE_CURVE('',#5961,#6037,#6052,.T.);
#6052 = LINE('',#6053,#6054);
#6053 = CARTESIAN_POINT('',(-0.3,-0.15,0.285));
#6054 = VECTOR('',#6055,1.);
#6055 = DIRECTION('',(1.,0.,0.));
#6056 = PLANE('',#6057);
#6057 = AXIS2_PLACEMENT_3D('',#6058,#6059,#6060);
#6058 = CARTESIAN_POINT('',(-0.3,-0.15,0.));
#6059 = DIRECTION('',(0.,1.,0.));
#6060 = DIRECTION('',(0.,-0.,1.));
#6061 = ADVANCED_FACE('',(#6062),#6081,.T.);
#6062 = FACE_BOUND('',#6063,.T.);
#6063 = EDGE_LOOP('',(#6064,#6065,#6073,#6080));
#6064 = ORIENTED_EDGE('',*,*,#5968,.T.);
#6065 = ORIENTED_EDGE('',*,*,#6066,.T.);
#6066 = EDGE_CURVE('',#5969,#6067,#6069,.T.);
#6067 = VERTEX_POINT('',#6068);
#6068 = CARTESIAN_POINT('',(-0.15,-0.135,-2.775557561563E-17));
#6069 = LINE('',#6070,#6071);
#6070 = CARTESIAN_POINT('',(-0.3,-0.135,-2.775557561563E-17));
#6071 = VECTOR('',#6072,1.);
#6072 = DIRECTION('',(1.,0.,0.));
#6073 = ORIENTED_EDGE('',*,*,#6074,.F.);
#6074 = EDGE_CURVE('',#6035,#6067,#6075,.T.);
#6075 = CIRCLE('',#6076,1.5E-02);
#6076 = AXIS2_PLACEMENT_3D('',#6077,#6078,#6079);
#6077 = CARTESIAN_POINT('',(-0.15,-0.135,1.5E-02));
#6078 = DIRECTION('',(1.,0.,-0.));
#6079 = DIRECTION('',(0.,0.,1.));
#6080 = ORIENTED_EDGE('',*,*,#6044,.F.);
#6081 = CYLINDRICAL_SURFACE('',#6082,1.5E-02);
#6082 = AXIS2_PLACEMENT_3D('',#6083,#6084,#6085);
#6083 = CARTESIAN_POINT('',(-0.3,-0.135,1.5E-02));
#6084 = DIRECTION('',(1.,0.,0.));
#6085 = DIRECTION('',(0.,-1.,0.));
#6086 = ADVANCED_FACE('',(#6087),#6106,.T.);
#6087 = FACE_BOUND('',#6088,.T.);
#6088 = EDGE_LOOP('',(#6089,#6090,#6099,#6105));
#6089 = ORIENTED_EDGE('',*,*,#6051,.T.);
#6090 = ORIENTED_EDGE('',*,*,#6091,.T.);
#6091 = EDGE_CURVE('',#6037,#6092,#6094,.T.);
#6092 = VERTEX_POINT('',#6093);
#6093 = CARTESIAN_POINT('',(-0.15,-0.135,0.3));
#6094 = CIRCLE('',#6095,1.5E-02);
#6095 = AXIS2_PLACEMENT_3D('',#6096,#6097,#6098);
#6096 = CARTESIAN_POINT('',(-0.15,-0.135,0.285));
#6097 = DIRECTION('',(-1.,0.,0.));
#6098 = DIRECTION('',(0.,0.,1.));
#6099 = ORIENTED_EDGE('',*,*,#6100,.F.);
#6100 = EDGE_CURVE('',#6012,#6092,#6101,.T.);
#6101 = LINE('',#6102,#6103);
#6102 = CARTESIAN_POINT('',(-0.3,-0.135,0.3));
#6103 = VECTOR('',#6104,1.);
#6104 = DIRECTION('',(1.,0.,0.));
#6105 = ORIENTED_EDGE('',*,*,#6019,.F.);
#6106 = CYLINDRICAL_SURFACE('',#6107,1.5E-02);
#6107 = AXIS2_PLACEMENT_3D('',#6108,#6109,#6110);
#6108 = CARTESIAN_POINT('',(-0.3,-0.135,0.285));
#6109 = DIRECTION('',(1.,0.,0.));
#6110 = DIRECTION('',(0.,-1.,0.));
#6111 = ADVANCED_FACE('',(#6112),#6130,.F.);
#6112 = FACE_BOUND('',#6113,.F.);
#6113 = EDGE_LOOP('',(#6114,#6115,#6116,#6124));
#6114 = ORIENTED_EDGE('',*,*,#5977,.F.);
#6115 = ORIENTED_EDGE('',*,*,#6066,.T.);
#6116 = ORIENTED_EDGE('',*,*,#6117,.T.);
#6117 = EDGE_CURVE('',#6067,#6118,#6120,.T.);
#6118 = VERTEX_POINT('',#6119);
#6119 = CARTESIAN_POINT('',(-0.15,0.135,-2.775557561563E-17));
#6120 = LINE('',#6121,#6122);
#6121 = CARTESIAN_POINT('',(-0.15,-0.15,0.));
#6122 = VECTOR('',#6123,1.);
#6123 = DIRECTION('',(0.,1.,0.));
#6124 = ORIENTED_EDGE('',*,*,#6125,.F.);
#6125 = EDGE_CURVE('',#5978,#6118,#6126,.T.);
#6126 = LINE('',#6127,#6128);
#6127 = CARTESIAN_POINT('',(-0.3,0.135,-2.775557561563E-17));
#6128 = VECTOR('',#6129,1.);
#6129 = DIRECTION('',(1.,0.,0.));
#6130 = PLANE('',#6131);
#6131 = AXIS2_PLACEMENT_3D('',#6132,#6133,#6134);
#6132 = CARTESIAN_POINT('',(-0.3,-0.15,0.));
#6133 = DIRECTION('',(0.,0.,1.));
#6134 = DIRECTION('',(1.,0.,-0.));
#6135 = ADVANCED_FACE('',(#6136),#6154,.T.);
#6136 = FACE_BOUND('',#6137,.T.);
#6137 = EDGE_LOOP('',(#6138,#6139,#6140,#6148));
#6138 = ORIENTED_EDGE('',*,*,#6011,.F.);
#6139 = ORIENTED_EDGE('',*,*,#6100,.T.);
#6140 = ORIENTED_EDGE('',*,*,#6141,.T.);
#6141 = EDGE_CURVE('',#6092,#6142,#6144,.T.);
#6142 = VERTEX_POINT('',#6143);
#6143 = CARTESIAN_POINT('',(-0.15,0.135,0.3));
#6144 = LINE('',#6145,#6146);
#6145 = CARTESIAN_POINT('',(-0.15,-0.15,0.3));
#6146 = VECTOR('',#6147,1.);
#6147 = DIRECTION('',(0.,1.,0.));
#6148 = ORIENTED_EDGE('',*,*,#6149,.F.);
#6149 = EDGE_CURVE('',#6003,#6142,#6150,.T.);
#6150 = LINE('',#6151,#6152);
#6151 = CARTESIAN_POINT('',(-0.3,0.135,0.3));
#6152 = VECTOR('',#6153,1.);
#6153 = DIRECTION('',(1.,0.,0.));
#6154 = PLANE('',#6155);
#6155 = AXIS2_PLACEMENT_3D('',#6156,#6157,#6158);
#6156 = CARTESIAN_POINT('',(-0.3,-0.15,0.3));
#6157 = DIRECTION('',(0.,0.,1.));
#6158 = DIRECTION('',(1.,0.,-0.));
#6159 = ADVANCED_FACE('',(#6160),#6179,.T.);
#6160 = FACE_BOUND('',#6161,.T.);
#6161 = EDGE_LOOP('',(#6162,#6170,#6177,#6178));
#6162 = ORIENTED_EDGE('',*,*,#6163,.T.);
#6163 = EDGE_CURVE('',#5986,#6164,#6166,.T.);
#6164 = VERTEX_POINT('',#6165);
#6165 = CARTESIAN_POINT('',(-0.15,0.15,1.5E-02));
#6166 = LINE('',#6167,#6168);
#6167 = CARTESIAN_POINT('',(-0.3,0.15,1.5E-02));
#6168 = VECTOR('',#6169,1.);
#6169 = DIRECTION('',(1.,0.,0.));
#6170 = ORIENTED_EDGE('',*,*,#6171,.T.);
#6171 = EDGE_CURVE('',#6164,#6118,#6172,.T.);
#6172 = CIRCLE('',#6173,1.5E-02);
#6173 = AXIS2_PLACEMENT_3D('',#6174,#6175,#6176);
#6174 = CARTESIAN_POINT('',(-0.15,0.135,1.5E-02));
#6175 = DIRECTION('',(-1.,0.,0.));
#6176 = DIRECTION('',(0.,0.,1.));
#6177 = ORIENTED_EDGE('',*,*,#6125,.F.);
#6178 = ORIENTED_EDGE('',*,*,#5985,.F.);
#6179 = CYLINDRICAL_SURFACE('',#6180,1.5E-02);
#6180 = AXIS2_PLACEMENT_3D('',#6181,#6182,#6183);
#6181 = CARTESIAN_POINT('',(-0.3,0.135,1.5E-02));
#6182 = DIRECTION('',(1.,0.,0.));
#6183 = DIRECTION('',(-0.,1.,0.));
#6184 = ADVANCED_FACE('',(#6185),#6204,.T.);
#6185 = FACE_BOUND('',#6186,.T.);
#6186 = EDGE_LOOP('',(#6187,#6188,#6189,#6198));
#6187 = ORIENTED_EDGE('',*,*,#6002,.T.);
#6188 = ORIENTED_EDGE('',*,*,#6149,.T.);
#6189 = ORIENTED_EDGE('',*,*,#6190,.F.);
#6190 = EDGE_CURVE('',#6191,#6142,#6193,.T.);
#6191 = VERTEX_POINT('',#6192);
#6192 = CARTESIAN_POINT('',(-0.15,0.15,0.285));
#6193 = CIRCLE('',#6194,1.5E-02);
#6194 = AXIS2_PLACEMENT_3D('',#6195,#6196,#6197);
#6195 = CARTESIAN_POINT('',(-0.15,0.135,0.285));
#6196 = DIRECTION('',(1.,0.,-0.));
#6197 = DIRECTION('',(0.,0.,1.));
#6198 = ORIENTED_EDGE('',*,*,#6199,.F.);
#6199 = EDGE_CURVE('',#5995,#6191,#6200,.T.);
#6200 = LINE('',#6201,#6202);
#6201 = CARTESIAN_POINT('',(-0.3,0.15,0.285));
#6202 = VECTOR('',#6203,1.);
#6203 = DIRECTION('',(1.,0.,0.));
#6204 = CYLINDRICAL_SURFACE('',#6205,1.5E-02);
#6205 = AXIS2_PLACEMENT_3D('',#6206,#6207,#6208);
#6206 = CARTESIAN_POINT('',(-0.3,0.135,0.285));
#6207 = DIRECTION('',(1.,0.,0.));
#6208 = DIRECTION('',(-0.,1.,0.));
#6209 = ADVANCED_FACE('',(#6210),#6221,.T.);
#6210 = FACE_BOUND('',#6211,.T.);
#6211 = EDGE_LOOP('',(#6212,#6218,#6219,#6220));
#6212 = ORIENTED_EDGE('',*,*,#6213,.F.);
#6213 = EDGE_CURVE('',#6164,#6191,#6214,.T.);
#6214 = LINE('',#6215,#6216);
#6215 = CARTESIAN_POINT('',(-0.15,0.15,0.));
#6216 = VECTOR('',#6217,1.);
#6217 = DIRECTION('',(0.,0.,1.));
#6218 = ORIENTED_EDGE('',*,*,#6163,.F.);
#6219 = ORIENTED_EDGE('',*,*,#5994,.T.);
#6220 = ORIENTED_EDGE('',*,*,#6199,.T.);
#6221 = PLANE('',#6222);
#6222 = AXIS2_PLACEMENT_3D('',#6223,#6224,#6225);
#6223 = CARTESIAN_POINT('',(-0.3,0.15,0.));
#6224 = DIRECTION('',(0.,1.,0.));
#6225 = DIRECTION('',(0.,-0.,1.));
#6226 = ADVANCED_FACE('',(#6227,#6237),#6307,.T.);
#6227 = FACE_BOUND('',#6228,.T.);
#6228 = EDGE_LOOP('',(#6229,#6230,#6231,#6232,#6233,#6234,#6235,#6236));
#6229 = ORIENTED_EDGE('',*,*,#6034,.F.);
#6230 = ORIENTED_EDGE('',*,*,#6074,.T.);
#6231 = ORIENTED_EDGE('',*,*,#6117,.T.);
#6232 = ORIENTED_EDGE('',*,*,#6171,.F.);
#6233 = ORIENTED_EDGE('',*,*,#6213,.T.);
#6234 = ORIENTED_EDGE('',*,*,#6190,.T.);
#6235 = ORIENTED_EDGE('',*,*,#6141,.F.);
#6236 = ORIENTED_EDGE('',*,*,#6091,.F.);
#6237 = FACE_BOUND('',#6238,.T.);
#6238 = EDGE_LOOP('',(#6239,#6250,#6258,#6267,#6275,#6284,#6292,#6301));
#6239 = ORIENTED_EDGE('',*,*,#6240,.F.);
#6240 = EDGE_CURVE('',#6241,#6243,#6245,.T.);
#6241 = VERTEX_POINT('',#6242);
#6242 = CARTESIAN_POINT('',(-0.15,-0.135,3.E-02));
#6243 = VERTEX_POINT('',#6244);
#6244 = CARTESIAN_POINT('',(-0.15,-0.12,1.5E-02));
#6245 = CIRCLE('',#6246,1.5E-02);
#6246 = AXIS2_PLACEMENT_3D('',#6247,#6248,#6249);
#6247 = CARTESIAN_POINT('',(-0.15,-0.12,3.E-02));
#6248 = DIRECTION('',(1.,0.,-0.));
#6249 = DIRECTION('',(0.,0.,1.));
#6250 = ORIENTED_EDGE('',*,*,#6251,.T.);
#6251 = EDGE_CURVE('',#6241,#6252,#6254,.T.);
#6252 = VERTEX_POINT('',#6253);
#6253 = CARTESIAN_POINT('',(-0.15,-0.135,0.27));
#6254 = LINE('',#6255,#6256);
#6255 = CARTESIAN_POINT('',(-0.15,-0.135,1.5E-02));
#6256 = VECTOR('',#6257,1.);
#6257 = DIRECTION('',(0.,0.,1.));
#6258 = ORIENTED_EDGE('',*,*,#6259,.T.);
#6259 = EDGE_CURVE('',#6252,#6260,#6262,.T.);
#6260 = VERTEX_POINT('',#6261);
#6261 = CARTESIAN_POINT('',(-0.15,-0.12,0.285));
#6262 = CIRCLE('',#6263,1.5E-02);
#6263 = AXIS2_PLACEMENT_3D('',#6264,#6265,#6266);
#6264 = CARTESIAN_POINT('',(-0.15,-0.12,0.27));
#6265 = DIRECTION('',(-1.,0.,0.));
#6266 = DIRECTION('',(0.,0.,1.));
#6267 = ORIENTED_EDGE('',*,*,#6268,.T.);
#6268 = EDGE_CURVE('',#6260,#6269,#6271,.T.);
#6269 = VERTEX_POINT('',#6270);
#6270 = CARTESIAN_POINT('',(-0.15,0.12,0.285));
#6271 = LINE('',#6272,#6273);
#6272 = CARTESIAN_POINT('',(-0.15,-0.135,0.285));
#6273 = VECTOR('',#6274,1.);
#6274 = DIRECTION('',(0.,1.,0.));
#6275 = ORIENTED_EDGE('',*,*,#6276,.F.);
#6276 = EDGE_CURVE('',#6277,#6269,#6279,.T.);
#6277 = VERTEX_POINT('',#6278);
#6278 = CARTESIAN_POINT('',(-0.15,0.135,0.27));
#6279 = CIRCLE('',#6280,1.5E-02);
#6280 = AXIS2_PLACEMENT_3D('',#6281,#6282,#6283);
#6281 = CARTESIAN_POINT('',(-0.15,0.12,0.27));
#6282 = DIRECTION('',(1.,0.,-0.));
#6283 = DIRECTION('',(0.,0.,1.));
#6284 = ORIENTED_EDGE('',*,*,#6285,.F.);
#6285 = EDGE_CURVE('',#6286,#6277,#6288,.T.);
#6286 = VERTEX_POINT('',#6287);
#6287 = CARTESIAN_POINT('',(-0.15,0.135,3.E-02));
#6288 = LINE('',#6289,#6290);
#6289 = CARTESIAN_POINT('',(-0.15,0.135,1.5E-02));
#6290 = VECTOR('',#6291,1.);
#6291 = DIRECTION('',(0.,0.,1.));
#6292 = ORIENTED_EDGE('',*,*,#6293,.T.);
#6293 = EDGE_CURVE('',#6286,#6294,#6296,.T.);
#6294 = VERTEX_POINT('',#6295);
#6295 = CARTESIAN_POINT('',(-0.15,0.12,1.5E-02));
#6296 = CIRCLE('',#6297,1.5E-02);
#6297 = AXIS2_PLACEMENT_3D('',#6298,#6299,#6300);
#6298 = CARTESIAN_POINT('',(-0.15,0.12,3.E-02));
#6299 = DIRECTION('',(-1.,0.,0.));
#6300 = DIRECTION('',(0.,0.,1.));
#6301 = ORIENTED_EDGE('',*,*,#6302,.F.);
#6302 = EDGE_CURVE('',#6243,#6294,#6303,.T.);
#6303 = LINE('',#6304,#6305);
#6304 = CARTESIAN_POINT('',(-0.15,-0.135,1.5E-02));
#6305 = VECTOR('',#6306,1.);
#6306 = DIRECTION('',(0.,1.,0.));
#6307 = PLANE('',#6308);
#6308 = AXIS2_PLACEMENT_3D('',#6309,#6310,#6311);
#6309 = CARTESIAN_POINT('',(-0.15,-0.15,0.));
#6310 = DIRECTION('',(1.,0.,0.));
#6311 = DIRECTION('',(0.,0.,1.));
#6312 = ADVANCED_FACE('',(#6313),#6339,.T.);
#6313 = FACE_BOUND('',#6314,.T.);
#6314 = EDGE_LOOP('',(#6315,#6316,#6324,#6333));
#6315 = ORIENTED_EDGE('',*,*,#6240,.T.);
#6316 = ORIENTED_EDGE('',*,*,#6317,.T.);
#6317 = EDGE_CURVE('',#6243,#6318,#6320,.T.);
#6318 = VERTEX_POINT('',#6319);
#6319 = CARTESIAN_POINT('',(0.15,-0.12,1.5E-02));
#6320 = LINE('',#6321,#6322);
#6321 = CARTESIAN_POINT('',(-0.15,-0.12,1.5E-02));
#6322 = VECTOR('',#6323,1.);
#6323 = DIRECTION('',(1.,0.,0.));
#6324 = ORIENTED_EDGE('',*,*,#6325,.F.);
#6325 = EDGE_CURVE('',#6326,#6318,#6328,.T.);
#6326 = VERTEX_POINT('',#6327);
#6327 = CARTESIAN_POINT('',(0.15,-0.135,3.E-02));
#6328 = CIRCLE('',#6329,1.5E-02);
#6329 = AXIS2_PLACEMENT_3D('',#6330,#6331,#6332);
#6330 = CARTESIAN_POINT('',(0.15,-0.12,3.E-02));
#6331 = DIRECTION('',(1.,0.,-0.));
#6332 = DIRECTION('',(0.,0.,1.));
#6333 = ORIENTED_EDGE('',*,*,#6334,.F.);
#6334 = EDGE_CURVE('',#6241,#6326,#6335,.T.);
#6335 = LINE('',#6336,#6337);
#6336 = CARTESIAN_POINT('',(-0.15,-0.135,3.E-02));
#6337 = VECTOR('',#6338,1.);
#6338 = DIRECTION('',(1.,0.,0.));
#6339 = CYLINDRICAL_SURFACE('',#6340,1.5E-02);
#6340 = AXIS2_PLACEMENT_3D('',#6341,#6342,#6343);
#6341 = CARTESIAN_POINT('',(-0.15,-0.12,3.E-02));
#6342 = DIRECTION('',(1.,0.,0.));
#6343 = DIRECTION('',(0.,-1.,0.));
#6344 = ADVANCED_FACE('',(#6345),#6363,.F.);
#6345 = FACE_BOUND('',#6346,.F.);
#6346 = EDGE_LOOP('',(#6347,#6348,#6349,#6357));
#6347 = ORIENTED_EDGE('',*,*,#6302,.F.);
#6348 = ORIENTED_EDGE('',*,*,#6317,.T.);
#6349 = ORIENTED_EDGE('',*,*,#6350,.T.);
#6350 = EDGE_CURVE('',#6318,#6351,#6353,.T.);
#6351 = VERTEX_POINT('',#6352);
#6352 = CARTESIAN_POINT('',(0.15,0.12,1.5E-02));
#6353 = LINE('',#6354,#6355);
#6354 = CARTESIAN_POINT('',(0.15,-0.135,1.5E-02));
#6355 = VECTOR('',#6356,1.);
#6356 = DIRECTION('',(0.,1.,0.));
#6357 = ORIENTED_EDGE('',*,*,#6358,.F.);
#6358 = EDGE_CURVE('',#6294,#6351,#6359,.T.);
#6359 = LINE('',#6360,#6361);
#6360 = CARTESIAN_POINT('',(-0.15,0.12,1.5E-02));
#6361 = VECTOR('',#6362,1.);
#6362 = DIRECTION('',(1.,0.,0.));
#6363 = PLANE('',#6364);
#6364 = AXIS2_PLACEMENT_3D('',#6365,#6366,#6367);
#6365 = CARTESIAN_POINT('',(-0.15,-0.135,1.5E-02));
#6366 = DIRECTION('',(0.,0.,1.));
#6367 = DIRECTION('',(1.,0.,-0.));
#6368 = ADVANCED_FACE('',(#6369),#6388,.T.);
#6369 = FACE_BOUND('',#6370,.T.);
#6370 = EDGE_LOOP('',(#6371,#6379,#6386,#6387));
#6371 = ORIENTED_EDGE('',*,*,#6372,.T.);
#6372 = EDGE_CURVE('',#6286,#6373,#6375,.T.);
#6373 = VERTEX_POINT('',#6374);
#6374 = CARTESIAN_POINT('',(0.15,0.135,3.E-02));
#6375 = LINE('',#6376,#6377);
#6376 = CARTESIAN_POINT('',(-0.15,0.135,3.E-02));
#6377 = VECTOR('',#6378,1.);
#6378 = DIRECTION('',(1.,0.,0.));
#6379 = ORIENTED_EDGE('',*,*,#6380,.T.);
#6380 = EDGE_CURVE('',#6373,#6351,#6381,.T.);
#6381 = CIRCLE('',#6382,1.5E-02);
#6382 = AXIS2_PLACEMENT_3D('',#6383,#6384,#6385);
#6383 = CARTESIAN_POINT('',(0.15,0.12,3.E-02));
#6384 = DIRECTION('',(-1.,0.,0.));
#6385 = DIRECTION('',(0.,0.,1.));
#6386 = ORIENTED_EDGE('',*,*,#6358,.F.);
#6387 = ORIENTED_EDGE('',*,*,#6293,.F.);
#6388 = CYLINDRICAL_SURFACE('',#6389,1.5E-02);
#6389 = AXIS2_PLACEMENT_3D('',#6390,#6391,#6392);
#6390 = CARTESIAN_POINT('',(-0.15,0.12,3.E-02));
#6391 = DIRECTION('',(1.,0.,0.));
#6392 = DIRECTION('',(-0.,1.,0.));
#6393 = ADVANCED_FACE('',(#6394),#6412,.T.);
#6394 = FACE_BOUND('',#6395,.T.);
#6395 = EDGE_LOOP('',(#6396,#6404,#6405,#6406));
#6396 = ORIENTED_EDGE('',*,*,#6397,.F.);
#6397 = EDGE_CURVE('',#6373,#6398,#6400,.T.);
#6398 = VERTEX_POINT('',#6399);
#6399 = CARTESIAN_POINT('',(0.15,0.135,0.27));
#6400 = LINE('',#6401,#6402);
#6401 = CARTESIAN_POINT('',(0.15,0.135,1.5E-02));
#6402 = VECTOR('',#6403,1.);
#6403 = DIRECTION('',(0.,0.,1.));
#6404 = ORIENTED_EDGE('',*,*,#6372,.F.);
#6405 = ORIENTED_EDGE('',*,*,#6285,.T.);
#6406 = ORIENTED_EDGE('',*,*,#6407,.T.);
#6407 = EDGE_CURVE('',#6277,#6398,#6408,.T.);
#6408 = LINE('',#6409,#6410);
#6409 = CARTESIAN_POINT('',(-0.15,0.135,0.27));
#6410 = VECTOR('',#6411,1.);
#6411 = DIRECTION('',(1.,0.,0.));
#6412 = PLANE('',#6413);
#6413 = AXIS2_PLACEMENT_3D('',#6414,#6415,#6416);
#6414 = CARTESIAN_POINT('',(-0.15,0.135,1.5E-02));
#6415 = DIRECTION('',(0.,1.,0.));
#6416 = DIRECTION('',(0.,-0.,1.));
#6417 = ADVANCED_FACE('',(#6418),#6437,.T.);
#6418 = FACE_BOUND('',#6419,.T.);
#6419 = EDGE_LOOP('',(#6420,#6421,#6429,#6436));
#6420 = ORIENTED_EDGE('',*,*,#6276,.T.);
#6421 = ORIENTED_EDGE('',*,*,#6422,.T.);
#6422 = EDGE_CURVE('',#6269,#6423,#6425,.T.);
#6423 = VERTEX_POINT('',#6424);
#6424 = CARTESIAN_POINT('',(0.15,0.12,0.285));
#6425 = LINE('',#6426,#6427);
#6426 = CARTESIAN_POINT('',(-0.15,0.12,0.285));
#6427 = VECTOR('',#6428,1.);
#6428 = DIRECTION('',(1.,0.,0.));
#6429 = ORIENTED_EDGE('',*,*,#6430,.F.);
#6430 = EDGE_CURVE('',#6398,#6423,#6431,.T.);
#6431 = CIRCLE('',#6432,1.5E-02);
#6432 = AXIS2_PLACEMENT_3D('',#6433,#6434,#6435);
#6433 = CARTESIAN_POINT('',(0.15,0.12,0.27));
#6434 = DIRECTION('',(1.,0.,-0.));
#6435 = DIRECTION('',(0.,0.,1.));
#6436 = ORIENTED_EDGE('',*,*,#6407,.F.);
#6437 = CYLINDRICAL_SURFACE('',#6438,1.5E-02);
#6438 = AXIS2_PLACEMENT_3D('',#6439,#6440,#6441);
#6439 = CARTESIAN_POINT('',(-0.15,0.12,0.27));
#6440 = DIRECTION('',(1.,0.,0.));
#6441 = DIRECTION('',(-0.,1.,0.));
#6442 = ADVANCED_FACE('',(#6443),#6461,.T.);
#6443 = FACE_BOUND('',#6444,.T.);
#6444 = EDGE_LOOP('',(#6445,#6446,#6454,#6460));
#6445 = ORIENTED_EDGE('',*,*,#6268,.F.);
#6446 = ORIENTED_EDGE('',*,*,#6447,.T.);
#6447 = EDGE_CURVE('',#6260,#6448,#6450,.T.);
#6448 = VERTEX_POINT('',#6449);
#6449 = CARTESIAN_POINT('',(0.15,-0.12,0.285));
#6450 = LINE('',#6451,#6452);
#6451 = CARTESIAN_POINT('',(-0.15,-0.12,0.285));
#6452 = VECTOR('',#6453,1.);
#6453 = DIRECTION('',(1.,0.,0.));
#6454 = ORIENTED_EDGE('',*,*,#6455,.T.);
#6455 = EDGE_CURVE('',#6448,#6423,#6456,.T.);
#6456 = LINE('',#6457,#6458);
#6457 = CARTESIAN_POINT('',(0.15,-0.135,0.285));
#6458 = VECTOR('',#6459,1.);
#6459 = DIRECTION('',(0.,1.,0.));
#6460 = ORIENTED_EDGE('',*,*,#6422,.F.);
#6461 = PLANE('',#6462);
#6462 = AXIS2_PLACEMENT_3D('',#6463,#6464,#6465);
#6463 = CARTESIAN_POINT('',(-0.15,-0.135,0.285));
#6464 = DIRECTION('',(0.,0.,1.));
#6465 = DIRECTION('',(1.,0.,-0.));
#6466 = ADVANCED_FACE('',(#6467),#6486,.T.);
#6467 = FACE_BOUND('',#6468,.T.);
#6468 = EDGE_LOOP('',(#6469,#6477,#6484,#6485));
#6469 = ORIENTED_EDGE('',*,*,#6470,.T.);
#6470 = EDGE_CURVE('',#6252,#6471,#6473,.T.);
#6471 = VERTEX_POINT('',#6472);
#6472 = CARTESIAN_POINT('',(0.15,-0.135,0.27));
#6473 = LINE('',#6474,#6475);
#6474 = CARTESIAN_POINT('',(-0.15,-0.135,0.27));
#6475 = VECTOR('',#6476,1.);
#6476 = DIRECTION('',(1.,0.,0.));
#6477 = ORIENTED_EDGE('',*,*,#6478,.T.);
#6478 = EDGE_CURVE('',#6471,#6448,#6479,.T.);
#6479 = CIRCLE('',#6480,1.5E-02);
#6480 = AXIS2_PLACEMENT_3D('',#6481,#6482,#6483);
#6481 = CARTESIAN_POINT('',(0.15,-0.12,0.27));
#6482 = DIRECTION('',(-1.,0.,0.));
#6483 = DIRECTION('',(0.,0.,1.));
#6484 = ORIENTED_EDGE('',*,*,#6447,.F.);
#6485 = ORIENTED_EDGE('',*,*,#6259,.F.);
#6486 = CYLINDRICAL_SURFACE('',#6487,1.5E-02);
#6487 = AXIS2_PLACEMENT_3D('',#6488,#6489,#6490);
#6488 = CARTESIAN_POINT('',(-0.15,-0.12,0.27));
#6489 = DIRECTION('',(1.,0.,0.));
#6490 = DIRECTION('',(0.,-1.,0.));
#6491 = ADVANCED_FACE('',(#6492),#6503,.F.);
#6492 = FACE_BOUND('',#6493,.F.);
#6493 = EDGE_LOOP('',(#6494,#6500,#6501,#6502));
#6494 = ORIENTED_EDGE('',*,*,#6495,.F.);
#6495 = EDGE_CURVE('',#6326,#6471,#6496,.T.);
#6496 = LINE('',#6497,#6498);
#6497 = CARTESIAN_POINT('',(0.15,-0.135,1.5E-02));
#6498 = VECTOR('',#6499,1.);
#6499 = DIRECTION('',(0.,0.,1.));
#6500 = ORIENTED_EDGE('',*,*,#6334,.F.);
#6501 = ORIENTED_EDGE('',*,*,#6251,.T.);
#6502 = ORIENTED_EDGE('',*,*,#6470,.T.);
#6503 = PLANE('',#6504);
#6504 = AXIS2_PLACEMENT_3D('',#6505,#6506,#6507);
#6505 = CARTESIAN_POINT('',(-0.15,-0.135,1.5E-02));
#6506 = DIRECTION('',(0.,1.,0.));
#6507 = DIRECTION('',(0.,-0.,1.));
#6508 = ADVANCED_FACE('',(#6509,#6579),#6589,.F.);
#6509 = FACE_BOUND('',#6510,.F.);
#6510 = EDGE_LOOP('',(#6511,#6521,#6530,#6538,#6547,#6555,#6564,#6572));
#6511 = ORIENTED_EDGE('',*,*,#6512,.F.);
#6512 = EDGE_CURVE('',#6513,#6515,#6517,.T.);
#6513 = VERTEX_POINT('',#6514);
#6514 = CARTESIAN_POINT('',(0.15,-0.15,1.5E-02));
#6515 = VERTEX_POINT('',#6516);
#6516 = CARTESIAN_POINT('',(0.15,-0.15,0.285));
#6517 = LINE('',#6518,#6519);
#6518 = CARTESIAN_POINT('',(0.15,-0.15,0.));
#6519 = VECTOR('',#6520,1.);
#6520 = DIRECTION('',(0.,0.,1.));
#6521 = ORIENTED_EDGE('',*,*,#6522,.T.);
#6522 = EDGE_CURVE('',#6513,#6523,#6525,.T.);
#6523 = VERTEX_POINT('',#6524);
#6524 = CARTESIAN_POINT('',(0.15,-0.135,-2.775557561563E-17));
#6525 = CIRCLE('',#6526,1.5E-02);
#6526 = AXIS2_PLACEMENT_3D('',#6527,#6528,#6529);
#6527 = CARTESIAN_POINT('',(0.15,-0.135,1.5E-02));
#6528 = DIRECTION('',(1.,0.,-0.));
#6529 = DIRECTION('',(0.,0.,1.));
#6530 = ORIENTED_EDGE('',*,*,#6531,.T.);
#6531 = EDGE_CURVE('',#6523,#6532,#6534,.T.);
#6532 = VERTEX_POINT('',#6533);
#6533 = CARTESIAN_POINT('',(0.15,0.135,-2.775557561563E-17));
#6534 = LINE('',#6535,#6536);
#6535 = CARTESIAN_POINT('',(0.15,-0.15,0.));
#6536 = VECTOR('',#6537,1.);
#6537 = DIRECTION('',(0.,1.,0.));
#6538 = ORIENTED_EDGE('',*,*,#6539,.F.);
#6539 = EDGE_CURVE('',#6540,#6532,#6542,.T.);
#6540 = VERTEX_POINT('',#6541);
#6541 = CARTESIAN_POINT('',(0.15,0.15,1.5E-02));
#6542 = CIRCLE('',#6543,1.5E-02);
#6543 = AXIS2_PLACEMENT_3D('',#6544,#6545,#6546);
#6544 = CARTESIAN_POINT('',(0.15,0.135,1.5E-02));
#6545 = DIRECTION('',(-1.,0.,0.));
#6546 = DIRECTION('',(0.,0.,1.));
#6547 = ORIENTED_EDGE('',*,*,#6548,.T.);
#6548 = EDGE_CURVE('',#6540,#6549,#6551,.T.);
#6549 = VERTEX_POINT('',#6550);
#6550 = CARTESIAN_POINT('',(0.15,0.15,0.285));
#6551 = LINE('',#6552,#6553);
#6552 = CARTESIAN_POINT('',(0.15,0.15,0.));
#6553 = VECTOR('',#6554,1.);
#6554 = DIRECTION('',(0.,0.,1.));
#6555 = ORIENTED_EDGE('',*,*,#6556,.T.);
#6556 = EDGE_CURVE('',#6549,#6557,#6559,.T.);
#6557 = VERTEX_POINT('',#6558);
#6558 = CARTESIAN_POINT('',(0.15,0.135,0.3));
#6559 = CIRCLE('',#6560,1.5E-02);
#6560 = AXIS2_PLACEMENT_3D('',#6561,#6562,#6563);
#6561 = CARTESIAN_POINT('',(0.15,0.135,0.285));
#6562 = DIRECTION('',(1.,0.,-0.));
#6563 = DIRECTION('',(0.,0.,1.));
#6564 = ORIENTED_EDGE('',*,*,#6565,.F.);
#6565 = EDGE_CURVE('',#6566,#6557,#6568,.T.);
#6566 = VERTEX_POINT('',#6567);
#6567 = CARTESIAN_POINT('',(0.15,-0.135,0.3));
#6568 = LINE('',#6569,#6570);
#6569 = CARTESIAN_POINT('',(0.15,-0.15,0.3));
#6570 = VECTOR('',#6571,1.);
#6571 = DIRECTION('',(0.,1.,0.));
#6572 = ORIENTED_EDGE('',*,*,#6573,.F.);
#6573 = EDGE_CURVE('',#6515,#6566,#6574,.T.);
#6574 = CIRCLE('',#6575,1.5E-02);
#6575 = AXIS2_PLACEMENT_3D('',#6576,#6577,#6578);
#6576 = CARTESIAN_POINT('',(0.15,-0.135,0.285));
#6577 = DIRECTION('',(-1.,0.,0.));
#6578 = DIRECTION('',(0.,0.,1.));
#6579 = FACE_BOUND('',#6580,.F.);
#6580 = EDGE_LOOP('',(#6581,#6582,#6583,#6584,#6585,#6586,#6587,#6588));
#6581 = ORIENTED_EDGE('',*,*,#6325,.F.);
#6582 = ORIENTED_EDGE('',*,*,#6495,.T.);
#6583 = ORIENTED_EDGE('',*,*,#6478,.T.);
#6584 = ORIENTED_EDGE('',*,*,#6455,.T.);
#6585 = ORIENTED_EDGE('',*,*,#6430,.F.);
#6586 = ORIENTED_EDGE('',*,*,#6397,.F.);
#6587 = ORIENTED_EDGE('',*,*,#6380,.T.);
#6588 = ORIENTED_EDGE('',*,*,#6350,.F.);
#6589 = PLANE('',#6590);
#6590 = AXIS2_PLACEMENT_3D('',#6591,#6592,#6593);
#6591 = CARTESIAN_POINT('',(0.15,-0.15,0.));
#6592 = DIRECTION('',(1.,0.,0.));
#6593 = DIRECTION('',(0.,0.,1.));
#6594 = ADVANCED_FACE('',(#6595),#6620,.F.);
#6595 = FACE_BOUND('',#6596,.F.);
#6596 = EDGE_LOOP('',(#6597,#6607,#6613,#6614));
#6597 = ORIENTED_EDGE('',*,*,#6598,.F.);
#6598 = EDGE_CURVE('',#6599,#6601,#6603,.T.);
#6599 = VERTEX_POINT('',#6600);
#6600 = CARTESIAN_POINT('',(0.3,-0.15,1.5E-02));
#6601 = VERTEX_POINT('',#6602);
#6602 = CARTESIAN_POINT('',(0.3,-0.15,0.285));
#6603 = LINE('',#6604,#6605);
#6604 = CARTESIAN_POINT('',(0.3,-0.15,0.));
#6605 = VECTOR('',#6606,1.);
#6606 = DIRECTION('',(0.,0.,1.));
#6607 = ORIENTED_EDGE('',*,*,#6608,.F.);
#6608 = EDGE_CURVE('',#6513,#6599,#6609,.T.);
#6609 = LINE('',#6610,#6611);
#6610 = CARTESIAN_POINT('',(0.15,-0.15,1.5E-02));
#6611 = VECTOR('',#6612,1.);
#6612 = DIRECTION('',(1.,0.,0.));
#6613 = ORIENTED_EDGE('',*,*,#6512,.T.);
#6614 = ORIENTED_EDGE('',*,*,#6615,.T.);
#6615 = EDGE_CURVE('',#6515,#6601,#6616,.T.);
#6616 = LINE('',#6617,#6618);
#6617 = CARTESIAN_POINT('',(0.15,-0.15,0.285));
#6618 = VECTOR('',#6619,1.);
#6619 = DIRECTION('',(1.,0.,0.));
#6620 = PLANE('',#6621);
#6621 = AXIS2_PLACEMENT_3D('',#6622,#6623,#6624);
#6622 = CARTESIAN_POINT('',(0.15,-0.15,0.));
#6623 = DIRECTION('',(0.,1.,0.));
#6624 = DIRECTION('',(0.,-0.,1.));
#6625 = ADVANCED_FACE('',(#6626),#6645,.T.);
#6626 = FACE_BOUND('',#6627,.T.);
#6627 = EDGE_LOOP('',(#6628,#6629,#6637,#6644));
#6628 = ORIENTED_EDGE('',*,*,#6522,.T.);
#6629 = ORIENTED_EDGE('',*,*,#6630,.T.);
#6630 = EDGE_CURVE('',#6523,#6631,#6633,.T.);
#6631 = VERTEX_POINT('',#6632);
#6632 = CARTESIAN_POINT('',(0.3,-0.135,-2.775557561563E-17));
#6633 = LINE('',#6634,#6635);
#6634 = CARTESIAN_POINT('',(0.15,-0.135,-2.775557561563E-17));
#6635 = VECTOR('',#6636,1.);
#6636 = DIRECTION('',(1.,0.,0.));
#6637 = ORIENTED_EDGE('',*,*,#6638,.F.);
#6638 = EDGE_CURVE('',#6599,#6631,#6639,.T.);
#6639 = CIRCLE('',#6640,1.5E-02);
#6640 = AXIS2_PLACEMENT_3D('',#6641,#6642,#6643);
#6641 = CARTESIAN_POINT('',(0.3,-0.135,1.5E-02));
#6642 = DIRECTION('',(1.,0.,-0.));
#6643 = DIRECTION('',(0.,0.,1.));
#6644 = ORIENTED_EDGE('',*,*,#6608,.F.);
#6645 = CYLINDRICAL_SURFACE('',#6646,1.5E-02);
#6646 = AXIS2_PLACEMENT_3D('',#6647,#6648,#6649);
#6647 = CARTESIAN_POINT('',(0.15,-0.135,1.5E-02));
#6648 = DIRECTION('',(1.,0.,0.));
#6649 = DIRECTION('',(0.,-1.,0.));
#6650 = ADVANCED_FACE('',(#6651),#6670,.T.);
#6651 = FACE_BOUND('',#6652,.T.);
#6652 = EDGE_LOOP('',(#6653,#6654,#6663,#6669));
#6653 = ORIENTED_EDGE('',*,*,#6615,.T.);
#6654 = ORIENTED_EDGE('',*,*,#6655,.T.);
#6655 = EDGE_CURVE('',#6601,#6656,#6658,.T.);
#6656 = VERTEX_POINT('',#6657);
#6657 = CARTESIAN_POINT('',(0.3,-0.135,0.3));
#6658 = CIRCLE('',#6659,1.5E-02);
#6659 = AXIS2_PLACEMENT_3D('',#6660,#6661,#6662);
#6660 = CARTESIAN_POINT('',(0.3,-0.135,0.285));
#6661 = DIRECTION('',(-1.,0.,0.));
#6662 = DIRECTION('',(0.,0.,1.));
#6663 = ORIENTED_EDGE('',*,*,#6664,.F.);
#6664 = EDGE_CURVE('',#6566,#6656,#6665,.T.);
#6665 = LINE('',#6666,#6667);
#6666 = CARTESIAN_POINT('',(0.15,-0.135,0.3));
#6667 = VECTOR('',#6668,1.);
#6668 = DIRECTION('',(1.,0.,0.));
#6669 = ORIENTED_EDGE('',*,*,#6573,.F.);
#6670 = CYLINDRICAL_SURFACE('',#6671,1.5E-02);
#6671 = AXIS2_PLACEMENT_3D('',#6672,#6673,#6674);
#6672 = CARTESIAN_POINT('',(0.15,-0.135,0.285));
#6673 = DIRECTION('',(1.,0.,0.));
#6674 = DIRECTION('',(0.,-1.,0.));
#6675 = ADVANCED_FACE('',(#6676),#6694,.F.);
#6676 = FACE_BOUND('',#6677,.F.);
#6677 = EDGE_LOOP('',(#6678,#6679,#6680,#6688));
#6678 = ORIENTED_EDGE('',*,*,#6531,.F.);
#6679 = ORIENTED_EDGE('',*,*,#6630,.T.);
#6680 = ORIENTED_EDGE('',*,*,#6681,.T.);
#6681 = EDGE_CURVE('',#6631,#6682,#6684,.T.);
#6682 = VERTEX_POINT('',#6683);
#6683 = CARTESIAN_POINT('',(0.3,0.135,-2.775557561563E-17));
#6684 = LINE('',#6685,#6686);
#6685 = CARTESIAN_POINT('',(0.3,-0.15,0.));
#6686 = VECTOR('',#6687,1.);
#6687 = DIRECTION('',(0.,1.,0.));
#6688 = ORIENTED_EDGE('',*,*,#6689,.F.);
#6689 = EDGE_CURVE('',#6532,#6682,#6690,.T.);
#6690 = LINE('',#6691,#6692);
#6691 = CARTESIAN_POINT('',(0.15,0.135,-2.775557561563E-17));
#6692 = VECTOR('',#6693,1.);
#6693 = DIRECTION('',(1.,0.,0.));
#6694 = PLANE('',#6695);
#6695 = AXIS2_PLACEMENT_3D('',#6696,#6697,#6698);
#6696 = CARTESIAN_POINT('',(0.15,-0.15,0.));
#6697 = DIRECTION('',(0.,0.,1.));
#6698 = DIRECTION('',(1.,0.,-0.));
#6699 = ADVANCED_FACE('',(#6700),#6718,.T.);
#6700 = FACE_BOUND('',#6701,.T.);
#6701 = EDGE_LOOP('',(#6702,#6703,#6704,#6712));
#6702 = ORIENTED_EDGE('',*,*,#6565,.F.);
#6703 = ORIENTED_EDGE('',*,*,#6664,.T.);
#6704 = ORIENTED_EDGE('',*,*,#6705,.T.);
#6705 = EDGE_CURVE('',#6656,#6706,#6708,.T.);
#6706 = VERTEX_POINT('',#6707);
#6707 = CARTESIAN_POINT('',(0.3,0.135,0.3));
#6708 = LINE('',#6709,#6710);
#6709 = CARTESIAN_POINT('',(0.3,-0.15,0.3));
#6710 = VECTOR('',#6711,1.);
#6711 = DIRECTION('',(0.,1.,0.));
#6712 = ORIENTED_EDGE('',*,*,#6713,.F.);
#6713 = EDGE_CURVE('',#6557,#6706,#6714,.T.);
#6714 = LINE('',#6715,#6716);
#6715 = CARTESIAN_POINT('',(0.15,0.135,0.3));
#6716 = VECTOR('',#6717,1.);
#6717 = DIRECTION('',(1.,0.,0.));
#6718 = PLANE('',#6719);
#6719 = AXIS2_PLACEMENT_3D('',#6720,#6721,#6722);
#6720 = CARTESIAN_POINT('',(0.15,-0.15,0.3));
#6721 = DIRECTION('',(0.,0.,1.));
#6722 = DIRECTION('',(1.,0.,-0.));
#6723 = ADVANCED_FACE('',(#6724),#6743,.T.);
#6724 = FACE_BOUND('',#6725,.T.);
#6725 = EDGE_LOOP('',(#6726,#6734,#6741,#6742));
#6726 = ORIENTED_EDGE('',*,*,#6727,.T.);
#6727 = EDGE_CURVE('',#6540,#6728,#6730,.T.);
#6728 = VERTEX_POINT('',#6729);
#6729 = CARTESIAN_POINT('',(0.3,0.15,1.5E-02));
#6730 = LINE('',#6731,#6732);
#6731 = CARTESIAN_POINT('',(0.15,0.15,1.5E-02));
#6732 = VECTOR('',#6733,1.);
#6733 = DIRECTION('',(1.,0.,0.));
#6734 = ORIENTED_EDGE('',*,*,#6735,.T.);
#6735 = EDGE_CURVE('',#6728,#6682,#6736,.T.);
#6736 = CIRCLE('',#6737,1.5E-02);
#6737 = AXIS2_PLACEMENT_3D('',#6738,#6739,#6740);
#6738 = CARTESIAN_POINT('',(0.3,0.135,1.5E-02));
#6739 = DIRECTION('',(-1.,0.,0.));
#6740 = DIRECTION('',(0.,0.,1.));
#6741 = ORIENTED_EDGE('',*,*,#6689,.F.);
#6742 = ORIENTED_EDGE('',*,*,#6539,.F.);
#6743 = CYLINDRICAL_SURFACE('',#6744,1.5E-02);
#6744 = AXIS2_PLACEMENT_3D('',#6745,#6746,#6747);
#6745 = CARTESIAN_POINT('',(0.15,0.135,1.5E-02));
#6746 = DIRECTION('',(1.,0.,0.));
#6747 = DIRECTION('',(-0.,1.,0.));
#6748 = ADVANCED_FACE('',(#6749),#6768,.T.);
#6749 = FACE_BOUND('',#6750,.T.);
#6750 = EDGE_LOOP('',(#6751,#6752,#6753,#6762));
#6751 = ORIENTED_EDGE('',*,*,#6556,.T.);
#6752 = ORIENTED_EDGE('',*,*,#6713,.T.);
#6753 = ORIENTED_EDGE('',*,*,#6754,.F.);
#6754 = EDGE_CURVE('',#6755,#6706,#6757,.T.);
#6755 = VERTEX_POINT('',#6756);
#6756 = CARTESIAN_POINT('',(0.3,0.15,0.285));
#6757 = CIRCLE('',#6758,1.5E-02);
#6758 = AXIS2_PLACEMENT_3D('',#6759,#6760,#6761);
#6759 = CARTESIAN_POINT('',(0.3,0.135,0.285));
#6760 = DIRECTION('',(1.,0.,-0.));
#6761 = DIRECTION('',(0.,0.,1.));
#6762 = ORIENTED_EDGE('',*,*,#6763,.F.);
#6763 = EDGE_CURVE('',#6549,#6755,#6764,.T.);
#6764 = LINE('',#6765,#6766);
#6765 = CARTESIAN_POINT('',(0.15,0.15,0.285));
#6766 = VECTOR('',#6767,1.);
#6767 = DIRECTION('',(1.,0.,0.));
#6768 = CYLINDRICAL_SURFACE('',#6769,1.5E-02);
#6769 = AXIS2_PLACEMENT_3D('',#6770,#6771,#6772);
#6770 = CARTESIAN_POINT('',(0.15,0.135,0.285));
#6771 = DIRECTION('',(1.,0.,0.));
#6772 = DIRECTION('',(-0.,1.,0.));
#6773 = ADVANCED_FACE('',(#6774),#6785,.T.);
#6774 = FACE_BOUND('',#6775,.T.);
#6775 = EDGE_LOOP('',(#6776,#6782,#6783,#6784));
#6776 = ORIENTED_EDGE('',*,*,#6777,.F.);
#6777 = EDGE_CURVE('',#6728,#6755,#6778,.T.);
#6778 = LINE('',#6779,#6780);
#6779 = CARTESIAN_POINT('',(0.3,0.15,0.));
#6780 = VECTOR('',#6781,1.);
#6781 = DIRECTION('',(0.,0.,1.));
#6782 = ORIENTED_EDGE('',*,*,#6727,.F.);
#6783 = ORIENTED_EDGE('',*,*,#6548,.T.);
#6784 = ORIENTED_EDGE('',*,*,#6763,.T.);
#6785 = PLANE('',#6786);
#6786 = AXIS2_PLACEMENT_3D('',#6787,#6788,#6789);
#6787 = CARTESIAN_POINT('',(0.15,0.15,0.));
#6788 = DIRECTION('',(0.,1.,0.));
#6789 = DIRECTION('',(0.,-0.,1.));
#6790 = ADVANCED_FACE('',(#6791),#6801,.T.);
#6791 = FACE_BOUND('',#6792,.T.);
#6792 = EDGE_LOOP('',(#6793,#6794,#6795,#6796,#6797,#6798,#6799,#6800));
#6793 = ORIENTED_EDGE('',*,*,#6598,.F.);
#6794 = ORIENTED_EDGE('',*,*,#6638,.T.);
#6795 = ORIENTED_EDGE('',*,*,#6681,.T.);
#6796 = ORIENTED_EDGE('',*,*,#6735,.F.);
#6797 = ORIENTED_EDGE('',*,*,#6777,.T.);
#6798 = ORIENTED_EDGE('',*,*,#6754,.T.);
#6799 = ORIENTED_EDGE('',*,*,#6705,.F.);
#6800 = ORIENTED_EDGE('',*,*,#6655,.F.);
#6801 = PLANE('',#6802);
#6802 = AXIS2_PLACEMENT_3D('',#6803,#6804,#6805);
#6803 = CARTESIAN_POINT('',(0.3,-0.15,0.));
#6804 = DIRECTION('',(1.,0.,0.));
#6805 = DIRECTION('',(0.,0.,1.));
#6806 = ( GEOMETRIC_REPRESENTATION_CONTEXT(3) 
GLOBAL_UNCERTAINTY_ASSIGNED_CONTEXT((#6810)) 
GLOBAL_UNIT_ASSIGNED_CONTEXT((#6807,#6808,#6809)) REPRESENTATION_CONTEXT
('Context #1','3D Context with UNIT and UNCERTAINTY') );
#6807 = ( LENGTH_UNIT() NAMED_UNIT(*) SI_UNIT(.MILLI.,.METRE.) );
#6808 = ( NAMED_UNIT(*) PLANE_ANGLE_UNIT() SI_UNIT($,.RADIAN.) );
#6809 = ( NAMED_UNIT(*) SI_UNIT($,.STERADIAN.) SOLID_ANGLE_UNIT() );
#6810 = UNCERTAINTY_MEASURE_WITH_UNIT(LENGTH_MEASURE(1.E-07),#6807,
  'distance_accuracy_value','confusion accuracy');
#6811 = CONTEXT_DEPENDENT_SHAPE_REPRESENTATION(#6812,#6814);
#6812 = ( REPRESENTATION_RELATIONSHIP('','',#5951,#10) 
REPRESENTATION_RELATIONSHIP_WITH_TRANSFORMATION(#6813) 
SHAPE_REPRESENTATION_RELATIONSHIP() );
#6813 = ITEM_DEFINED_TRANSFORMATION('','',#11,#107);
#6814 = PRODUCT_DEFINITION_SHAPE('Placement','Placement of an item',
  #6815);
#6815 = NEXT_ASSEMBLY_USAGE_OCCURRENCE('29','L1','',#5,#5946,$);
#6816 = PRODUCT_RELATED_PRODUCT_CATEGORY('part',$,(#5948));
#6817 = SHAPE_DEFINITION_REPRESENTATION(#6818,#6824);
#6818 = PRODUCT_DEFINITION_SHAPE('','',#6819);
#6819 = PRODUCT_DEFINITION('design','',#6820,#6823);
#6820 = PRODUCT_DEFINITION_FORMATION('','',#6821);
#6821 = PRODUCT('L_0402_1005Metric','L_0402_1005Metric','',(#6822));
#6822 = PRODUCT_CONTEXT('',#2,'mechanical');
#6823 = PRODUCT_DEFINITION_CONTEXT('part definition',#2,'design');
#6824 = ADVANCED_BREP_SHAPE_REPRESENTATION('',(#11,#6825),#7679);
#6825 = MANIFOLD_SOLID_BREP('',#6826);
#6826 = CLOSED_SHELL('',(#6827,#6903,#6934,#6959,#6984,#7008,#7032,#7057
    ,#7082,#7099,#7185,#7217,#7241,#7266,#7290,#7315,#7339,#7364,#7381,
    #7467,#7498,#7523,#7548,#7572,#7596,#7621,#7646,#7663));
#6827 = ADVANCED_FACE('',(#6828),#6898,.F.);
#6828 = FACE_BOUND('',#6829,.F.);
#6829 = EDGE_LOOP('',(#6830,#6840,#6849,#6857,#6866,#6874,#6883,#6891));
#6830 = ORIENTED_EDGE('',*,*,#6831,.F.);
#6831 = EDGE_CURVE('',#6832,#6834,#6836,.T.);
#6832 = VERTEX_POINT('',#6833);
#6833 = CARTESIAN_POINT('',(-0.5,-0.25,2.E-02));
#6834 = VERTEX_POINT('',#6835);
#6835 = CARTESIAN_POINT('',(-0.5,-0.25,0.48));
#6836 = LINE('',#6837,#6838);
#6837 = CARTESIAN_POINT('',(-0.5,-0.25,0.));
#6838 = VECTOR('',#6839,1.);
#6839 = DIRECTION('',(0.,0.,1.));
#6840 = ORIENTED_EDGE('',*,*,#6841,.T.);
#6841 = EDGE_CURVE('',#6832,#6842,#6844,.T.);
#6842 = VERTEX_POINT('',#6843);
#6843 = CARTESIAN_POINT('',(-0.5,-0.23,0.));
#6844 = CIRCLE('',#6845,2.E-02);
#6845 = AXIS2_PLACEMENT_3D('',#6846,#6847,#6848);
#6846 = CARTESIAN_POINT('',(-0.5,-0.23,2.E-02));
#6847 = DIRECTION('',(1.,0.,-0.));
#6848 = DIRECTION('',(0.,0.,1.));
#6849 = ORIENTED_EDGE('',*,*,#6850,.T.);
#6850 = EDGE_CURVE('',#6842,#6851,#6853,.T.);
#6851 = VERTEX_POINT('',#6852);
#6852 = CARTESIAN_POINT('',(-0.5,0.23,0.));
#6853 = LINE('',#6854,#6855);
#6854 = CARTESIAN_POINT('',(-0.5,-0.25,0.));
#6855 = VECTOR('',#6856,1.);
#6856 = DIRECTION('',(0.,1.,0.));
#6857 = ORIENTED_EDGE('',*,*,#6858,.F.);
#6858 = EDGE_CURVE('',#6859,#6851,#6861,.T.);
#6859 = VERTEX_POINT('',#6860);
#6860 = CARTESIAN_POINT('',(-0.5,0.25,2.E-02));
#6861 = CIRCLE('',#6862,2.E-02);
#6862 = AXIS2_PLACEMENT_3D('',#6863,#6864,#6865);
#6863 = CARTESIAN_POINT('',(-0.5,0.23,2.E-02));
#6864 = DIRECTION('',(-1.,0.,0.));
#6865 = DIRECTION('',(0.,0.,1.));
#6866 = ORIENTED_EDGE('',*,*,#6867,.T.);
#6867 = EDGE_CURVE('',#6859,#6868,#6870,.T.);
#6868 = VERTEX_POINT('',#6869);
#6869 = CARTESIAN_POINT('',(-0.5,0.25,0.48));
#6870 = LINE('',#6871,#6872);
#6871 = CARTESIAN_POINT('',(-0.5,0.25,0.));
#6872 = VECTOR('',#6873,1.);
#6873 = DIRECTION('',(0.,0.,1.));
#6874 = ORIENTED_EDGE('',*,*,#6875,.T.);
#6875 = EDGE_CURVE('',#6868,#6876,#6878,.T.);
#6876 = VERTEX_POINT('',#6877);
#6877 = CARTESIAN_POINT('',(-0.5,0.23,0.5));
#6878 = CIRCLE('',#6879,2.E-02);
#6879 = AXIS2_PLACEMENT_3D('',#6880,#6881,#6882);
#6880 = CARTESIAN_POINT('',(-0.5,0.23,0.48));
#6881 = DIRECTION('',(1.,0.,-0.));
#6882 = DIRECTION('',(0.,0.,1.));
#6883 = ORIENTED_EDGE('',*,*,#6884,.F.);
#6884 = EDGE_CURVE('',#6885,#6876,#6887,.T.);
#6885 = VERTEX_POINT('',#6886);
#6886 = CARTESIAN_POINT('',(-0.5,-0.23,0.5));
#6887 = LINE('',#6888,#6889);
#6888 = CARTESIAN_POINT('',(-0.5,-0.25,0.5));
#6889 = VECTOR('',#6890,1.);
#6890 = DIRECTION('',(0.,1.,0.));
#6891 = ORIENTED_EDGE('',*,*,#6892,.F.);
#6892 = EDGE_CURVE('',#6834,#6885,#6893,.T.);
#6893 = CIRCLE('',#6894,2.E-02);
#6894 = AXIS2_PLACEMENT_3D('',#6895,#6896,#6897);
#6895 = CARTESIAN_POINT('',(-0.5,-0.23,0.48));
#6896 = DIRECTION('',(-1.,0.,0.));
#6897 = DIRECTION('',(0.,0.,1.));
#6898 = PLANE('',#6899);
#6899 = AXIS2_PLACEMENT_3D('',#6900,#6901,#6902);
#6900 = CARTESIAN_POINT('',(-0.5,-0.25,0.));
#6901 = DIRECTION('',(1.,0.,0.));
#6902 = DIRECTION('',(0.,0.,1.));
#6903 = ADVANCED_FACE('',(#6904),#6929,.F.);
#6904 = FACE_BOUND('',#6905,.F.);
#6905 = EDGE_LOOP('',(#6906,#6916,#6922,#6923));
#6906 = ORIENTED_EDGE('',*,*,#6907,.F.);
#6907 = EDGE_CURVE('',#6908,#6910,#6912,.T.);
#6908 = VERTEX_POINT('',#6909);
#6909 = CARTESIAN_POINT('',(-0.3,-0.25,2.E-02));
#6910 = VERTEX_POINT('',#6911);
#6911 = CARTESIAN_POINT('',(-0.3,-0.25,0.48));
#6912 = LINE('',#6913,#6914);
#6913 = CARTESIAN_POINT('',(-0.3,-0.25,0.));
#6914 = VECTOR('',#6915,1.);
#6915 = DIRECTION('',(0.,0.,1.));
#6916 = ORIENTED_EDGE('',*,*,#6917,.F.);
#6917 = EDGE_CURVE('',#6832,#6908,#6918,.T.);
#6918 = LINE('',#6919,#6920);
#6919 = CARTESIAN_POINT('',(-0.5,-0.25,2.E-02));
#6920 = VECTOR('',#6921,1.);
#6921 = DIRECTION('',(1.,0.,0.));
#6922 = ORIENTED_EDGE('',*,*,#6831,.T.);
#6923 = ORIENTED_EDGE('',*,*,#6924,.T.);
#6924 = EDGE_CURVE('',#6834,#6910,#6925,.T.);
#6925 = LINE('',#6926,#6927);
#6926 = CARTESIAN_POINT('',(-0.5,-0.25,0.48));
#6927 = VECTOR('',#6928,1.);
#6928 = DIRECTION('',(1.,0.,0.));
#6929 = PLANE('',#6930);
#6930 = AXIS2_PLACEMENT_3D('',#6931,#6932,#6933);
#6931 = CARTESIAN_POINT('',(-0.5,-0.25,0.));
#6932 = DIRECTION('',(0.,1.,0.));
#6933 = DIRECTION('',(0.,-0.,1.));
#6934 = ADVANCED_FACE('',(#6935),#6954,.T.);
#6935 = FACE_BOUND('',#6936,.T.);
#6936 = EDGE_LOOP('',(#6937,#6938,#6946,#6953));
#6937 = ORIENTED_EDGE('',*,*,#6841,.T.);
#6938 = ORIENTED_EDGE('',*,*,#6939,.T.);
#6939 = EDGE_CURVE('',#6842,#6940,#6942,.T.);
#6940 = VERTEX_POINT('',#6941);
#6941 = CARTESIAN_POINT('',(-0.3,-0.23,0.));
#6942 = LINE('',#6943,#6944);
#6943 = CARTESIAN_POINT('',(-0.5,-0.23,0.));
#6944 = VECTOR('',#6945,1.);
#6945 = DIRECTION('',(1.,0.,0.));
#6946 = ORIENTED_EDGE('',*,*,#6947,.F.);
#6947 = EDGE_CURVE('',#6908,#6940,#6948,.T.);
#6948 = CIRCLE('',#6949,2.E-02);
#6949 = AXIS2_PLACEMENT_3D('',#6950,#6951,#6952);
#6950 = CARTESIAN_POINT('',(-0.3,-0.23,2.E-02));
#6951 = DIRECTION('',(1.,0.,-0.));
#6952 = DIRECTION('',(0.,0.,1.));
#6953 = ORIENTED_EDGE('',*,*,#6917,.F.);
#6954 = CYLINDRICAL_SURFACE('',#6955,2.E-02);
#6955 = AXIS2_PLACEMENT_3D('',#6956,#6957,#6958);
#6956 = CARTESIAN_POINT('',(-0.5,-0.23,2.E-02));
#6957 = DIRECTION('',(1.,0.,0.));
#6958 = DIRECTION('',(0.,-1.,0.));
#6959 = ADVANCED_FACE('',(#6960),#6979,.T.);
#6960 = FACE_BOUND('',#6961,.T.);
#6961 = EDGE_LOOP('',(#6962,#6963,#6972,#6978));
#6962 = ORIENTED_EDGE('',*,*,#6924,.T.);
#6963 = ORIENTED_EDGE('',*,*,#6964,.T.);
#6964 = EDGE_CURVE('',#6910,#6965,#6967,.T.);
#6965 = VERTEX_POINT('',#6966);
#6966 = CARTESIAN_POINT('',(-0.3,-0.23,0.5));
#6967 = CIRCLE('',#6968,2.E-02);
#6968 = AXIS2_PLACEMENT_3D('',#6969,#6970,#6971);
#6969 = CARTESIAN_POINT('',(-0.3,-0.23,0.48));
#6970 = DIRECTION('',(-1.,0.,0.));
#6971 = DIRECTION('',(0.,0.,1.));
#6972 = ORIENTED_EDGE('',*,*,#6973,.F.);
#6973 = EDGE_CURVE('',#6885,#6965,#6974,.T.);
#6974 = LINE('',#6975,#6976);
#6975 = CARTESIAN_POINT('',(-0.5,-0.23,0.5));
#6976 = VECTOR('',#6977,1.);
#6977 = DIRECTION('',(1.,0.,0.));
#6978 = ORIENTED_EDGE('',*,*,#6892,.F.);
#6979 = CYLINDRICAL_SURFACE('',#6980,2.E-02);
#6980 = AXIS2_PLACEMENT_3D('',#6981,#6982,#6983);
#6981 = CARTESIAN_POINT('',(-0.5,-0.23,0.48));
#6982 = DIRECTION('',(1.,0.,0.));
#6983 = DIRECTION('',(0.,-1.,0.));
#6984 = ADVANCED_FACE('',(#6985),#7003,.F.);
#6985 = FACE_BOUND('',#6986,.F.);
#6986 = EDGE_LOOP('',(#6987,#6988,#6989,#6997));
#6987 = ORIENTED_EDGE('',*,*,#6850,.F.);
#6988 = ORIENTED_EDGE('',*,*,#6939,.T.);
#6989 = ORIENTED_EDGE('',*,*,#6990,.T.);
#6990 = EDGE_CURVE('',#6940,#6991,#6993,.T.);
#6991 = VERTEX_POINT('',#6992);
#6992 = CARTESIAN_POINT('',(-0.3,0.23,0.));
#6993 = LINE('',#6994,#6995);
#6994 = CARTESIAN_POINT('',(-0.3,-0.25,0.));
#6995 = VECTOR('',#6996,1.);
#6996 = DIRECTION('',(0.,1.,0.));
#6997 = ORIENTED_EDGE('',*,*,#6998,.F.);
#6998 = EDGE_CURVE('',#6851,#6991,#6999,.T.);
#6999 = LINE('',#7000,#7001);
#7000 = CARTESIAN_POINT('',(-0.5,0.23,0.));
#7001 = VECTOR('',#7002,1.);
#7002 = DIRECTION('',(1.,0.,0.));
#7003 = PLANE('',#7004);
#7004 = AXIS2_PLACEMENT_3D('',#7005,#7006,#7007);
#7005 = CARTESIAN_POINT('',(-0.5,-0.25,0.));
#7006 = DIRECTION('',(0.,0.,1.));
#7007 = DIRECTION('',(1.,0.,-0.));
#7008 = ADVANCED_FACE('',(#7009),#7027,.T.);
#7009 = FACE_BOUND('',#7010,.T.);
#7010 = EDGE_LOOP('',(#7011,#7012,#7013,#7021));
#7011 = ORIENTED_EDGE('',*,*,#6884,.F.);
#7012 = ORIENTED_EDGE('',*,*,#6973,.T.);
#7013 = ORIENTED_EDGE('',*,*,#7014,.T.);
#7014 = EDGE_CURVE('',#6965,#7015,#7017,.T.);
#7015 = VERTEX_POINT('',#7016);
#7016 = CARTESIAN_POINT('',(-0.3,0.23,0.5));
#7017 = LINE('',#7018,#7019);
#7018 = CARTESIAN_POINT('',(-0.3,-0.25,0.5));
#7019 = VECTOR('',#7020,1.);
#7020 = DIRECTION('',(0.,1.,0.));
#7021 = ORIENTED_EDGE('',*,*,#7022,.F.);
#7022 = EDGE_CURVE('',#6876,#7015,#7023,.T.);
#7023 = LINE('',#7024,#7025);
#7024 = CARTESIAN_POINT('',(-0.5,0.23,0.5));
#7025 = VECTOR('',#7026,1.);
#7026 = DIRECTION('',(1.,0.,0.));
#7027 = PLANE('',#7028);
#7028 = AXIS2_PLACEMENT_3D('',#7029,#7030,#7031);
#7029 = CARTESIAN_POINT('',(-0.5,-0.25,0.5));
#7030 = DIRECTION('',(0.,0.,1.));
#7031 = DIRECTION('',(1.,0.,-0.));
#7032 = ADVANCED_FACE('',(#7033),#7052,.T.);
#7033 = FACE_BOUND('',#7034,.T.);
#7034 = EDGE_LOOP('',(#7035,#7043,#7050,#7051));
#7035 = ORIENTED_EDGE('',*,*,#7036,.T.);
#7036 = EDGE_CURVE('',#6859,#7037,#7039,.T.);
#7037 = VERTEX_POINT('',#7038);
#7038 = CARTESIAN_POINT('',(-0.3,0.25,2.E-02));
#7039 = LINE('',#7040,#7041);
#7040 = CARTESIAN_POINT('',(-0.5,0.25,2.E-02));
#7041 = VECTOR('',#7042,1.);
#7042 = DIRECTION('',(1.,0.,0.));
#7043 = ORIENTED_EDGE('',*,*,#7044,.T.);
#7044 = EDGE_CURVE('',#7037,#6991,#7045,.T.);
#7045 = CIRCLE('',#7046,2.E-02);
#7046 = AXIS2_PLACEMENT_3D('',#7047,#7048,#7049);
#7047 = CARTESIAN_POINT('',(-0.3,0.23,2.E-02));
#7048 = DIRECTION('',(-1.,0.,0.));
#7049 = DIRECTION('',(0.,0.,1.));
#7050 = ORIENTED_EDGE('',*,*,#6998,.F.);
#7051 = ORIENTED_EDGE('',*,*,#6858,.F.);
#7052 = CYLINDRICAL_SURFACE('',#7053,2.E-02);
#7053 = AXIS2_PLACEMENT_3D('',#7054,#7055,#7056);
#7054 = CARTESIAN_POINT('',(-0.5,0.23,2.E-02));
#7055 = DIRECTION('',(1.,0.,0.));
#7056 = DIRECTION('',(-0.,1.,0.));
#7057 = ADVANCED_FACE('',(#7058),#7077,.T.);
#7058 = FACE_BOUND('',#7059,.T.);
#7059 = EDGE_LOOP('',(#7060,#7061,#7062,#7071));
#7060 = ORIENTED_EDGE('',*,*,#6875,.T.);
#7061 = ORIENTED_EDGE('',*,*,#7022,.T.);
#7062 = ORIENTED_EDGE('',*,*,#7063,.F.);
#7063 = EDGE_CURVE('',#7064,#7015,#7066,.T.);
#7064 = VERTEX_POINT('',#7065);
#7065 = CARTESIAN_POINT('',(-0.3,0.25,0.48));
#7066 = CIRCLE('',#7067,2.E-02);
#7067 = AXIS2_PLACEMENT_3D('',#7068,#7069,#7070);
#7068 = CARTESIAN_POINT('',(-0.3,0.23,0.48));
#7069 = DIRECTION('',(1.,0.,-0.));
#7070 = DIRECTION('',(0.,0.,1.));
#7071 = ORIENTED_EDGE('',*,*,#7072,.F.);
#7072 = EDGE_CURVE('',#6868,#7064,#7073,.T.);
#7073 = LINE('',#7074,#7075);
#7074 = CARTESIAN_POINT('',(-0.5,0.25,0.48));
#7075 = VECTOR('',#7076,1.);
#7076 = DIRECTION('',(1.,0.,0.));
#7077 = CYLINDRICAL_SURFACE('',#7078,2.E-02);
#7078 = AXIS2_PLACEMENT_3D('',#7079,#7080,#7081);
#7079 = CARTESIAN_POINT('',(-0.5,0.23,0.48));
#7080 = DIRECTION('',(1.,0.,0.));
#7081 = DIRECTION('',(-0.,1.,0.));
#7082 = ADVANCED_FACE('',(#7083),#7094,.T.);
#7083 = FACE_BOUND('',#7084,.T.);
#7084 = EDGE_LOOP('',(#7085,#7091,#7092,#7093));
#7085 = ORIENTED_EDGE('',*,*,#7086,.F.);
#7086 = EDGE_CURVE('',#7037,#7064,#7087,.T.);
#7087 = LINE('',#7088,#7089);
#7088 = CARTESIAN_POINT('',(-0.3,0.25,0.));
#7089 = VECTOR('',#7090,1.);
#7090 = DIRECTION('',(0.,0.,1.));
#7091 = ORIENTED_EDGE('',*,*,#7036,.F.);
#7092 = ORIENTED_EDGE('',*,*,#6867,.T.);
#7093 = ORIENTED_EDGE('',*,*,#7072,.T.);
#7094 = PLANE('',#7095);
#7095 = AXIS2_PLACEMENT_3D('',#7096,#7097,#7098);
#7096 = CARTESIAN_POINT('',(-0.5,0.25,0.));
#7097 = DIRECTION('',(0.,1.,0.));
#7098 = DIRECTION('',(0.,-0.,1.));
#7099 = ADVANCED_FACE('',(#7100,#7110),#7180,.T.);
#7100 = FACE_BOUND('',#7101,.T.);
#7101 = EDGE_LOOP('',(#7102,#7103,#7104,#7105,#7106,#7107,#7108,#7109));
#7102 = ORIENTED_EDGE('',*,*,#6907,.F.);
#7103 = ORIENTED_EDGE('',*,*,#6947,.T.);
#7104 = ORIENTED_EDGE('',*,*,#6990,.T.);
#7105 = ORIENTED_EDGE('',*,*,#7044,.F.);
#7106 = ORIENTED_EDGE('',*,*,#7086,.T.);
#7107 = ORIENTED_EDGE('',*,*,#7063,.T.);
#7108 = ORIENTED_EDGE('',*,*,#7014,.F.);
#7109 = ORIENTED_EDGE('',*,*,#6964,.F.);
#7110 = FACE_BOUND('',#7111,.T.);
#7111 = EDGE_LOOP('',(#7112,#7123,#7131,#7140,#7148,#7157,#7165,#7174));
#7112 = ORIENTED_EDGE('',*,*,#7113,.F.);
#7113 = EDGE_CURVE('',#7114,#7116,#7118,.T.);
#7114 = VERTEX_POINT('',#7115);
#7115 = CARTESIAN_POINT('',(-0.3,-0.23,4.E-02));
#7116 = VERTEX_POINT('',#7117);
#7117 = CARTESIAN_POINT('',(-0.3,-0.21,2.E-02));
#7118 = CIRCLE('',#7119,2.E-02);
#7119 = AXIS2_PLACEMENT_3D('',#7120,#7121,#7122);
#7120 = CARTESIAN_POINT('',(-0.3,-0.21,4.E-02));
#7121 = DIRECTION('',(1.,0.,-0.));
#7122 = DIRECTION('',(0.,0.,1.));
#7123 = ORIENTED_EDGE('',*,*,#7124,.T.);
#7124 = EDGE_CURVE('',#7114,#7125,#7127,.T.);
#7125 = VERTEX_POINT('',#7126);
#7126 = CARTESIAN_POINT('',(-0.3,-0.23,0.46));
#7127 = LINE('',#7128,#7129);
#7128 = CARTESIAN_POINT('',(-0.3,-0.23,2.E-02));
#7129 = VECTOR('',#7130,1.);
#7130 = DIRECTION('',(0.,0.,1.));
#7131 = ORIENTED_EDGE('',*,*,#7132,.T.);
#7132 = EDGE_CURVE('',#7125,#7133,#7135,.T.);
#7133 = VERTEX_POINT('',#7134);
#7134 = CARTESIAN_POINT('',(-0.3,-0.21,0.48));
#7135 = CIRCLE('',#7136,2.E-02);
#7136 = AXIS2_PLACEMENT_3D('',#7137,#7138,#7139);
#7137 = CARTESIAN_POINT('',(-0.3,-0.21,0.46));
#7138 = DIRECTION('',(-1.,0.,0.));
#7139 = DIRECTION('',(0.,0.,1.));
#7140 = ORIENTED_EDGE('',*,*,#7141,.T.);
#7141 = EDGE_CURVE('',#7133,#7142,#7144,.T.);
#7142 = VERTEX_POINT('',#7143);
#7143 = CARTESIAN_POINT('',(-0.3,0.21,0.48));
#7144 = LINE('',#7145,#7146);
#7145 = CARTESIAN_POINT('',(-0.3,-0.23,0.48));
#7146 = VECTOR('',#7147,1.);
#7147 = DIRECTION('',(0.,1.,0.));
#7148 = ORIENTED_EDGE('',*,*,#7149,.F.);
#7149 = EDGE_CURVE('',#7150,#7142,#7152,.T.);
#7150 = VERTEX_POINT('',#7151);
#7151 = CARTESIAN_POINT('',(-0.3,0.23,0.46));
#7152 = CIRCLE('',#7153,2.E-02);
#7153 = AXIS2_PLACEMENT_3D('',#7154,#7155,#7156);
#7154 = CARTESIAN_POINT('',(-0.3,0.21,0.46));
#7155 = DIRECTION('',(1.,0.,-0.));
#7156 = DIRECTION('',(0.,0.,1.));
#7157 = ORIENTED_EDGE('',*,*,#7158,.F.);
#7158 = EDGE_CURVE('',#7159,#7150,#7161,.T.);
#7159 = VERTEX_POINT('',#7160);
#7160 = CARTESIAN_POINT('',(-0.3,0.23,4.E-02));
#7161 = LINE('',#7162,#7163);
#7162 = CARTESIAN_POINT('',(-0.3,0.23,2.E-02));
#7163 = VECTOR('',#7164,1.);
#7164 = DIRECTION('',(0.,0.,1.));
#7165 = ORIENTED_EDGE('',*,*,#7166,.T.);
#7166 = EDGE_CURVE('',#7159,#7167,#7169,.T.);
#7167 = VERTEX_POINT('',#7168);
#7168 = CARTESIAN_POINT('',(-0.3,0.21,2.E-02));
#7169 = CIRCLE('',#7170,2.E-02);
#7170 = AXIS2_PLACEMENT_3D('',#7171,#7172,#7173);
#7171 = CARTESIAN_POINT('',(-0.3,0.21,4.E-02));
#7172 = DIRECTION('',(-1.,0.,0.));
#7173 = DIRECTION('',(0.,0.,1.));
#7174 = ORIENTED_EDGE('',*,*,#7175,.F.);
#7175 = EDGE_CURVE('',#7116,#7167,#7176,.T.);
#7176 = LINE('',#7177,#7178);
#7177 = CARTESIAN_POINT('',(-0.3,-0.23,2.E-02));
#7178 = VECTOR('',#7179,1.);
#7179 = DIRECTION('',(0.,1.,0.));
#7180 = PLANE('',#7181);
#7181 = AXIS2_PLACEMENT_3D('',#7182,#7183,#7184);
#7182 = CARTESIAN_POINT('',(-0.3,-0.25,0.));
#7183 = DIRECTION('',(1.,0.,0.));
#7184 = DIRECTION('',(0.,0.,1.));
#7185 = ADVANCED_FACE('',(#7186),#7212,.T.);
#7186 = FACE_BOUND('',#7187,.T.);
#7187 = EDGE_LOOP('',(#7188,#7189,#7197,#7206));
#7188 = ORIENTED_EDGE('',*,*,#7113,.T.);
#7189 = ORIENTED_EDGE('',*,*,#7190,.T.);
#7190 = EDGE_CURVE('',#7116,#7191,#7193,.T.);
#7191 = VERTEX_POINT('',#7192);
#7192 = CARTESIAN_POINT('',(0.3,-0.21,2.E-02));
#7193 = LINE('',#7194,#7195);
#7194 = CARTESIAN_POINT('',(-0.3,-0.21,2.E-02));
#7195 = VECTOR('',#7196,1.);
#7196 = DIRECTION('',(1.,0.,0.));
#7197 = ORIENTED_EDGE('',*,*,#7198,.F.);
#7198 = EDGE_CURVE('',#7199,#7191,#7201,.T.);
#7199 = VERTEX_POINT('',#7200);
#7200 = CARTESIAN_POINT('',(0.3,-0.23,4.E-02));
#7201 = CIRCLE('',#7202,2.E-02);
#7202 = AXIS2_PLACEMENT_3D('',#7203,#7204,#7205);
#7203 = CARTESIAN_POINT('',(0.3,-0.21,4.E-02));
#7204 = DIRECTION('',(1.,0.,-0.));
#7205 = DIRECTION('',(0.,0.,1.));
#7206 = ORIENTED_EDGE('',*,*,#7207,.F.);
#7207 = EDGE_CURVE('',#7114,#7199,#7208,.T.);
#7208 = LINE('',#7209,#7210);
#7209 = CARTESIAN_POINT('',(-0.3,-0.23,4.E-02));
#7210 = VECTOR('',#7211,1.);
#7211 = DIRECTION('',(1.,0.,0.));
#7212 = CYLINDRICAL_SURFACE('',#7213,2.E-02);
#7213 = AXIS2_PLACEMENT_3D('',#7214,#7215,#7216);
#7214 = CARTESIAN_POINT('',(-0.3,-0.21,4.E-02));
#7215 = DIRECTION('',(1.,0.,0.));
#7216 = DIRECTION('',(0.,-1.,0.));
#7217 = ADVANCED_FACE('',(#7218),#7236,.F.);
#7218 = FACE_BOUND('',#7219,.F.);
#7219 = EDGE_LOOP('',(#7220,#7221,#7222,#7230));
#7220 = ORIENTED_EDGE('',*,*,#7175,.F.);
#7221 = ORIENTED_EDGE('',*,*,#7190,.T.);
#7222 = ORIENTED_EDGE('',*,*,#7223,.T.);
#7223 = EDGE_CURVE('',#7191,#7224,#7226,.T.);
#7224 = VERTEX_POINT('',#7225);
#7225 = CARTESIAN_POINT('',(0.3,0.21,2.E-02));
#7226 = LINE('',#7227,#7228);
#7227 = CARTESIAN_POINT('',(0.3,-0.23,2.E-02));
#7228 = VECTOR('',#7229,1.);
#7229 = DIRECTION('',(0.,1.,0.));
#7230 = ORIENTED_EDGE('',*,*,#7231,.F.);
#7231 = EDGE_CURVE('',#7167,#7224,#7232,.T.);
#7232 = LINE('',#7233,#7234);
#7233 = CARTESIAN_POINT('',(-0.3,0.21,2.E-02));
#7234 = VECTOR('',#7235,1.);
#7235 = DIRECTION('',(1.,0.,0.));
#7236 = PLANE('',#7237);
#7237 = AXIS2_PLACEMENT_3D('',#7238,#7239,#7240);
#7238 = CARTESIAN_POINT('',(-0.3,-0.23,2.E-02));
#7239 = DIRECTION('',(0.,0.,1.));
#7240 = DIRECTION('',(1.,0.,-0.));
#7241 = ADVANCED_FACE('',(#7242),#7261,.T.);
#7242 = FACE_BOUND('',#7243,.T.);
#7243 = EDGE_LOOP('',(#7244,#7252,#7259,#7260));
#7244 = ORIENTED_EDGE('',*,*,#7245,.T.);
#7245 = EDGE_CURVE('',#7159,#7246,#7248,.T.);
#7246 = VERTEX_POINT('',#7247);
#7247 = CARTESIAN_POINT('',(0.3,0.23,4.E-02));
#7248 = LINE('',#7249,#7250);
#7249 = CARTESIAN_POINT('',(-0.3,0.23,4.E-02));
#7250 = VECTOR('',#7251,1.);
#7251 = DIRECTION('',(1.,0.,0.));
#7252 = ORIENTED_EDGE('',*,*,#7253,.T.);
#7253 = EDGE_CURVE('',#7246,#7224,#7254,.T.);
#7254 = CIRCLE('',#7255,2.E-02);
#7255 = AXIS2_PLACEMENT_3D('',#7256,#7257,#7258);
#7256 = CARTESIAN_POINT('',(0.3,0.21,4.E-02));
#7257 = DIRECTION('',(-1.,0.,0.));
#7258 = DIRECTION('',(0.,0.,1.));
#7259 = ORIENTED_EDGE('',*,*,#7231,.F.);
#7260 = ORIENTED_EDGE('',*,*,#7166,.F.);
#7261 = CYLINDRICAL_SURFACE('',#7262,2.E-02);
#7262 = AXIS2_PLACEMENT_3D('',#7263,#7264,#7265);
#7263 = CARTESIAN_POINT('',(-0.3,0.21,4.E-02));
#7264 = DIRECTION('',(1.,0.,0.));
#7265 = DIRECTION('',(-0.,1.,0.));
#7266 = ADVANCED_FACE('',(#7267),#7285,.T.);
#7267 = FACE_BOUND('',#7268,.T.);
#7268 = EDGE_LOOP('',(#7269,#7277,#7278,#7279));
#7269 = ORIENTED_EDGE('',*,*,#7270,.F.);
#7270 = EDGE_CURVE('',#7246,#7271,#7273,.T.);
#7271 = VERTEX_POINT('',#7272);
#7272 = CARTESIAN_POINT('',(0.3,0.23,0.46));
#7273 = LINE('',#7274,#7275);
#7274 = CARTESIAN_POINT('',(0.3,0.23,2.E-02));
#7275 = VECTOR('',#7276,1.);
#7276 = DIRECTION('',(0.,0.,1.));
#7277 = ORIENTED_EDGE('',*,*,#7245,.F.);
#7278 = ORIENTED_EDGE('',*,*,#7158,.T.);
#7279 = ORIENTED_EDGE('',*,*,#7280,.T.);
#7280 = EDGE_CURVE('',#7150,#7271,#7281,.T.);
#7281 = LINE('',#7282,#7283);
#7282 = CARTESIAN_POINT('',(-0.3,0.23,0.46));
#7283 = VECTOR('',#7284,1.);
#7284 = DIRECTION('',(1.,0.,0.));
#7285 = PLANE('',#7286);
#7286 = AXIS2_PLACEMENT_3D('',#7287,#7288,#7289);
#7287 = CARTESIAN_POINT('',(-0.3,0.23,2.E-02));
#7288 = DIRECTION('',(0.,1.,0.));
#7289 = DIRECTION('',(0.,-0.,1.));
#7290 = ADVANCED_FACE('',(#7291),#7310,.T.);
#7291 = FACE_BOUND('',#7292,.T.);
#7292 = EDGE_LOOP('',(#7293,#7294,#7302,#7309));
#7293 = ORIENTED_EDGE('',*,*,#7149,.T.);
#7294 = ORIENTED_EDGE('',*,*,#7295,.T.);
#7295 = EDGE_CURVE('',#7142,#7296,#7298,.T.);
#7296 = VERTEX_POINT('',#7297);
#7297 = CARTESIAN_POINT('',(0.3,0.21,0.48));
#7298 = LINE('',#7299,#7300);
#7299 = CARTESIAN_POINT('',(-0.3,0.21,0.48));
#7300 = VECTOR('',#7301,1.);
#7301 = DIRECTION('',(1.,0.,0.));
#7302 = ORIENTED_EDGE('',*,*,#7303,.F.);
#7303 = EDGE_CURVE('',#7271,#7296,#7304,.T.);
#7304 = CIRCLE('',#7305,2.E-02);
#7305 = AXIS2_PLACEMENT_3D('',#7306,#7307,#7308);
#7306 = CARTESIAN_POINT('',(0.3,0.21,0.46));
#7307 = DIRECTION('',(1.,0.,-0.));
#7308 = DIRECTION('',(0.,0.,1.));
#7309 = ORIENTED_EDGE('',*,*,#7280,.F.);
#7310 = CYLINDRICAL_SURFACE('',#7311,2.E-02);
#7311 = AXIS2_PLACEMENT_3D('',#7312,#7313,#7314);
#7312 = CARTESIAN_POINT('',(-0.3,0.21,0.46));
#7313 = DIRECTION('',(1.,0.,0.));
#7314 = DIRECTION('',(-0.,1.,0.));
#7315 = ADVANCED_FACE('',(#7316),#7334,.T.);
#7316 = FACE_BOUND('',#7317,.T.);
#7317 = EDGE_LOOP('',(#7318,#7319,#7327,#7333));
#7318 = ORIENTED_EDGE('',*,*,#7141,.F.);
#7319 = ORIENTED_EDGE('',*,*,#7320,.T.);
#7320 = EDGE_CURVE('',#7133,#7321,#7323,.T.);
#7321 = VERTEX_POINT('',#7322);
#7322 = CARTESIAN_POINT('',(0.3,-0.21,0.48));
#7323 = LINE('',#7324,#7325);
#7324 = CARTESIAN_POINT('',(-0.3,-0.21,0.48));
#7325 = VECTOR('',#7326,1.);
#7326 = DIRECTION('',(1.,0.,0.));
#7327 = ORIENTED_EDGE('',*,*,#7328,.T.);
#7328 = EDGE_CURVE('',#7321,#7296,#7329,.T.);
#7329 = LINE('',#7330,#7331);
#7330 = CARTESIAN_POINT('',(0.3,-0.23,0.48));
#7331 = VECTOR('',#7332,1.);
#7332 = DIRECTION('',(0.,1.,0.));
#7333 = ORIENTED_EDGE('',*,*,#7295,.F.);
#7334 = PLANE('',#7335);
#7335 = AXIS2_PLACEMENT_3D('',#7336,#7337,#7338);
#7336 = CARTESIAN_POINT('',(-0.3,-0.23,0.48));
#7337 = DIRECTION('',(0.,0.,1.));
#7338 = DIRECTION('',(1.,0.,-0.));
#7339 = ADVANCED_FACE('',(#7340),#7359,.T.);
#7340 = FACE_BOUND('',#7341,.T.);
#7341 = EDGE_LOOP('',(#7342,#7350,#7357,#7358));
#7342 = ORIENTED_EDGE('',*,*,#7343,.T.);
#7343 = EDGE_CURVE('',#7125,#7344,#7346,.T.);
#7344 = VERTEX_POINT('',#7345);
#7345 = CARTESIAN_POINT('',(0.3,-0.23,0.46));
#7346 = LINE('',#7347,#7348);
#7347 = CARTESIAN_POINT('',(-0.3,-0.23,0.46));
#7348 = VECTOR('',#7349,1.);
#7349 = DIRECTION('',(1.,0.,0.));
#7350 = ORIENTED_EDGE('',*,*,#7351,.T.);
#7351 = EDGE_CURVE('',#7344,#7321,#7352,.T.);
#7352 = CIRCLE('',#7353,2.E-02);
#7353 = AXIS2_PLACEMENT_3D('',#7354,#7355,#7356);
#7354 = CARTESIAN_POINT('',(0.3,-0.21,0.46));
#7355 = DIRECTION('',(-1.,0.,0.));
#7356 = DIRECTION('',(0.,0.,1.));
#7357 = ORIENTED_EDGE('',*,*,#7320,.F.);
#7358 = ORIENTED_EDGE('',*,*,#7132,.F.);
#7359 = CYLINDRICAL_SURFACE('',#7360,2.E-02);
#7360 = AXIS2_PLACEMENT_3D('',#7361,#7362,#7363);
#7361 = CARTESIAN_POINT('',(-0.3,-0.21,0.46));
#7362 = DIRECTION('',(1.,0.,0.));
#7363 = DIRECTION('',(0.,-1.,0.));
#7364 = ADVANCED_FACE('',(#7365),#7376,.F.);
#7365 = FACE_BOUND('',#7366,.F.);
#7366 = EDGE_LOOP('',(#7367,#7373,#7374,#7375));
#7367 = ORIENTED_EDGE('',*,*,#7368,.F.);
#7368 = EDGE_CURVE('',#7199,#7344,#7369,.T.);
#7369 = LINE('',#7370,#7371);
#7370 = CARTESIAN_POINT('',(0.3,-0.23,2.E-02));
#7371 = VECTOR('',#7372,1.);
#7372 = DIRECTION('',(0.,0.,1.));
#7373 = ORIENTED_EDGE('',*,*,#7207,.F.);
#7374 = ORIENTED_EDGE('',*,*,#7124,.T.);
#7375 = ORIENTED_EDGE('',*,*,#7343,.T.);
#7376 = PLANE('',#7377);
#7377 = AXIS2_PLACEMENT_3D('',#7378,#7379,#7380);
#7378 = CARTESIAN_POINT('',(-0.3,-0.23,2.E-02));
#7379 = DIRECTION('',(0.,1.,0.));
#7380 = DIRECTION('',(0.,-0.,1.));
#7381 = ADVANCED_FACE('',(#7382,#7452),#7462,.F.);
#7382 = FACE_BOUND('',#7383,.F.);
#7383 = EDGE_LOOP('',(#7384,#7394,#7403,#7411,#7420,#7428,#7437,#7445));
#7384 = ORIENTED_EDGE('',*,*,#7385,.F.);
#7385 = EDGE_CURVE('',#7386,#7388,#7390,.T.);
#7386 = VERTEX_POINT('',#7387);
#7387 = CARTESIAN_POINT('',(0.3,-0.25,2.E-02));
#7388 = VERTEX_POINT('',#7389);
#7389 = CARTESIAN_POINT('',(0.3,-0.25,0.48));
#7390 = LINE('',#7391,#7392);
#7391 = CARTESIAN_POINT('',(0.3,-0.25,0.));
#7392 = VECTOR('',#7393,1.);
#7393 = DIRECTION('',(0.,0.,1.));
#7394 = ORIENTED_EDGE('',*,*,#7395,.T.);
#7395 = EDGE_CURVE('',#7386,#7396,#7398,.T.);
#7396 = VERTEX_POINT('',#7397);
#7397 = CARTESIAN_POINT('',(0.3,-0.23,0.));
#7398 = CIRCLE('',#7399,2.E-02);
#7399 = AXIS2_PLACEMENT_3D('',#7400,#7401,#7402);
#7400 = CARTESIAN_POINT('',(0.3,-0.23,2.E-02));
#7401 = DIRECTION('',(1.,0.,-0.));
#7402 = DIRECTION('',(0.,0.,1.));
#7403 = ORIENTED_EDGE('',*,*,#7404,.T.);
#7404 = EDGE_CURVE('',#7396,#7405,#7407,.T.);
#7405 = VERTEX_POINT('',#7406);
#7406 = CARTESIAN_POINT('',(0.3,0.23,0.));
#7407 = LINE('',#7408,#7409);
#7408 = CARTESIAN_POINT('',(0.3,-0.25,0.));
#7409 = VECTOR('',#7410,1.);
#7410 = DIRECTION('',(0.,1.,0.));
#7411 = ORIENTED_EDGE('',*,*,#7412,.F.);
#7412 = EDGE_CURVE('',#7413,#7405,#7415,.T.);
#7413 = VERTEX_POINT('',#7414);
#7414 = CARTESIAN_POINT('',(0.3,0.25,2.E-02));
#7415 = CIRCLE('',#7416,2.E-02);
#7416 = AXIS2_PLACEMENT_3D('',#7417,#7418,#7419);
#7417 = CARTESIAN_POINT('',(0.3,0.23,2.E-02));
#7418 = DIRECTION('',(-1.,0.,0.));
#7419 = DIRECTION('',(0.,0.,1.));
#7420 = ORIENTED_EDGE('',*,*,#7421,.T.);
#7421 = EDGE_CURVE('',#7413,#7422,#7424,.T.);
#7422 = VERTEX_POINT('',#7423);
#7423 = CARTESIAN_POINT('',(0.3,0.25,0.48));
#7424 = LINE('',#7425,#7426);
#7425 = CARTESIAN_POINT('',(0.3,0.25,0.));
#7426 = VECTOR('',#7427,1.);
#7427 = DIRECTION('',(0.,0.,1.));
#7428 = ORIENTED_EDGE('',*,*,#7429,.T.);
#7429 = EDGE_CURVE('',#7422,#7430,#7432,.T.);
#7430 = VERTEX_POINT('',#7431);
#7431 = CARTESIAN_POINT('',(0.3,0.23,0.5));
#7432 = CIRCLE('',#7433,2.E-02);
#7433 = AXIS2_PLACEMENT_3D('',#7434,#7435,#7436);
#7434 = CARTESIAN_POINT('',(0.3,0.23,0.48));
#7435 = DIRECTION('',(1.,0.,-0.));
#7436 = DIRECTION('',(0.,0.,1.));
#7437 = ORIENTED_EDGE('',*,*,#7438,.F.);
#7438 = EDGE_CURVE('',#7439,#7430,#7441,.T.);
#7439 = VERTEX_POINT('',#7440);
#7440 = CARTESIAN_POINT('',(0.3,-0.23,0.5));
#7441 = LINE('',#7442,#7443);
#7442 = CARTESIAN_POINT('',(0.3,-0.25,0.5));
#7443 = VECTOR('',#7444,1.);
#7444 = DIRECTION('',(0.,1.,0.));
#7445 = ORIENTED_EDGE('',*,*,#7446,.F.);
#7446 = EDGE_CURVE('',#7388,#7439,#7447,.T.);
#7447 = CIRCLE('',#7448,2.E-02);
#7448 = AXIS2_PLACEMENT_3D('',#7449,#7450,#7451);
#7449 = CARTESIAN_POINT('',(0.3,-0.23,0.48));
#7450 = DIRECTION('',(-1.,0.,0.));
#7451 = DIRECTION('',(0.,0.,1.));
#7452 = FACE_BOUND('',#7453,.F.);
#7453 = EDGE_LOOP('',(#7454,#7455,#7456,#7457,#7458,#7459,#7460,#7461));
#7454 = ORIENTED_EDGE('',*,*,#7198,.F.);
#7455 = ORIENTED_EDGE('',*,*,#7368,.T.);
#7456 = ORIENTED_EDGE('',*,*,#7351,.T.);
#7457 = ORIENTED_EDGE('',*,*,#7328,.T.);
#7458 = ORIENTED_EDGE('',*,*,#7303,.F.);
#7459 = ORIENTED_EDGE('',*,*,#7270,.F.);
#7460 = ORIENTED_EDGE('',*,*,#7253,.T.);
#7461 = ORIENTED_EDGE('',*,*,#7223,.F.);
#7462 = PLANE('',#7463);
#7463 = AXIS2_PLACEMENT_3D('',#7464,#7465,#7466);
#7464 = CARTESIAN_POINT('',(0.3,-0.25,0.));
#7465 = DIRECTION('',(1.,0.,0.));
#7466 = DIRECTION('',(0.,0.,1.));
#7467 = ADVANCED_FACE('',(#7468),#7493,.F.);
#7468 = FACE_BOUND('',#7469,.F.);
#7469 = EDGE_LOOP('',(#7470,#7480,#7486,#7487));
#7470 = ORIENTED_EDGE('',*,*,#7471,.F.);
#7471 = EDGE_CURVE('',#7472,#7474,#7476,.T.);
#7472 = VERTEX_POINT('',#7473);
#7473 = CARTESIAN_POINT('',(0.5,-0.25,2.E-02));
#7474 = VERTEX_POINT('',#7475);
#7475 = CARTESIAN_POINT('',(0.5,-0.25,0.48));
#7476 = LINE('',#7477,#7478);
#7477 = CARTESIAN_POINT('',(0.5,-0.25,0.));
#7478 = VECTOR('',#7479,1.);
#7479 = DIRECTION('',(0.,0.,1.));
#7480 = ORIENTED_EDGE('',*,*,#7481,.F.);
#7481 = EDGE_CURVE('',#7386,#7472,#7482,.T.);
#7482 = LINE('',#7483,#7484);
#7483 = CARTESIAN_POINT('',(0.3,-0.25,2.E-02));
#7484 = VECTOR('',#7485,1.);
#7485 = DIRECTION('',(1.,0.,0.));
#7486 = ORIENTED_EDGE('',*,*,#7385,.T.);
#7487 = ORIENTED_EDGE('',*,*,#7488,.T.);
#7488 = EDGE_CURVE('',#7388,#7474,#7489,.T.);
#7489 = LINE('',#7490,#7491);
#7490 = CARTESIAN_POINT('',(0.3,-0.25,0.48));
#7491 = VECTOR('',#7492,1.);
#7492 = DIRECTION('',(1.,0.,0.));
#7493 = PLANE('',#7494);
#7494 = AXIS2_PLACEMENT_3D('',#7495,#7496,#7497);
#7495 = CARTESIAN_POINT('',(0.3,-0.25,0.));
#7496 = DIRECTION('',(0.,1.,0.));
#7497 = DIRECTION('',(0.,-0.,1.));
#7498 = ADVANCED_FACE('',(#7499),#7518,.T.);
#7499 = FACE_BOUND('',#7500,.T.);
#7500 = EDGE_LOOP('',(#7501,#7502,#7510,#7517));
#7501 = ORIENTED_EDGE('',*,*,#7395,.T.);
#7502 = ORIENTED_EDGE('',*,*,#7503,.T.);
#7503 = EDGE_CURVE('',#7396,#7504,#7506,.T.);
#7504 = VERTEX_POINT('',#7505);
#7505 = CARTESIAN_POINT('',(0.5,-0.23,0.));
#7506 = LINE('',#7507,#7508);
#7507 = CARTESIAN_POINT('',(0.3,-0.23,0.));
#7508 = VECTOR('',#7509,1.);
#7509 = DIRECTION('',(1.,0.,0.));
#7510 = ORIENTED_EDGE('',*,*,#7511,.F.);
#7511 = EDGE_CURVE('',#7472,#7504,#7512,.T.);
#7512 = CIRCLE('',#7513,2.E-02);
#7513 = AXIS2_PLACEMENT_3D('',#7514,#7515,#7516);
#7514 = CARTESIAN_POINT('',(0.5,-0.23,2.E-02));
#7515 = DIRECTION('',(1.,0.,-0.));
#7516 = DIRECTION('',(0.,0.,1.));
#7517 = ORIENTED_EDGE('',*,*,#7481,.F.);
#7518 = CYLINDRICAL_SURFACE('',#7519,2.E-02);
#7519 = AXIS2_PLACEMENT_3D('',#7520,#7521,#7522);
#7520 = CARTESIAN_POINT('',(0.3,-0.23,2.E-02));
#7521 = DIRECTION('',(1.,0.,0.));
#7522 = DIRECTION('',(0.,-1.,0.));
#7523 = ADVANCED_FACE('',(#7524),#7543,.T.);
#7524 = FACE_BOUND('',#7525,.T.);
#7525 = EDGE_LOOP('',(#7526,#7527,#7536,#7542));
#7526 = ORIENTED_EDGE('',*,*,#7488,.T.);
#7527 = ORIENTED_EDGE('',*,*,#7528,.T.);
#7528 = EDGE_CURVE('',#7474,#7529,#7531,.T.);
#7529 = VERTEX_POINT('',#7530);
#7530 = CARTESIAN_POINT('',(0.5,-0.23,0.5));
#7531 = CIRCLE('',#7532,2.E-02);
#7532 = AXIS2_PLACEMENT_3D('',#7533,#7534,#7535);
#7533 = CARTESIAN_POINT('',(0.5,-0.23,0.48));
#7534 = DIRECTION('',(-1.,0.,0.));
#7535 = DIRECTION('',(0.,0.,1.));
#7536 = ORIENTED_EDGE('',*,*,#7537,.F.);
#7537 = EDGE_CURVE('',#7439,#7529,#7538,.T.);
#7538 = LINE('',#7539,#7540);
#7539 = CARTESIAN_POINT('',(0.3,-0.23,0.5));
#7540 = VECTOR('',#7541,1.);
#7541 = DIRECTION('',(1.,0.,0.));
#7542 = ORIENTED_EDGE('',*,*,#7446,.F.);
#7543 = CYLINDRICAL_SURFACE('',#7544,2.E-02);
#7544 = AXIS2_PLACEMENT_3D('',#7545,#7546,#7547);
#7545 = CARTESIAN_POINT('',(0.3,-0.23,0.48));
#7546 = DIRECTION('',(1.,0.,0.));
#7547 = DIRECTION('',(0.,-1.,0.));
#7548 = ADVANCED_FACE('',(#7549),#7567,.F.);
#7549 = FACE_BOUND('',#7550,.F.);
#7550 = EDGE_LOOP('',(#7551,#7552,#7553,#7561));
#7551 = ORIENTED_EDGE('',*,*,#7404,.F.);
#7552 = ORIENTED_EDGE('',*,*,#7503,.T.);
#7553 = ORIENTED_EDGE('',*,*,#7554,.T.);
#7554 = EDGE_CURVE('',#7504,#7555,#7557,.T.);
#7555 = VERTEX_POINT('',#7556);
#7556 = CARTESIAN_POINT('',(0.5,0.23,0.));
#7557 = LINE('',#7558,#7559);
#7558 = CARTESIAN_POINT('',(0.5,-0.25,0.));
#7559 = VECTOR('',#7560,1.);
#7560 = DIRECTION('',(0.,1.,0.));
#7561 = ORIENTED_EDGE('',*,*,#7562,.F.);
#7562 = EDGE_CURVE('',#7405,#7555,#7563,.T.);
#7563 = LINE('',#7564,#7565);
#7564 = CARTESIAN_POINT('',(0.3,0.23,0.));
#7565 = VECTOR('',#7566,1.);
#7566 = DIRECTION('',(1.,0.,0.));
#7567 = PLANE('',#7568);
#7568 = AXIS2_PLACEMENT_3D('',#7569,#7570,#7571);
#7569 = CARTESIAN_POINT('',(0.3,-0.25,0.));
#7570 = DIRECTION('',(0.,0.,1.));
#7571 = DIRECTION('',(1.,0.,-0.));
#7572 = ADVANCED_FACE('',(#7573),#7591,.T.);
#7573 = FACE_BOUND('',#7574,.T.);
#7574 = EDGE_LOOP('',(#7575,#7576,#7577,#7585));
#7575 = ORIENTED_EDGE('',*,*,#7438,.F.);
#7576 = ORIENTED_EDGE('',*,*,#7537,.T.);
#7577 = ORIENTED_EDGE('',*,*,#7578,.T.);
#7578 = EDGE_CURVE('',#7529,#7579,#7581,.T.);
#7579 = VERTEX_POINT('',#7580);
#7580 = CARTESIAN_POINT('',(0.5,0.23,0.5));
#7581 = LINE('',#7582,#7583);
#7582 = CARTESIAN_POINT('',(0.5,-0.25,0.5));
#7583 = VECTOR('',#7584,1.);
#7584 = DIRECTION('',(0.,1.,0.));
#7585 = ORIENTED_EDGE('',*,*,#7586,.F.);
#7586 = EDGE_CURVE('',#7430,#7579,#7587,.T.);
#7587 = LINE('',#7588,#7589);
#7588 = CARTESIAN_POINT('',(0.3,0.23,0.5));
#7589 = VECTOR('',#7590,1.);
#7590 = DIRECTION('',(1.,0.,0.));
#7591 = PLANE('',#7592);
#7592 = AXIS2_PLACEMENT_3D('',#7593,#7594,#7595);
#7593 = CARTESIAN_POINT('',(0.3,-0.25,0.5));
#7594 = DIRECTION('',(0.,0.,1.));
#7595 = DIRECTION('',(1.,0.,-0.));
#7596 = ADVANCED_FACE('',(#7597),#7616,.T.);
#7597 = FACE_BOUND('',#7598,.T.);
#7598 = EDGE_LOOP('',(#7599,#7607,#7614,#7615));
#7599 = ORIENTED_EDGE('',*,*,#7600,.T.);
#7600 = EDGE_CURVE('',#7413,#7601,#7603,.T.);
#7601 = VERTEX_POINT('',#7602);
#7602 = CARTESIAN_POINT('',(0.5,0.25,2.E-02));
#7603 = LINE('',#7604,#7605);
#7604 = CARTESIAN_POINT('',(0.3,0.25,2.E-02));
#7605 = VECTOR('',#7606,1.);
#7606 = DIRECTION('',(1.,0.,0.));
#7607 = ORIENTED_EDGE('',*,*,#7608,.T.);
#7608 = EDGE_CURVE('',#7601,#7555,#7609,.T.);
#7609 = CIRCLE('',#7610,2.E-02);
#7610 = AXIS2_PLACEMENT_3D('',#7611,#7612,#7613);
#7611 = CARTESIAN_POINT('',(0.5,0.23,2.E-02));
#7612 = DIRECTION('',(-1.,0.,0.));
#7613 = DIRECTION('',(0.,0.,1.));
#7614 = ORIENTED_EDGE('',*,*,#7562,.F.);
#7615 = ORIENTED_EDGE('',*,*,#7412,.F.);
#7616 = CYLINDRICAL_SURFACE('',#7617,2.E-02);
#7617 = AXIS2_PLACEMENT_3D('',#7618,#7619,#7620);
#7618 = CARTESIAN_POINT('',(0.3,0.23,2.E-02));
#7619 = DIRECTION('',(1.,0.,0.));
#7620 = DIRECTION('',(-0.,1.,0.));
#7621 = ADVANCED_FACE('',(#7622),#7641,.T.);
#7622 = FACE_BOUND('',#7623,.T.);
#7623 = EDGE_LOOP('',(#7624,#7625,#7626,#7635));
#7624 = ORIENTED_EDGE('',*,*,#7429,.T.);
#7625 = ORIENTED_EDGE('',*,*,#7586,.T.);
#7626 = ORIENTED_EDGE('',*,*,#7627,.F.);
#7627 = EDGE_CURVE('',#7628,#7579,#7630,.T.);
#7628 = VERTEX_POINT('',#7629);
#7629 = CARTESIAN_POINT('',(0.5,0.25,0.48));
#7630 = CIRCLE('',#7631,2.E-02);
#7631 = AXIS2_PLACEMENT_3D('',#7632,#7633,#7634);
#7632 = CARTESIAN_POINT('',(0.5,0.23,0.48));
#7633 = DIRECTION('',(1.,0.,-0.));
#7634 = DIRECTION('',(0.,0.,1.));
#7635 = ORIENTED_EDGE('',*,*,#7636,.F.);
#7636 = EDGE_CURVE('',#7422,#7628,#7637,.T.);
#7637 = LINE('',#7638,#7639);
#7638 = CARTESIAN_POINT('',(0.3,0.25,0.48));
#7639 = VECTOR('',#7640,1.);
#7640 = DIRECTION('',(1.,0.,0.));
#7641 = CYLINDRICAL_SURFACE('',#7642,2.E-02);
#7642 = AXIS2_PLACEMENT_3D('',#7643,#7644,#7645);
#7643 = CARTESIAN_POINT('',(0.3,0.23,0.48));
#7644 = DIRECTION('',(1.,0.,0.));
#7645 = DIRECTION('',(-0.,1.,0.));
#7646 = ADVANCED_FACE('',(#7647),#7658,.T.);
#7647 = FACE_BOUND('',#7648,.T.);
#7648 = EDGE_LOOP('',(#7649,#7655,#7656,#7657));
#7649 = ORIENTED_EDGE('',*,*,#7650,.F.);
#7650 = EDGE_CURVE('',#7601,#7628,#7651,.T.);
#7651 = LINE('',#7652,#7653);
#7652 = CARTESIAN_POINT('',(0.5,0.25,0.));
#7653 = VECTOR('',#7654,1.);
#7654 = DIRECTION('',(0.,0.,1.));
#7655 = ORIENTED_EDGE('',*,*,#7600,.F.);
#7656 = ORIENTED_EDGE('',*,*,#7421,.T.);
#7657 = ORIENTED_EDGE('',*,*,#7636,.T.);
#7658 = PLANE('',#7659);
#7659 = AXIS2_PLACEMENT_3D('',#7660,#7661,#7662);
#7660 = CARTESIAN_POINT('',(0.3,0.25,0.));
#7661 = DIRECTION('',(0.,1.,0.));
#7662 = DIRECTION('',(0.,-0.,1.));
#7663 = ADVANCED_FACE('',(#7664),#7674,.T.);
#7664 = FACE_BOUND('',#7665,.T.);
#7665 = EDGE_LOOP('',(#7666,#7667,#7668,#7669,#7670,#7671,#7672,#7673));
#7666 = ORIENTED_EDGE('',*,*,#7471,.F.);
#7667 = ORIENTED_EDGE('',*,*,#7511,.T.);
#7668 = ORIENTED_EDGE('',*,*,#7554,.T.);
#7669 = ORIENTED_EDGE('',*,*,#7608,.F.);
#7670 = ORIENTED_EDGE('',*,*,#7650,.T.);
#7671 = ORIENTED_EDGE('',*,*,#7627,.T.);
#7672 = ORIENTED_EDGE('',*,*,#7578,.F.);
#7673 = ORIENTED_EDGE('',*,*,#7528,.F.);
#7674 = PLANE('',#7675);
#7675 = AXIS2_PLACEMENT_3D('',#7676,#7677,#7678);
#7676 = CARTESIAN_POINT('',(0.5,-0.25,0.));
#7677 = DIRECTION('',(1.,0.,0.));
#7678 = DIRECTION('',(0.,0.,1.));
#7679 = ( GEOMETRIC_REPRESENTATION_CONTEXT(3) 
GLOBAL_UNCERTAINTY_ASSIGNED_CONTEXT((#7683)) 
GLOBAL_UNIT_ASSIGNED_CONTEXT((#7680,#7681,#7682)) REPRESENTATION_CONTEXT
('Context #1','3D Context with UNIT and UNCERTAINTY') );
#7680 = ( LENGTH_UNIT() NAMED_UNIT(*) SI_UNIT(.MILLI.,.METRE.) );
#7681 = ( NAMED_UNIT(*) PLANE_ANGLE_UNIT() SI_UNIT($,.RADIAN.) );
#7682 = ( NAMED_UNIT(*) SI_UNIT($,.STERADIAN.) SOLID_ANGLE_UNIT() );
#7683 = UNCERTAINTY_MEASURE_WITH_UNIT(LENGTH_MEASURE(1.E-07),#7680,
  'distance_accuracy_value','confusion accuracy');
#7684 = CONTEXT_DEPENDENT_SHAPE_REPRESENTATION(#7685,#7687);
#7685 = ( REPRESENTATION_RELATIONSHIP('','',#6824,#10) 
REPRESENTATION_RELATIONSHIP_WITH_TRANSFORMATION(#7686) 
SHAPE_REPRESENTATION_RELATIONSHIP() );
#7686 = ITEM_DEFINED_TRANSFORMATION('','',#11,#111);
#7687 = PRODUCT_DEFINITION_SHAPE('Placement','Placement of an item',
  #7688);
#7688 = NEXT_ASSEMBLY_USAGE_OCCURRENCE('30','L3','',#5,#6819,$);
#7689 = PRODUCT_RELATED_PRODUCT_CATEGORY('part',$,(#6821));
#7690 = CONTEXT_DEPENDENT_SHAPE_REPRESENTATION(#7691,#7693);
#7691 = ( REPRESENTATION_RELATIONSHIP('','',#1686,#10) 
REPRESENTATION_RELATIONSHIP_WITH_TRANSFORMATION(#7692) 
SHAPE_REPRESENTATION_RELATIONSHIP() );
#7692 = ITEM_DEFINED_TRANSFORMATION('','',#11,#115);
#7693 = PRODUCT_DEFINITION_SHAPE('Placement','Placement of an item',
  #7694);
#7694 = NEXT_ASSEMBLY_USAGE_OCCURRENCE('31','R1','',#5,#1681,$);
#7695 = SHAPE_DEFINITION_REPRESENTATION(#7696,#7702);
#7696 = PRODUCT_DEFINITION_SHAPE('','',#7697);
#7697 = PRODUCT_DEFINITION('design','',#7698,#7701);
#7698 = PRODUCT_DEFINITION_FORMATION('','',#7699);
#7699 = PRODUCT('Crystal_SMD_MicroCrystal_CM9V-T1A-2Pin_1.6x1.0mm',
  'Crystal_SMD_MicroCrystal_CM9V-T1A-2Pin_1.6x1.0mm','',(#7700));
#7700 = PRODUCT_CONTEXT('',#2,'mechanical');
#7701 = PRODUCT_DEFINITION_CONTEXT('part definition',#2,'design');
#7702 = ADVANCED_BREP_SHAPE_REPRESENTATION('',(#11,#7703),#8645);
#7703 = MANIFOLD_SOLID_BREP('',#7704);
#7704 = CLOSED_SHELL('',(#7705,#7747,#7813,#7837,#7896,#7945,#7962,#8011
    ,#8079,#8103,#8164,#8189,#8213,#8231,#8248,#8285,#8302,#8326,#8438,
    #8450,#8467,#8479,#8532,#8549,#8597,#8609,#8621,#8633));
#7705 = ADVANCED_FACE('',(#7706),#7742,.F.);
#7706 = FACE_BOUND('',#7707,.F.);
#7707 = EDGE_LOOP('',(#7708,#7718,#7727,#7735));
#7708 = ORIENTED_EDGE('',*,*,#7709,.F.);
#7709 = EDGE_CURVE('',#7710,#7712,#7714,.T.);
#7710 = VERTEX_POINT('',#7711);
#7711 = CARTESIAN_POINT('',(-0.824,-0.466666666667,0.49));
#7712 = VERTEX_POINT('',#7713);
#7713 = CARTESIAN_POINT('',(-0.824,-0.466666666667,0.365));
#7714 = LINE('',#7715,#7716);
#7715 = CARTESIAN_POINT('',(-0.824,-0.466666666667,0.265));
#7716 = VECTOR('',#7717,1.);
#7717 = DIRECTION('',(-0.,-0.,-1.));
#7718 = ORIENTED_EDGE('',*,*,#7719,.T.);
#7719 = EDGE_CURVE('',#7710,#7720,#7722,.T.);
#7720 = VERTEX_POINT('',#7721);
#7721 = CARTESIAN_POINT('',(-0.790666666667,-0.5,0.49));
#7722 = CIRCLE('',#7723,3.333333333333E-02);
#7723 = AXIS2_PLACEMENT_3D('',#7724,#7725,#7726);
#7724 = CARTESIAN_POINT('',(-0.824,-0.5,0.49));
#7725 = DIRECTION('',(0.,0.,-1.));
#7726 = DIRECTION('',(1.,0.,0.));
#7727 = ORIENTED_EDGE('',*,*,#7728,.F.);
#7728 = EDGE_CURVE('',#7729,#7720,#7731,.T.);
#7729 = VERTEX_POINT('',#7730);
#7730 = CARTESIAN_POINT('',(-0.790666666667,-0.5,0.365));
#7731 = LINE('',#7732,#7733);
#7732 = CARTESIAN_POINT('',(-0.790666666667,-0.5,0.265));
#7733 = VECTOR('',#7734,1.);
#7734 = DIRECTION('',(0.,0.,1.));
#7735 = ORIENTED_EDGE('',*,*,#7736,.F.);
#7736 = EDGE_CURVE('',#7712,#7729,#7737,.T.);
#7737 = CIRCLE('',#7738,3.333333333333E-02);
#7738 = AXIS2_PLACEMENT_3D('',#7739,#7740,#7741);
#7739 = CARTESIAN_POINT('',(-0.824,-0.5,0.365));
#7740 = DIRECTION('',(0.,0.,-1.));
#7741 = DIRECTION('',(1.,0.,0.));
#7742 = CYLINDRICAL_SURFACE('',#7743,3.333333333333E-02);
#7743 = AXIS2_PLACEMENT_3D('',#7744,#7745,#7746);
#7744 = CARTESIAN_POINT('',(-0.824,-0.5,0.265));
#7745 = DIRECTION('',(-0.,-0.,-1.));
#7746 = DIRECTION('',(1.,0.,0.));
#7747 = ADVANCED_FACE('',(#7748),#7808,.F.);
#7748 = FACE_BOUND('',#7749,.F.);
#7749 = EDGE_LOOP('',(#7750,#7751,#7759,#7768,#7776,#7785,#7793,#7802));
#7750 = ORIENTED_EDGE('',*,*,#7736,.T.);
#7751 = ORIENTED_EDGE('',*,*,#7752,.T.);
#7752 = EDGE_CURVE('',#7729,#7753,#7755,.T.);
#7753 = VERTEX_POINT('',#7754);
#7754 = CARTESIAN_POINT('',(-0.766666666667,-0.5,0.365));
#7755 = LINE('',#7756,#7757);
#7756 = CARTESIAN_POINT('',(-0.824,-0.5,0.365));
#7757 = VECTOR('',#7758,1.);
#7758 = DIRECTION('',(1.,0.,0.));
#7759 = ORIENTED_EDGE('',*,*,#7760,.F.);
#7760 = EDGE_CURVE('',#7761,#7753,#7763,.T.);
#7761 = VERTEX_POINT('',#7762);
#7762 = CARTESIAN_POINT('',(-0.8,-0.466666666667,0.365));
#7763 = CIRCLE('',#7764,3.333333333333E-02);
#7764 = AXIS2_PLACEMENT_3D('',#7765,#7766,#7767);
#7765 = CARTESIAN_POINT('',(-0.8,-0.5,0.365));
#7766 = DIRECTION('',(0.,0.,-1.));
#7767 = DIRECTION('',(1.,0.,0.));
#7768 = ORIENTED_EDGE('',*,*,#7769,.T.);
#7769 = EDGE_CURVE('',#7761,#7770,#7772,.T.);
#7770 = VERTEX_POINT('',#7771);
#7771 = CARTESIAN_POINT('',(-0.8,0.466666666667,0.365));
#7772 = LINE('',#7773,#7774);
#7773 = CARTESIAN_POINT('',(-0.8,0.25,0.365));
#7774 = VECTOR('',#7775,1.);
#7775 = DIRECTION('',(0.,1.,0.));
#7776 = ORIENTED_EDGE('',*,*,#7777,.F.);
#7777 = EDGE_CURVE('',#7778,#7770,#7780,.T.);
#7778 = VERTEX_POINT('',#7779);
#7779 = CARTESIAN_POINT('',(-0.766666666667,0.5,0.365));
#7780 = CIRCLE('',#7781,3.333333333333E-02);
#7781 = AXIS2_PLACEMENT_3D('',#7782,#7783,#7784);
#7782 = CARTESIAN_POINT('',(-0.8,0.5,0.365));
#7783 = DIRECTION('',(0.,0.,-1.));
#7784 = DIRECTION('',(1.,0.,0.));
#7785 = ORIENTED_EDGE('',*,*,#7786,.T.);
#7786 = EDGE_CURVE('',#7778,#7787,#7789,.T.);
#7787 = VERTEX_POINT('',#7788);
#7788 = CARTESIAN_POINT('',(-0.790666666667,0.5,0.365));
#7789 = LINE('',#7790,#7791);
#7790 = CARTESIAN_POINT('',(0.824,0.5,0.365));
#7791 = VECTOR('',#7792,1.);
#7792 = DIRECTION('',(-1.,0.,0.));
#7793 = ORIENTED_EDGE('',*,*,#7794,.T.);
#7794 = EDGE_CURVE('',#7787,#7795,#7797,.T.);
#7795 = VERTEX_POINT('',#7796);
#7796 = CARTESIAN_POINT('',(-0.824,0.466666666667,0.365));
#7797 = CIRCLE('',#7798,3.333333333333E-02);
#7798 = AXIS2_PLACEMENT_3D('',#7799,#7800,#7801);
#7799 = CARTESIAN_POINT('',(-0.824,0.5,0.365));
#7800 = DIRECTION('',(0.,0.,-1.));
#7801 = DIRECTION('',(1.,0.,0.));
#7802 = ORIENTED_EDGE('',*,*,#7803,.T.);
#7803 = EDGE_CURVE('',#7795,#7712,#7804,.T.);
#7804 = LINE('',#7805,#7806);
#7805 = CARTESIAN_POINT('',(-0.824,0.5,0.365));
#7806 = VECTOR('',#7807,1.);
#7807 = DIRECTION('',(0.,-1.,0.));
#7808 = PLANE('',#7809);
#7809 = AXIS2_PLACEMENT_3D('',#7810,#7811,#7812);
#7810 = CARTESIAN_POINT('',(2.096342569156E-17,0.,0.365));
#7811 = DIRECTION('',(0.,0.,1.));
#7812 = DIRECTION('',(1.,0.,-0.));
#7813 = ADVANCED_FACE('',(#7814),#7832,.F.);
#7814 = FACE_BOUND('',#7815,.F.);
#7815 = EDGE_LOOP('',(#7816,#7817,#7825,#7831));
#7816 = ORIENTED_EDGE('',*,*,#7803,.F.);
#7817 = ORIENTED_EDGE('',*,*,#7818,.F.);
#7818 = EDGE_CURVE('',#7819,#7795,#7821,.T.);
#7819 = VERTEX_POINT('',#7820);
#7820 = CARTESIAN_POINT('',(-0.824,0.466666666667,0.49));
#7821 = LINE('',#7822,#7823);
#7822 = CARTESIAN_POINT('',(-0.824,0.466666666667,0.265));
#7823 = VECTOR('',#7824,1.);
#7824 = DIRECTION('',(-0.,-0.,-1.));
#7825 = ORIENTED_EDGE('',*,*,#7826,.T.);
#7826 = EDGE_CURVE('',#7819,#7710,#7827,.T.);
#7827 = LINE('',#7828,#7829);
#7828 = CARTESIAN_POINT('',(-0.824,0.5,0.49));
#7829 = VECTOR('',#7830,1.);
#7830 = DIRECTION('',(0.,-1.,0.));
#7831 = ORIENTED_EDGE('',*,*,#7709,.T.);
#7832 = PLANE('',#7833);
#7833 = AXIS2_PLACEMENT_3D('',#7834,#7835,#7836);
#7834 = CARTESIAN_POINT('',(-0.824,0.5,0.365));
#7835 = DIRECTION('',(1.,0.,0.));
#7836 = DIRECTION('',(0.,-1.,0.));
#7837 = ADVANCED_FACE('',(#7838),#7891,.T.);
#7838 = FACE_BOUND('',#7839,.T.);
#7839 = EDGE_LOOP('',(#7840,#7848,#7857,#7865,#7874,#7882,#7889,#7890));
#7840 = ORIENTED_EDGE('',*,*,#7841,.T.);
#7841 = EDGE_CURVE('',#7720,#7842,#7844,.T.);
#7842 = VERTEX_POINT('',#7843);
#7843 = CARTESIAN_POINT('',(0.790666666667,-0.5,0.49));
#7844 = LINE('',#7845,#7846);
#7845 = CARTESIAN_POINT('',(-0.824,-0.5,0.49));
#7846 = VECTOR('',#7847,1.);
#7847 = DIRECTION('',(1.,0.,0.));
#7848 = ORIENTED_EDGE('',*,*,#7849,.T.);
#7849 = EDGE_CURVE('',#7842,#7850,#7852,.T.);
#7850 = VERTEX_POINT('',#7851);
#7851 = CARTESIAN_POINT('',(0.824,-0.466666666667,0.49));
#7852 = CIRCLE('',#7853,3.333333333333E-02);
#7853 = AXIS2_PLACEMENT_3D('',#7854,#7855,#7856);
#7854 = CARTESIAN_POINT('',(0.824,-0.5,0.49));
#7855 = DIRECTION('',(0.,0.,-1.));
#7856 = DIRECTION('',(1.,0.,0.));
#7857 = ORIENTED_EDGE('',*,*,#7858,.T.);
#7858 = EDGE_CURVE('',#7850,#7859,#7861,.T.);
#7859 = VERTEX_POINT('',#7860);
#7860 = CARTESIAN_POINT('',(0.824,0.466666666667,0.49));
#7861 = LINE('',#7862,#7863);
#7862 = CARTESIAN_POINT('',(0.824,-0.5,0.49));
#7863 = VECTOR('',#7864,1.);
#7864 = DIRECTION('',(0.,1.,0.));
#7865 = ORIENTED_EDGE('',*,*,#7866,.T.);
#7866 = EDGE_CURVE('',#7859,#7867,#7869,.T.);
#7867 = VERTEX_POINT('',#7868);
#7868 = CARTESIAN_POINT('',(0.790666666667,0.5,0.49));
#7869 = CIRCLE('',#7870,3.333333333333E-02);
#7870 = AXIS2_PLACEMENT_3D('',#7871,#7872,#7873);
#7871 = CARTESIAN_POINT('',(0.824,0.5,0.49));
#7872 = DIRECTION('',(0.,0.,-1.));
#7873 = DIRECTION('',(1.,0.,0.));
#7874 = ORIENTED_EDGE('',*,*,#7875,.T.);
#7875 = EDGE_CURVE('',#7867,#7876,#7878,.T.);
#7876 = VERTEX_POINT('',#7877);
#7877 = CARTESIAN_POINT('',(-0.790666666667,0.5,0.49));
#7878 = LINE('',#7879,#7880);
#7879 = CARTESIAN_POINT('',(0.824,0.5,0.49));
#7880 = VECTOR('',#7881,1.);
#7881 = DIRECTION('',(-1.,0.,0.));
#7882 = ORIENTED_EDGE('',*,*,#7883,.T.);
#7883 = EDGE_CURVE('',#7876,#7819,#7884,.T.);
#7884 = CIRCLE('',#7885,3.333333333333E-02);
#7885 = AXIS2_PLACEMENT_3D('',#7886,#7887,#7888);
#7886 = CARTESIAN_POINT('',(-0.824,0.5,0.49));
#7887 = DIRECTION('',(0.,0.,-1.));
#7888 = DIRECTION('',(1.,0.,0.));
#7889 = ORIENTED_EDGE('',*,*,#7826,.T.);
#7890 = ORIENTED_EDGE('',*,*,#7719,.T.);
#7891 = PLANE('',#7892);
#7892 = AXIS2_PLACEMENT_3D('',#7893,#7894,#7895);
#7893 = CARTESIAN_POINT('',(2.096342569156E-17,0.,0.49));
#7894 = DIRECTION('',(0.,0.,1.));
#7895 = DIRECTION('',(1.,0.,-0.));
#7896 = ADVANCED_FACE('',(#7897),#7940,.F.);
#7897 = FACE_BOUND('',#7898,.F.);
#7898 = EDGE_LOOP('',(#7899,#7900,#7901,#7902,#7910,#7918,#7926,#7934));
#7899 = ORIENTED_EDGE('',*,*,#7752,.F.);
#7900 = ORIENTED_EDGE('',*,*,#7728,.T.);
#7901 = ORIENTED_EDGE('',*,*,#7841,.T.);
#7902 = ORIENTED_EDGE('',*,*,#7903,.T.);
#7903 = EDGE_CURVE('',#7842,#7904,#7906,.T.);
#7904 = VERTEX_POINT('',#7905);
#7905 = CARTESIAN_POINT('',(0.790666666667,-0.5,0.365));
#7906 = LINE('',#7907,#7908);
#7907 = CARTESIAN_POINT('',(0.790666666667,-0.5,0.265));
#7908 = VECTOR('',#7909,1.);
#7909 = DIRECTION('',(-0.,-0.,-1.));
#7910 = ORIENTED_EDGE('',*,*,#7911,.F.);
#7911 = EDGE_CURVE('',#7912,#7904,#7914,.T.);
#7912 = VERTEX_POINT('',#7913);
#7913 = CARTESIAN_POINT('',(0.766666666667,-0.5,0.365));
#7914 = LINE('',#7915,#7916);
#7915 = CARTESIAN_POINT('',(-0.824,-0.5,0.365));
#7916 = VECTOR('',#7917,1.);
#7917 = DIRECTION('',(1.,0.,0.));
#7918 = ORIENTED_EDGE('',*,*,#7919,.F.);
#7919 = EDGE_CURVE('',#7920,#7912,#7922,.T.);
#7920 = VERTEX_POINT('',#7921);
#7921 = CARTESIAN_POINT('',(0.766666666667,-0.5,0.375));
#7922 = LINE('',#7923,#7924);
#7923 = CARTESIAN_POINT('',(0.766666666667,-0.5,-0.1));
#7924 = VECTOR('',#7925,1.);
#7925 = DIRECTION('',(-0.,-0.,-1.));
#7926 = ORIENTED_EDGE('',*,*,#7927,.F.);
#7927 = EDGE_CURVE('',#7928,#7920,#7930,.T.);
#7928 = VERTEX_POINT('',#7929);
#7929 = CARTESIAN_POINT('',(-0.766666666667,-0.5,0.375));
#7930 = LINE('',#7931,#7932);
#7931 = CARTESIAN_POINT('',(-0.8,-0.5,0.375));
#7932 = VECTOR('',#7933,1.);
#7933 = DIRECTION('',(1.,0.,0.));
#7934 = ORIENTED_EDGE('',*,*,#7935,.F.);
#7935 = EDGE_CURVE('',#7753,#7928,#7936,.T.);
#7936 = LINE('',#7937,#7938);
#7937 = CARTESIAN_POINT('',(-0.766666666667,-0.5,-0.1));
#7938 = VECTOR('',#7939,1.);
#7939 = DIRECTION('',(0.,0.,1.));
#7940 = PLANE('',#7941);
#7941 = AXIS2_PLACEMENT_3D('',#7942,#7943,#7944);
#7942 = CARTESIAN_POINT('',(-0.824,-0.5,0.365));
#7943 = DIRECTION('',(0.,1.,0.));
#7944 = DIRECTION('',(1.,0.,0.));
#7945 = ADVANCED_FACE('',(#7946),#7957,.F.);
#7946 = FACE_BOUND('',#7947,.F.);
#7947 = EDGE_LOOP('',(#7948,#7949,#7950,#7951));
#7948 = ORIENTED_EDGE('',*,*,#7883,.T.);
#7949 = ORIENTED_EDGE('',*,*,#7818,.T.);
#7950 = ORIENTED_EDGE('',*,*,#7794,.F.);
#7951 = ORIENTED_EDGE('',*,*,#7952,.T.);
#7952 = EDGE_CURVE('',#7787,#7876,#7953,.T.);
#7953 = LINE('',#7954,#7955);
#7954 = CARTESIAN_POINT('',(-0.790666666667,0.5,0.265));
#7955 = VECTOR('',#7956,1.);
#7956 = DIRECTION('',(0.,0.,1.));
#7957 = CYLINDRICAL_SURFACE('',#7958,3.333333333333E-02);
#7958 = AXIS2_PLACEMENT_3D('',#7959,#7960,#7961);
#7959 = CARTESIAN_POINT('',(-0.824,0.5,0.265));
#7960 = DIRECTION('',(-0.,-0.,-1.));
#7961 = DIRECTION('',(1.,0.,0.));
#7962 = ADVANCED_FACE('',(#7963),#8006,.F.);
#7963 = FACE_BOUND('',#7964,.F.);
#7964 = EDGE_LOOP('',(#7965,#7975,#7981,#7982,#7983,#7984,#7992,#8000));
#7965 = ORIENTED_EDGE('',*,*,#7966,.F.);
#7966 = EDGE_CURVE('',#7967,#7969,#7971,.T.);
#7967 = VERTEX_POINT('',#7968);
#7968 = CARTESIAN_POINT('',(0.790666666667,0.5,0.365));
#7969 = VERTEX_POINT('',#7970);
#7970 = CARTESIAN_POINT('',(0.766666666667,0.5,0.365));
#7971 = LINE('',#7972,#7973);
#7972 = CARTESIAN_POINT('',(0.824,0.5,0.365));
#7973 = VECTOR('',#7974,1.);
#7974 = DIRECTION('',(-1.,0.,0.));
#7975 = ORIENTED_EDGE('',*,*,#7976,.F.);
#7976 = EDGE_CURVE('',#7867,#7967,#7977,.T.);
#7977 = LINE('',#7978,#7979);
#7978 = CARTESIAN_POINT('',(0.790666666667,0.5,0.265));
#7979 = VECTOR('',#7980,1.);
#7980 = DIRECTION('',(-0.,-0.,-1.));
#7981 = ORIENTED_EDGE('',*,*,#7875,.T.);
#7982 = ORIENTED_EDGE('',*,*,#7952,.F.);
#7983 = ORIENTED_EDGE('',*,*,#7786,.F.);
#7984 = ORIENTED_EDGE('',*,*,#7985,.T.);
#7985 = EDGE_CURVE('',#7778,#7986,#7988,.T.);
#7986 = VERTEX_POINT('',#7987);
#7987 = CARTESIAN_POINT('',(-0.766666666667,0.5,0.375));
#7988 = LINE('',#7989,#7990);
#7989 = CARTESIAN_POINT('',(-0.766666666667,0.5,-0.1));
#7990 = VECTOR('',#7991,1.);
#7991 = DIRECTION('',(0.,0.,1.));
#7992 = ORIENTED_EDGE('',*,*,#7993,.F.);
#7993 = EDGE_CURVE('',#7994,#7986,#7996,.T.);
#7994 = VERTEX_POINT('',#7995);
#7995 = CARTESIAN_POINT('',(0.766666666667,0.5,0.375));
#7996 = LINE('',#7997,#7998);
#7997 = CARTESIAN_POINT('',(0.8,0.5,0.375));
#7998 = VECTOR('',#7999,1.);
#7999 = DIRECTION('',(-1.,0.,0.));
#8000 = ORIENTED_EDGE('',*,*,#8001,.T.);
#8001 = EDGE_CURVE('',#7994,#7969,#8002,.T.);
#8002 = LINE('',#8003,#8004);
#8003 = CARTESIAN_POINT('',(0.766666666667,0.5,-0.1));
#8004 = VECTOR('',#8005,1.);
#8005 = DIRECTION('',(-0.,-0.,-1.));
#8006 = PLANE('',#8007);
#8007 = AXIS2_PLACEMENT_3D('',#8008,#8009,#8010);
#8008 = CARTESIAN_POINT('',(0.824,0.5,0.365));
#8009 = DIRECTION('',(0.,-1.,0.));
#8010 = DIRECTION('',(-1.,0.,0.));
#8011 = ADVANCED_FACE('',(#8012,#8038),#8074,.F.);
#8012 = FACE_BOUND('',#8013,.F.);
#8013 = EDGE_LOOP('',(#8014,#8015,#8023,#8032));
#8014 = ORIENTED_EDGE('',*,*,#7777,.T.);
#8015 = ORIENTED_EDGE('',*,*,#8016,.T.);
#8016 = EDGE_CURVE('',#7770,#8017,#8019,.T.);
#8017 = VERTEX_POINT('',#8018);
#8018 = CARTESIAN_POINT('',(-0.8,0.466666666667,0.));
#8019 = LINE('',#8020,#8021);
#8020 = CARTESIAN_POINT('',(-0.8,0.466666666667,-0.1));
#8021 = VECTOR('',#8022,1.);
#8022 = DIRECTION('',(-0.,-0.,-1.));
#8023 = ORIENTED_EDGE('',*,*,#8024,.F.);
#8024 = EDGE_CURVE('',#8025,#8017,#8027,.T.);
#8025 = VERTEX_POINT('',#8026);
#8026 = CARTESIAN_POINT('',(-0.766666666667,0.5,0.));
#8027 = CIRCLE('',#8028,3.333333333333E-02);
#8028 = AXIS2_PLACEMENT_3D('',#8029,#8030,#8031);
#8029 = CARTESIAN_POINT('',(-0.8,0.5,0.));
#8030 = DIRECTION('',(0.,0.,-1.));
#8031 = DIRECTION('',(1.,0.,0.));
#8032 = ORIENTED_EDGE('',*,*,#8033,.T.);
#8033 = EDGE_CURVE('',#8025,#7778,#8034,.T.);
#8034 = LINE('',#8035,#8036);
#8035 = CARTESIAN_POINT('',(-0.766666666667,0.5,-0.1));
#8036 = VECTOR('',#8037,1.);
#8037 = DIRECTION('',(0.,0.,1.));
#8038 = FACE_BOUND('',#8039,.F.);
#8039 = EDGE_LOOP('',(#8040,#8051,#8059,#8068));
#8040 = ORIENTED_EDGE('',*,*,#8041,.T.);
#8041 = EDGE_CURVE('',#8042,#8044,#8046,.T.);
#8042 = VERTEX_POINT('',#8043);
#8043 = CARTESIAN_POINT('',(-0.767043800111,0.495,4.E-02));
#8044 = VERTEX_POINT('',#8045);
#8045 = CARTESIAN_POINT('',(-0.795,0.467043800111,4.E-02));
#8046 = CIRCLE('',#8047,3.333333333333E-02);
#8047 = AXIS2_PLACEMENT_3D('',#8048,#8049,#8050);
#8048 = CARTESIAN_POINT('',(-0.8,0.5,4.E-02));
#8049 = DIRECTION('',(0.,0.,-1.));
#8050 = DIRECTION('',(1.,0.,0.));
#8051 = ORIENTED_EDGE('',*,*,#8052,.F.);
#8052 = EDGE_CURVE('',#8053,#8044,#8055,.T.);
#8053 = VERTEX_POINT('',#8054);
#8054 = CARTESIAN_POINT('',(-0.795,0.467043800111,0.3025));
#8055 = LINE('',#8056,#8057);
#8056 = CARTESIAN_POINT('',(-0.795,0.467043800111,-0.1));
#8057 = VECTOR('',#8058,1.);
#8058 = DIRECTION('',(-0.,-0.,-1.));
#8059 = ORIENTED_EDGE('',*,*,#8060,.F.);
#8060 = EDGE_CURVE('',#8061,#8053,#8063,.T.);
#8061 = VERTEX_POINT('',#8062);
#8062 = CARTESIAN_POINT('',(-0.767043800111,0.495,0.3025));
#8063 = CIRCLE('',#8064,3.333333333333E-02);
#8064 = AXIS2_PLACEMENT_3D('',#8065,#8066,#8067);
#8065 = CARTESIAN_POINT('',(-0.8,0.5,0.3025));
#8066 = DIRECTION('',(0.,0.,-1.));
#8067 = DIRECTION('',(1.,0.,0.));
#8068 = ORIENTED_EDGE('',*,*,#8069,.T.);
#8069 = EDGE_CURVE('',#8061,#8042,#8070,.T.);
#8070 = LINE('',#8071,#8072);
#8071 = CARTESIAN_POINT('',(-0.767043800111,0.495,-0.1));
#8072 = VECTOR('',#8073,1.);
#8073 = DIRECTION('',(-0.,-0.,-1.));
#8074 = CYLINDRICAL_SURFACE('',#8075,3.333333333333E-02);
#8075 = AXIS2_PLACEMENT_3D('',#8076,#8077,#8078);
#8076 = CARTESIAN_POINT('',(-0.8,0.5,-0.1));
#8077 = DIRECTION('',(-0.,-0.,-1.));
#8078 = DIRECTION('',(1.,0.,0.));
#8079 = ADVANCED_FACE('',(#8080),#8098,.F.);
#8080 = FACE_BOUND('',#8081,.F.);
#8081 = EDGE_LOOP('',(#8082,#8090,#8091,#8092));
#8082 = ORIENTED_EDGE('',*,*,#8083,.F.);
#8083 = EDGE_CURVE('',#8017,#8084,#8086,.T.);
#8084 = VERTEX_POINT('',#8085);
#8085 = CARTESIAN_POINT('',(-0.8,-0.466666666667,0.));
#8086 = LINE('',#8087,#8088);
#8087 = CARTESIAN_POINT('',(-0.8,0.5,0.));
#8088 = VECTOR('',#8089,1.);
#8089 = DIRECTION('',(0.,-1.,0.));
#8090 = ORIENTED_EDGE('',*,*,#8016,.F.);
#8091 = ORIENTED_EDGE('',*,*,#7769,.F.);
#8092 = ORIENTED_EDGE('',*,*,#8093,.T.);
#8093 = EDGE_CURVE('',#7761,#8084,#8094,.T.);
#8094 = LINE('',#8095,#8096);
#8095 = CARTESIAN_POINT('',(-0.8,-0.466666666667,-0.1));
#8096 = VECTOR('',#8097,1.);
#8097 = DIRECTION('',(-0.,-0.,-1.));
#8098 = PLANE('',#8099);
#8099 = AXIS2_PLACEMENT_3D('',#8100,#8101,#8102);
#8100 = CARTESIAN_POINT('',(-0.8,0.5,0.));
#8101 = DIRECTION('',(1.,0.,0.));
#8102 = DIRECTION('',(0.,-1.,0.));
#8103 = ADVANCED_FACE('',(#8104,#8123),#8159,.F.);
#8104 = FACE_BOUND('',#8105,.F.);
#8105 = EDGE_LOOP('',(#8106,#8107,#8115,#8122));
#8106 = ORIENTED_EDGE('',*,*,#7760,.T.);
#8107 = ORIENTED_EDGE('',*,*,#8108,.F.);
#8108 = EDGE_CURVE('',#8109,#7753,#8111,.T.);
#8109 = VERTEX_POINT('',#8110);
#8110 = CARTESIAN_POINT('',(-0.766666666667,-0.5,0.));
#8111 = LINE('',#8112,#8113);
#8112 = CARTESIAN_POINT('',(-0.766666666667,-0.5,-0.1));
#8113 = VECTOR('',#8114,1.);
#8114 = DIRECTION('',(0.,0.,1.));
#8115 = ORIENTED_EDGE('',*,*,#8116,.F.);
#8116 = EDGE_CURVE('',#8084,#8109,#8117,.T.);
#8117 = CIRCLE('',#8118,3.333333333333E-02);
#8118 = AXIS2_PLACEMENT_3D('',#8119,#8120,#8121);
#8119 = CARTESIAN_POINT('',(-0.8,-0.5,0.));
#8120 = DIRECTION('',(0.,0.,-1.));
#8121 = DIRECTION('',(1.,0.,0.));
#8122 = ORIENTED_EDGE('',*,*,#8093,.F.);
#8123 = FACE_BOUND('',#8124,.F.);
#8124 = EDGE_LOOP('',(#8125,#8135,#8144,#8152));
#8125 = ORIENTED_EDGE('',*,*,#8126,.T.);
#8126 = EDGE_CURVE('',#8127,#8129,#8131,.T.);
#8127 = VERTEX_POINT('',#8128);
#8128 = CARTESIAN_POINT('',(-0.795,-0.467043800111,0.3025));
#8129 = VERTEX_POINT('',#8130);
#8130 = CARTESIAN_POINT('',(-0.795,-0.467043800111,4.E-02));
#8131 = LINE('',#8132,#8133);
#8132 = CARTESIAN_POINT('',(-0.795,-0.467043800111,-0.1));
#8133 = VECTOR('',#8134,1.);
#8134 = DIRECTION('',(-0.,-0.,-1.));
#8135 = ORIENTED_EDGE('',*,*,#8136,.T.);
#8136 = EDGE_CURVE('',#8129,#8137,#8139,.T.);
#8137 = VERTEX_POINT('',#8138);
#8138 = CARTESIAN_POINT('',(-0.767043800111,-0.495,4.E-02));
#8139 = CIRCLE('',#8140,3.333333333333E-02);
#8140 = AXIS2_PLACEMENT_3D('',#8141,#8142,#8143);
#8141 = CARTESIAN_POINT('',(-0.8,-0.5,4.E-02));
#8142 = DIRECTION('',(0.,0.,-1.));
#8143 = DIRECTION('',(1.,0.,0.));
#8144 = ORIENTED_EDGE('',*,*,#8145,.F.);
#8145 = EDGE_CURVE('',#8146,#8137,#8148,.T.);
#8146 = VERTEX_POINT('',#8147);
#8147 = CARTESIAN_POINT('',(-0.767043800111,-0.495,0.3025));
#8148 = LINE('',#8149,#8150);
#8149 = CARTESIAN_POINT('',(-0.767043800111,-0.495,-0.1));
#8150 = VECTOR('',#8151,1.);
#8151 = DIRECTION('',(-0.,-0.,-1.));
#8152 = ORIENTED_EDGE('',*,*,#8153,.F.);
#8153 = EDGE_CURVE('',#8127,#8146,#8154,.T.);
#8154 = CIRCLE('',#8155,3.333333333333E-02);
#8155 = AXIS2_PLACEMENT_3D('',#8156,#8157,#8158);
#8156 = CARTESIAN_POINT('',(-0.8,-0.5,0.3025));
#8157 = DIRECTION('',(0.,0.,-1.));
#8158 = DIRECTION('',(1.,0.,0.));
#8159 = CYLINDRICAL_SURFACE('',#8160,3.333333333333E-02);
#8160 = AXIS2_PLACEMENT_3D('',#8161,#8162,#8163);
#8161 = CARTESIAN_POINT('',(-0.8,-0.5,-0.1));
#8162 = DIRECTION('',(-0.,-0.,-1.));
#8163 = DIRECTION('',(1.,0.,0.));
#8164 = ADVANCED_FACE('',(#8165),#8184,.F.);
#8165 = FACE_BOUND('',#8166,.F.);
#8166 = EDGE_LOOP('',(#8167,#8168,#8169,#8178));
#8167 = ORIENTED_EDGE('',*,*,#7866,.T.);
#8168 = ORIENTED_EDGE('',*,*,#7976,.T.);
#8169 = ORIENTED_EDGE('',*,*,#8170,.F.);
#8170 = EDGE_CURVE('',#8171,#7967,#8173,.T.);
#8171 = VERTEX_POINT('',#8172);
#8172 = CARTESIAN_POINT('',(0.824,0.466666666667,0.365));
#8173 = CIRCLE('',#8174,3.333333333333E-02);
#8174 = AXIS2_PLACEMENT_3D('',#8175,#8176,#8177);
#8175 = CARTESIAN_POINT('',(0.824,0.5,0.365));
#8176 = DIRECTION('',(0.,0.,-1.));
#8177 = DIRECTION('',(1.,0.,0.));
#8178 = ORIENTED_EDGE('',*,*,#8179,.F.);
#8179 = EDGE_CURVE('',#7859,#8171,#8180,.T.);
#8180 = LINE('',#8181,#8182);
#8181 = CARTESIAN_POINT('',(0.824,0.466666666667,0.265));
#8182 = VECTOR('',#8183,1.);
#8183 = DIRECTION('',(-0.,-0.,-1.));
#8184 = CYLINDRICAL_SURFACE('',#8185,3.333333333333E-02);
#8185 = AXIS2_PLACEMENT_3D('',#8186,#8187,#8188);
#8186 = CARTESIAN_POINT('',(0.824,0.5,0.265));
#8187 = DIRECTION('',(-0.,-0.,-1.));
#8188 = DIRECTION('',(1.,0.,0.));
#8189 = ADVANCED_FACE('',(#8190),#8208,.F.);
#8190 = FACE_BOUND('',#8191,.F.);
#8191 = EDGE_LOOP('',(#8192,#8200,#8206,#8207));
#8192 = ORIENTED_EDGE('',*,*,#8193,.F.);
#8193 = EDGE_CURVE('',#8194,#8171,#8196,.T.);
#8194 = VERTEX_POINT('',#8195);
#8195 = CARTESIAN_POINT('',(0.824,-0.466666666667,0.365));
#8196 = LINE('',#8197,#8198);
#8197 = CARTESIAN_POINT('',(0.824,-0.5,0.365));
#8198 = VECTOR('',#8199,1.);
#8199 = DIRECTION('',(0.,1.,0.));
#8200 = ORIENTED_EDGE('',*,*,#8201,.F.);
#8201 = EDGE_CURVE('',#7850,#8194,#8202,.T.);
#8202 = LINE('',#8203,#8204);
#8203 = CARTESIAN_POINT('',(0.824,-0.466666666667,0.265));
#8204 = VECTOR('',#8205,1.);
#8205 = DIRECTION('',(-0.,-0.,-1.));
#8206 = ORIENTED_EDGE('',*,*,#7858,.T.);
#8207 = ORIENTED_EDGE('',*,*,#8179,.T.);
#8208 = PLANE('',#8209);
#8209 = AXIS2_PLACEMENT_3D('',#8210,#8211,#8212);
#8210 = CARTESIAN_POINT('',(0.824,-0.5,0.365));
#8211 = DIRECTION('',(-1.,0.,0.));
#8212 = DIRECTION('',(0.,1.,0.));
#8213 = ADVANCED_FACE('',(#8214),#8226,.F.);
#8214 = FACE_BOUND('',#8215,.F.);
#8215 = EDGE_LOOP('',(#8216,#8217,#8218,#8225));
#8216 = ORIENTED_EDGE('',*,*,#7849,.T.);
#8217 = ORIENTED_EDGE('',*,*,#8201,.T.);
#8218 = ORIENTED_EDGE('',*,*,#8219,.F.);
#8219 = EDGE_CURVE('',#7904,#8194,#8220,.T.);
#8220 = CIRCLE('',#8221,3.333333333333E-02);
#8221 = AXIS2_PLACEMENT_3D('',#8222,#8223,#8224);
#8222 = CARTESIAN_POINT('',(0.824,-0.5,0.365));
#8223 = DIRECTION('',(0.,0.,-1.));
#8224 = DIRECTION('',(1.,0.,0.));
#8225 = ORIENTED_EDGE('',*,*,#7903,.F.);
#8226 = CYLINDRICAL_SURFACE('',#8227,3.333333333333E-02);
#8227 = AXIS2_PLACEMENT_3D('',#8228,#8229,#8230);
#8228 = CARTESIAN_POINT('',(0.824,-0.5,0.265));
#8229 = DIRECTION('',(-0.,-0.,-1.));
#8230 = DIRECTION('',(1.,0.,0.));
#8231 = ADVANCED_FACE('',(#8232),#8243,.F.);
#8232 = FACE_BOUND('',#8233,.F.);
#8233 = EDGE_LOOP('',(#8234,#8240,#8241,#8242));
#8234 = ORIENTED_EDGE('',*,*,#8235,.F.);
#8235 = EDGE_CURVE('',#7753,#7912,#8236,.T.);
#8236 = LINE('',#8237,#8238);
#8237 = CARTESIAN_POINT('',(-0.824,-0.5,0.365));
#8238 = VECTOR('',#8239,1.);
#8239 = DIRECTION('',(1.,0.,0.));
#8240 = ORIENTED_EDGE('',*,*,#7935,.T.);
#8241 = ORIENTED_EDGE('',*,*,#7927,.T.);
#8242 = ORIENTED_EDGE('',*,*,#7919,.T.);
#8243 = PLANE('',#8244);
#8244 = AXIS2_PLACEMENT_3D('',#8245,#8246,#8247);
#8245 = CARTESIAN_POINT('',(-0.824,-0.5,0.365));
#8246 = DIRECTION('',(0.,1.,0.));
#8247 = DIRECTION('',(1.,0.,0.));
#8248 = ADVANCED_FACE('',(#8249),#8280,.F.);
#8249 = FACE_BOUND('',#8250,.F.);
#8250 = EDGE_LOOP('',(#8251,#8260,#8261,#8262,#8263,#8264,#8265,#8274));
#8251 = ORIENTED_EDGE('',*,*,#8252,.F.);
#8252 = EDGE_CURVE('',#7912,#8253,#8255,.T.);
#8253 = VERTEX_POINT('',#8254);
#8254 = CARTESIAN_POINT('',(0.8,-0.466666666667,0.365));
#8255 = CIRCLE('',#8256,3.333333333333E-02);
#8256 = AXIS2_PLACEMENT_3D('',#8257,#8258,#8259);
#8257 = CARTESIAN_POINT('',(0.8,-0.5,0.365));
#8258 = DIRECTION('',(0.,0.,-1.));
#8259 = DIRECTION('',(1.,0.,0.));
#8260 = ORIENTED_EDGE('',*,*,#7911,.T.);
#8261 = ORIENTED_EDGE('',*,*,#8219,.T.);
#8262 = ORIENTED_EDGE('',*,*,#8193,.T.);
#8263 = ORIENTED_EDGE('',*,*,#8170,.T.);
#8264 = ORIENTED_EDGE('',*,*,#7966,.T.);
#8265 = ORIENTED_EDGE('',*,*,#8266,.F.);
#8266 = EDGE_CURVE('',#8267,#7969,#8269,.T.);
#8267 = VERTEX_POINT('',#8268);
#8268 = CARTESIAN_POINT('',(0.8,0.466666666667,0.365));
#8269 = CIRCLE('',#8270,3.333333333333E-02);
#8270 = AXIS2_PLACEMENT_3D('',#8271,#8272,#8273);
#8271 = CARTESIAN_POINT('',(0.8,0.5,0.365));
#8272 = DIRECTION('',(0.,0.,-1.));
#8273 = DIRECTION('',(1.,0.,0.));
#8274 = ORIENTED_EDGE('',*,*,#8275,.T.);
#8275 = EDGE_CURVE('',#8267,#8253,#8276,.T.);
#8276 = LINE('',#8277,#8278);
#8277 = CARTESIAN_POINT('',(0.8,-0.25,0.365));
#8278 = VECTOR('',#8279,1.);
#8279 = DIRECTION('',(0.,-1.,0.));
#8280 = PLANE('',#8281);
#8281 = AXIS2_PLACEMENT_3D('',#8282,#8283,#8284);
#8282 = CARTESIAN_POINT('',(2.096342569156E-17,0.,0.365));
#8283 = DIRECTION('',(0.,0.,1.));
#8284 = DIRECTION('',(1.,0.,-0.));
#8285 = ADVANCED_FACE('',(#8286),#8297,.F.);
#8286 = FACE_BOUND('',#8287,.F.);
#8287 = EDGE_LOOP('',(#8288,#8294,#8295,#8296));
#8288 = ORIENTED_EDGE('',*,*,#8289,.F.);
#8289 = EDGE_CURVE('',#7969,#7778,#8290,.T.);
#8290 = LINE('',#8291,#8292);
#8291 = CARTESIAN_POINT('',(0.824,0.5,0.365));
#8292 = VECTOR('',#8293,1.);
#8293 = DIRECTION('',(-1.,0.,0.));
#8294 = ORIENTED_EDGE('',*,*,#8001,.F.);
#8295 = ORIENTED_EDGE('',*,*,#7993,.T.);
#8296 = ORIENTED_EDGE('',*,*,#7985,.F.);
#8297 = PLANE('',#8298);
#8298 = AXIS2_PLACEMENT_3D('',#8299,#8300,#8301);
#8299 = CARTESIAN_POINT('',(0.824,0.5,0.365));
#8300 = DIRECTION('',(0.,-1.,0.));
#8301 = DIRECTION('',(-1.,0.,0.));
#8302 = ADVANCED_FACE('',(#8303),#8321,.F.);
#8303 = FACE_BOUND('',#8304,.F.);
#8304 = EDGE_LOOP('',(#8305,#8313,#8319,#8320));
#8305 = ORIENTED_EDGE('',*,*,#8306,.F.);
#8306 = EDGE_CURVE('',#8307,#8025,#8309,.T.);
#8307 = VERTEX_POINT('',#8308);
#8308 = CARTESIAN_POINT('',(0.766666666667,0.5,0.));
#8309 = LINE('',#8310,#8311);
#8310 = CARTESIAN_POINT('',(0.8,0.5,0.));
#8311 = VECTOR('',#8312,1.);
#8312 = DIRECTION('',(-1.,0.,0.));
#8313 = ORIENTED_EDGE('',*,*,#8314,.F.);
#8314 = EDGE_CURVE('',#7969,#8307,#8315,.T.);
#8315 = LINE('',#8316,#8317);
#8316 = CARTESIAN_POINT('',(0.766666666667,0.5,-0.1));
#8317 = VECTOR('',#8318,1.);
#8318 = DIRECTION('',(-0.,-0.,-1.));
#8319 = ORIENTED_EDGE('',*,*,#8289,.T.);
#8320 = ORIENTED_EDGE('',*,*,#8033,.F.);
#8321 = PLANE('',#8322);
#8322 = AXIS2_PLACEMENT_3D('',#8323,#8324,#8325);
#8323 = CARTESIAN_POINT('',(0.8,0.5,0.));
#8324 = DIRECTION('',(0.,-1.,0.));
#8325 = DIRECTION('',(-1.,0.,0.));
#8326 = ADVANCED_FACE('',(#8327,#8365,#8399),#8433,.F.);
#8327 = FACE_BOUND('',#8328,.F.);
#8328 = EDGE_LOOP('',(#8329,#8330,#8331,#8332,#8333,#8341,#8350,#8358));
#8329 = ORIENTED_EDGE('',*,*,#8306,.T.);
#8330 = ORIENTED_EDGE('',*,*,#8024,.T.);
#8331 = ORIENTED_EDGE('',*,*,#8083,.T.);
#8332 = ORIENTED_EDGE('',*,*,#8116,.T.);
#8333 = ORIENTED_EDGE('',*,*,#8334,.T.);
#8334 = EDGE_CURVE('',#8109,#8335,#8337,.T.);
#8335 = VERTEX_POINT('',#8336);
#8336 = CARTESIAN_POINT('',(0.766666666667,-0.5,0.));
#8337 = LINE('',#8338,#8339);
#8338 = CARTESIAN_POINT('',(-0.8,-0.5,0.));
#8339 = VECTOR('',#8340,1.);
#8340 = DIRECTION('',(1.,0.,0.));
#8341 = ORIENTED_EDGE('',*,*,#8342,.T.);
#8342 = EDGE_CURVE('',#8335,#8343,#8345,.T.);
#8343 = VERTEX_POINT('',#8344);
#8344 = CARTESIAN_POINT('',(0.8,-0.466666666667,0.));
#8345 = CIRCLE('',#8346,3.333333333333E-02);
#8346 = AXIS2_PLACEMENT_3D('',#8347,#8348,#8349);
#8347 = CARTESIAN_POINT('',(0.8,-0.5,0.));
#8348 = DIRECTION('',(0.,0.,-1.));
#8349 = DIRECTION('',(1.,0.,0.));
#8350 = ORIENTED_EDGE('',*,*,#8351,.T.);
#8351 = EDGE_CURVE('',#8343,#8352,#8354,.T.);
#8352 = VERTEX_POINT('',#8353);
#8353 = CARTESIAN_POINT('',(0.8,0.466666666667,0.));
#8354 = LINE('',#8355,#8356);
#8355 = CARTESIAN_POINT('',(0.8,-0.5,0.));
#8356 = VECTOR('',#8357,1.);
#8357 = DIRECTION('',(0.,1.,0.));
#8358 = ORIENTED_EDGE('',*,*,#8359,.T.);
#8359 = EDGE_CURVE('',#8352,#8307,#8360,.T.);
#8360 = CIRCLE('',#8361,3.333333333333E-02);
#8361 = AXIS2_PLACEMENT_3D('',#8362,#8363,#8364);
#8362 = CARTESIAN_POINT('',(0.8,0.5,0.));
#8363 = DIRECTION('',(0.,0.,-1.));
#8364 = DIRECTION('',(1.,0.,0.));
#8365 = FACE_BOUND('',#8366,.F.);
#8366 = EDGE_LOOP('',(#8367,#8377,#8385,#8393));
#8367 = ORIENTED_EDGE('',*,*,#8368,.F.);
#8368 = EDGE_CURVE('',#8369,#8371,#8373,.T.);
#8369 = VERTEX_POINT('',#8370);
#8370 = CARTESIAN_POINT('',(-0.215,-0.4,0.));
#8371 = VERTEX_POINT('',#8372);
#8372 = CARTESIAN_POINT('',(-0.215,0.4,0.));
#8373 = LINE('',#8374,#8375);
#8374 = CARTESIAN_POINT('',(-0.215,-0.4,0.));
#8375 = VECTOR('',#8376,1.);
#8376 = DIRECTION('',(0.,1.,0.));
#8377 = ORIENTED_EDGE('',*,*,#8378,.F.);
#8378 = EDGE_CURVE('',#8379,#8369,#8381,.T.);
#8379 = VERTEX_POINT('',#8380);
#8380 = CARTESIAN_POINT('',(-0.785,-0.4,0.));
#8381 = LINE('',#8382,#8383);
#8382 = CARTESIAN_POINT('',(-0.785,-0.4,0.));
#8383 = VECTOR('',#8384,1.);
#8384 = DIRECTION('',(1.,0.,0.));
#8385 = ORIENTED_EDGE('',*,*,#8386,.F.);
#8386 = EDGE_CURVE('',#8387,#8379,#8389,.T.);
#8387 = VERTEX_POINT('',#8388);
#8388 = CARTESIAN_POINT('',(-0.785,0.4,0.));
#8389 = LINE('',#8390,#8391);
#8390 = CARTESIAN_POINT('',(-0.785,0.4,0.));
#8391 = VECTOR('',#8392,1.);
#8392 = DIRECTION('',(0.,-1.,0.));
#8393 = ORIENTED_EDGE('',*,*,#8394,.F.);
#8394 = EDGE_CURVE('',#8371,#8387,#8395,.T.);
#8395 = LINE('',#8396,#8397);
#8396 = CARTESIAN_POINT('',(-0.215,0.4,0.));
#8397 = VECTOR('',#8398,1.);
#8398 = DIRECTION('',(-1.,0.,0.));
#8399 = FACE_BOUND('',#8400,.F.);
#8400 = EDGE_LOOP('',(#8401,#8411,#8419,#8427));
#8401 = ORIENTED_EDGE('',*,*,#8402,.F.);
#8402 = EDGE_CURVE('',#8403,#8405,#8407,.T.);
#8403 = VERTEX_POINT('',#8404);
#8404 = CARTESIAN_POINT('',(0.215,-0.4,0.));
#8405 = VERTEX_POINT('',#8406);
#8406 = CARTESIAN_POINT('',(0.785,-0.4,0.));
#8407 = LINE('',#8408,#8409);
#8408 = CARTESIAN_POINT('',(0.215,-0.4,0.));
#8409 = VECTOR('',#8410,1.);
#8410 = DIRECTION('',(1.,0.,0.));
#8411 = ORIENTED_EDGE('',*,*,#8412,.F.);
#8412 = EDGE_CURVE('',#8413,#8403,#8415,.T.);
#8413 = VERTEX_POINT('',#8414);
#8414 = CARTESIAN_POINT('',(0.215,0.4,0.));
#8415 = LINE('',#8416,#8417);
#8416 = CARTESIAN_POINT('',(0.215,0.4,0.));
#8417 = VECTOR('',#8418,1.);
#8418 = DIRECTION('',(0.,-1.,0.));
#8419 = ORIENTED_EDGE('',*,*,#8420,.F.);
#8420 = EDGE_CURVE('',#8421,#8413,#8423,.T.);
#8421 = VERTEX_POINT('',#8422);
#8422 = CARTESIAN_POINT('',(0.785,0.4,0.));
#8423 = LINE('',#8424,#8425);
#8424 = CARTESIAN_POINT('',(0.785,0.4,0.));
#8425 = VECTOR('',#8426,1.);
#8426 = DIRECTION('',(-1.,0.,0.));
#8427 = ORIENTED_EDGE('',*,*,#8428,.F.);
#8428 = EDGE_CURVE('',#8405,#8421,#8429,.T.);
#8429 = LINE('',#8430,#8431);
#8430 = CARTESIAN_POINT('',(0.785,-0.4,0.));
#8431 = VECTOR('',#8432,1.);
#8432 = DIRECTION('',(0.,1.,0.));
#8433 = PLANE('',#8434);
#8434 = AXIS2_PLACEMENT_3D('',#8435,#8436,#8437);
#8435 = CARTESIAN_POINT('',(0.,0.,0.));
#8436 = DIRECTION('',(0.,0.,1.));
#8437 = DIRECTION('',(1.,0.,-0.));
#8438 = ADVANCED_FACE('',(#8439),#8445,.F.);
#8439 = FACE_BOUND('',#8440,.F.);
#8440 = EDGE_LOOP('',(#8441,#8442,#8443,#8444));
#8441 = ORIENTED_EDGE('',*,*,#8060,.T.);
#8442 = ORIENTED_EDGE('',*,*,#8052,.T.);
#8443 = ORIENTED_EDGE('',*,*,#8041,.F.);
#8444 = ORIENTED_EDGE('',*,*,#8069,.F.);
#8445 = CYLINDRICAL_SURFACE('',#8446,3.333333333333E-02);
#8446 = AXIS2_PLACEMENT_3D('',#8447,#8448,#8449);
#8447 = CARTESIAN_POINT('',(-0.8,0.5,-0.1));
#8448 = DIRECTION('',(-0.,-0.,-1.));
#8449 = DIRECTION('',(1.,0.,0.));
#8450 = ADVANCED_FACE('',(#8451),#8462,.F.);
#8451 = FACE_BOUND('',#8452,.F.);
#8452 = EDGE_LOOP('',(#8453,#8454,#8455,#8456));
#8453 = ORIENTED_EDGE('',*,*,#8334,.F.);
#8454 = ORIENTED_EDGE('',*,*,#8108,.T.);
#8455 = ORIENTED_EDGE('',*,*,#8235,.T.);
#8456 = ORIENTED_EDGE('',*,*,#8457,.T.);
#8457 = EDGE_CURVE('',#7912,#8335,#8458,.T.);
#8458 = LINE('',#8459,#8460);
#8459 = CARTESIAN_POINT('',(0.766666666667,-0.5,-0.1));
#8460 = VECTOR('',#8461,1.);
#8461 = DIRECTION('',(-0.,-0.,-1.));
#8462 = PLANE('',#8463);
#8463 = AXIS2_PLACEMENT_3D('',#8464,#8465,#8466);
#8464 = CARTESIAN_POINT('',(-0.8,-0.5,0.));
#8465 = DIRECTION('',(0.,1.,0.));
#8466 = DIRECTION('',(1.,0.,0.));
#8467 = ADVANCED_FACE('',(#8468),#8474,.F.);
#8468 = FACE_BOUND('',#8469,.F.);
#8469 = EDGE_LOOP('',(#8470,#8471,#8472,#8473));
#8470 = ORIENTED_EDGE('',*,*,#8136,.F.);
#8471 = ORIENTED_EDGE('',*,*,#8126,.F.);
#8472 = ORIENTED_EDGE('',*,*,#8153,.T.);
#8473 = ORIENTED_EDGE('',*,*,#8145,.T.);
#8474 = CYLINDRICAL_SURFACE('',#8475,3.333333333333E-02);
#8475 = AXIS2_PLACEMENT_3D('',#8476,#8477,#8478);
#8476 = CARTESIAN_POINT('',(-0.8,-0.5,-0.1));
#8477 = DIRECTION('',(-0.,-0.,-1.));
#8478 = DIRECTION('',(1.,0.,0.));
#8479 = ADVANCED_FACE('',(#8480,#8491),#8527,.F.);
#8480 = FACE_BOUND('',#8481,.F.);
#8481 = EDGE_LOOP('',(#8482,#8488,#8489,#8490));
#8482 = ORIENTED_EDGE('',*,*,#8483,.T.);
#8483 = EDGE_CURVE('',#8253,#8343,#8484,.T.);
#8484 = LINE('',#8485,#8486);
#8485 = CARTESIAN_POINT('',(0.8,-0.466666666667,-0.1));
#8486 = VECTOR('',#8487,1.);
#8487 = DIRECTION('',(-0.,-0.,-1.));
#8488 = ORIENTED_EDGE('',*,*,#8342,.F.);
#8489 = ORIENTED_EDGE('',*,*,#8457,.F.);
#8490 = ORIENTED_EDGE('',*,*,#8252,.T.);
#8491 = FACE_BOUND('',#8492,.F.);
#8492 = EDGE_LOOP('',(#8493,#8504,#8512,#8521));
#8493 = ORIENTED_EDGE('',*,*,#8494,.T.);
#8494 = EDGE_CURVE('',#8495,#8497,#8499,.T.);
#8495 = VERTEX_POINT('',#8496);
#8496 = CARTESIAN_POINT('',(0.767043800111,-0.495,4.E-02));
#8497 = VERTEX_POINT('',#8498);
#8498 = CARTESIAN_POINT('',(0.795,-0.467043800111,4.E-02));
#8499 = CIRCLE('',#8500,3.333333333333E-02);
#8500 = AXIS2_PLACEMENT_3D('',#8501,#8502,#8503);
#8501 = CARTESIAN_POINT('',(0.8,-0.5,4.E-02));
#8502 = DIRECTION('',(0.,0.,-1.));
#8503 = DIRECTION('',(1.,0.,0.));
#8504 = ORIENTED_EDGE('',*,*,#8505,.F.);
#8505 = EDGE_CURVE('',#8506,#8497,#8508,.T.);
#8506 = VERTEX_POINT('',#8507);
#8507 = CARTESIAN_POINT('',(0.795,-0.467043800111,0.3025));
#8508 = LINE('',#8509,#8510);
#8509 = CARTESIAN_POINT('',(0.795,-0.467043800111,-0.1));
#8510 = VECTOR('',#8511,1.);
#8511 = DIRECTION('',(-0.,-0.,-1.));
#8512 = ORIENTED_EDGE('',*,*,#8513,.F.);
#8513 = EDGE_CURVE('',#8514,#8506,#8516,.T.);
#8514 = VERTEX_POINT('',#8515);
#8515 = CARTESIAN_POINT('',(0.767043800111,-0.495,0.3025));
#8516 = CIRCLE('',#8517,3.333333333333E-02);
#8517 = AXIS2_PLACEMENT_3D('',#8518,#8519,#8520);
#8518 = CARTESIAN_POINT('',(0.8,-0.5,0.3025));
#8519 = DIRECTION('',(0.,0.,-1.));
#8520 = DIRECTION('',(1.,0.,0.));
#8521 = ORIENTED_EDGE('',*,*,#8522,.T.);
#8522 = EDGE_CURVE('',#8514,#8495,#8523,.T.);
#8523 = LINE('',#8524,#8525);
#8524 = CARTESIAN_POINT('',(0.767043800111,-0.495,-0.1));
#8525 = VECTOR('',#8526,1.);
#8526 = DIRECTION('',(-0.,-0.,-1.));
#8527 = CYLINDRICAL_SURFACE('',#8528,3.333333333333E-02);
#8528 = AXIS2_PLACEMENT_3D('',#8529,#8530,#8531);
#8529 = CARTESIAN_POINT('',(0.8,-0.5,-0.1));
#8530 = DIRECTION('',(-0.,-0.,-1.));
#8531 = DIRECTION('',(1.,0.,0.));
#8532 = ADVANCED_FACE('',(#8533),#8544,.F.);
#8533 = FACE_BOUND('',#8534,.F.);
#8534 = EDGE_LOOP('',(#8535,#8536,#8537,#8538));
#8535 = ORIENTED_EDGE('',*,*,#8351,.F.);
#8536 = ORIENTED_EDGE('',*,*,#8483,.F.);
#8537 = ORIENTED_EDGE('',*,*,#8275,.F.);
#8538 = ORIENTED_EDGE('',*,*,#8539,.T.);
#8539 = EDGE_CURVE('',#8267,#8352,#8540,.T.);
#8540 = LINE('',#8541,#8542);
#8541 = CARTESIAN_POINT('',(0.8,0.466666666667,-0.1));
#8542 = VECTOR('',#8543,1.);
#8543 = DIRECTION('',(-0.,-0.,-1.));
#8544 = PLANE('',#8545);
#8545 = AXIS2_PLACEMENT_3D('',#8546,#8547,#8548);
#8546 = CARTESIAN_POINT('',(0.8,-0.5,0.));
#8547 = DIRECTION('',(-1.,0.,0.));
#8548 = DIRECTION('',(0.,1.,0.));
#8549 = ADVANCED_FACE('',(#8550,#8556),#8592,.F.);
#8550 = FACE_BOUND('',#8551,.F.);
#8551 = EDGE_LOOP('',(#8552,#8553,#8554,#8555));
#8552 = ORIENTED_EDGE('',*,*,#8314,.T.);
#8553 = ORIENTED_EDGE('',*,*,#8359,.F.);
#8554 = ORIENTED_EDGE('',*,*,#8539,.F.);
#8555 = ORIENTED_EDGE('',*,*,#8266,.T.);
#8556 = FACE_BOUND('',#8557,.F.);
#8557 = EDGE_LOOP('',(#8558,#8568,#8577,#8585));
#8558 = ORIENTED_EDGE('',*,*,#8559,.F.);
#8559 = EDGE_CURVE('',#8560,#8562,#8564,.T.);
#8560 = VERTEX_POINT('',#8561);
#8561 = CARTESIAN_POINT('',(0.767043800111,0.495,0.3025));
#8562 = VERTEX_POINT('',#8563);
#8563 = CARTESIAN_POINT('',(0.767043800111,0.495,4.E-02));
#8564 = LINE('',#8565,#8566);
#8565 = CARTESIAN_POINT('',(0.767043800111,0.495,-0.1));
#8566 = VECTOR('',#8567,1.);
#8567 = DIRECTION('',(-0.,-0.,-1.));
#8568 = ORIENTED_EDGE('',*,*,#8569,.F.);
#8569 = EDGE_CURVE('',#8570,#8560,#8572,.T.);
#8570 = VERTEX_POINT('',#8571);
#8571 = CARTESIAN_POINT('',(0.795,0.467043800111,0.3025));
#8572 = CIRCLE('',#8573,3.333333333333E-02);
#8573 = AXIS2_PLACEMENT_3D('',#8574,#8575,#8576);
#8574 = CARTESIAN_POINT('',(0.8,0.5,0.3025));
#8575 = DIRECTION('',(0.,0.,-1.));
#8576 = DIRECTION('',(1.,0.,0.));
#8577 = ORIENTED_EDGE('',*,*,#8578,.T.);
#8578 = EDGE_CURVE('',#8570,#8579,#8581,.T.);
#8579 = VERTEX_POINT('',#8580);
#8580 = CARTESIAN_POINT('',(0.795,0.467043800111,4.E-02));
#8581 = LINE('',#8582,#8583);
#8582 = CARTESIAN_POINT('',(0.795,0.467043800111,-0.1));
#8583 = VECTOR('',#8584,1.);
#8584 = DIRECTION('',(-0.,-0.,-1.));
#8585 = ORIENTED_EDGE('',*,*,#8586,.T.);
#8586 = EDGE_CURVE('',#8579,#8562,#8587,.T.);
#8587 = CIRCLE('',#8588,3.333333333333E-02);
#8588 = AXIS2_PLACEMENT_3D('',#8589,#8590,#8591);
#8589 = CARTESIAN_POINT('',(0.8,0.5,4.E-02));
#8590 = DIRECTION('',(0.,0.,-1.));
#8591 = DIRECTION('',(1.,0.,0.));
#8592 = CYLINDRICAL_SURFACE('',#8593,3.333333333333E-02);
#8593 = AXIS2_PLACEMENT_3D('',#8594,#8595,#8596);
#8594 = CARTESIAN_POINT('',(0.8,0.5,-0.1));
#8595 = DIRECTION('',(-0.,-0.,-1.));
#8596 = DIRECTION('',(1.,0.,0.));
#8597 = ADVANCED_FACE('',(#8598),#8604,.F.);
#8598 = FACE_BOUND('',#8599,.F.);
#8599 = EDGE_LOOP('',(#8600,#8601,#8602,#8603));
#8600 = ORIENTED_EDGE('',*,*,#8378,.T.);
#8601 = ORIENTED_EDGE('',*,*,#8368,.T.);
#8602 = ORIENTED_EDGE('',*,*,#8394,.T.);
#8603 = ORIENTED_EDGE('',*,*,#8386,.T.);
#8604 = PLANE('',#8605);
#8605 = AXIS2_PLACEMENT_3D('',#8606,#8607,#8608);
#8606 = CARTESIAN_POINT('',(-0.5,-1.012977212249E-17,0.));
#8607 = DIRECTION('',(0.,0.,1.));
#8608 = DIRECTION('',(1.,0.,-0.));
#8609 = ADVANCED_FACE('',(#8610),#8616,.F.);
#8610 = FACE_BOUND('',#8611,.F.);
#8611 = EDGE_LOOP('',(#8612,#8613,#8614,#8615));
#8612 = ORIENTED_EDGE('',*,*,#8402,.T.);
#8613 = ORIENTED_EDGE('',*,*,#8428,.T.);
#8614 = ORIENTED_EDGE('',*,*,#8420,.T.);
#8615 = ORIENTED_EDGE('',*,*,#8412,.T.);
#8616 = PLANE('',#8617);
#8617 = AXIS2_PLACEMENT_3D('',#8618,#8619,#8620);
#8618 = CARTESIAN_POINT('',(0.5,-1.012977212249E-17,0.));
#8619 = DIRECTION('',(0.,0.,1.));
#8620 = DIRECTION('',(1.,0.,-0.));
#8621 = ADVANCED_FACE('',(#8622),#8628,.F.);
#8622 = FACE_BOUND('',#8623,.F.);
#8623 = EDGE_LOOP('',(#8624,#8625,#8626,#8627));
#8624 = ORIENTED_EDGE('',*,*,#8505,.T.);
#8625 = ORIENTED_EDGE('',*,*,#8494,.F.);
#8626 = ORIENTED_EDGE('',*,*,#8522,.F.);
#8627 = ORIENTED_EDGE('',*,*,#8513,.T.);
#8628 = CYLINDRICAL_SURFACE('',#8629,3.333333333333E-02);
#8629 = AXIS2_PLACEMENT_3D('',#8630,#8631,#8632);
#8630 = CARTESIAN_POINT('',(0.8,-0.5,-0.1));
#8631 = DIRECTION('',(-0.,-0.,-1.));
#8632 = DIRECTION('',(1.,0.,0.));
#8633 = ADVANCED_FACE('',(#8634),#8640,.F.);
#8634 = FACE_BOUND('',#8635,.F.);
#8635 = EDGE_LOOP('',(#8636,#8637,#8638,#8639));
#8636 = ORIENTED_EDGE('',*,*,#8569,.T.);
#8637 = ORIENTED_EDGE('',*,*,#8559,.T.);
#8638 = ORIENTED_EDGE('',*,*,#8586,.F.);
#8639 = ORIENTED_EDGE('',*,*,#8578,.F.);
#8640 = CYLINDRICAL_SURFACE('',#8641,3.333333333333E-02);
#8641 = AXIS2_PLACEMENT_3D('',#8642,#8643,#8644);
#8642 = CARTESIAN_POINT('',(0.8,0.5,-0.1));
#8643 = DIRECTION('',(-0.,-0.,-1.));
#8644 = DIRECTION('',(1.,0.,0.));
#8645 = ( GEOMETRIC_REPRESENTATION_CONTEXT(3) 
GLOBAL_UNCERTAINTY_ASSIGNED_CONTEXT((#8649)) 
GLOBAL_UNIT_ASSIGNED_CONTEXT((#8646,#8647,#8648)) REPRESENTATION_CONTEXT
('Context #1','3D Context with UNIT and UNCERTAINTY') );
#8646 = ( LENGTH_UNIT() NAMED_UNIT(*) SI_UNIT(.MILLI.,.METRE.) );
#8647 = ( NAMED_UNIT(*) PLANE_ANGLE_UNIT() SI_UNIT($,.RADIAN.) );
#8648 = ( NAMED_UNIT(*) SI_UNIT($,.STERADIAN.) SOLID_ANGLE_UNIT() );
#8649 = UNCERTAINTY_MEASURE_WITH_UNIT(LENGTH_MEASURE(1.E-07),#8646,
  'distance_accuracy_value','confusion accuracy');
#8650 = CONTEXT_DEPENDENT_SHAPE_REPRESENTATION(#8651,#8653);
#8651 = ( REPRESENTATION_RELATIONSHIP('','',#7702,#10) 
REPRESENTATION_RELATIONSHIP_WITH_TRANSFORMATION(#8652) 
SHAPE_REPRESENTATION_RELATIONSHIP() );
#8652 = ITEM_DEFINED_TRANSFORMATION('','',#11,#119);
#8653 = PRODUCT_DEFINITION_SHAPE('Placement','Placement of an item',
  #8654);
#8654 = NEXT_ASSEMBLY_USAGE_OCCURRENCE('32','Y1','',#5,#7697,$);
#8655 = PRODUCT_RELATED_PRODUCT_CATEGORY('part',$,(#7699));
#8656 = SHAPE_DEFINITION_REPRESENTATION(#8657,#8663);
#8657 = PRODUCT_DEFINITION_SHAPE('','',#8658);
#8658 = PRODUCT_DEFINITION('design','',#8659,#8662);
#8659 = PRODUCT_DEFINITION_FORMATION('','',#8660);
#8660 = PRODUCT('Crystal_SMD_WE_IQXC-26-4Pin_1.6x1.2mm',
  'Crystal_SMD_WE_IQXC-26-4Pin_1.6x1.2mm','',(#8661));
#8661 = PRODUCT_CONTEXT('',#2,'mechanical');
#8662 = PRODUCT_DEFINITION_CONTEXT('part definition',#2,'design');
#8663 = ADVANCED_BREP_SHAPE_REPRESENTATION('',(#11,#8664),#13758);
#8664 = MANIFOLD_SOLID_BREP('',#8665);
#8665 = CLOSED_SHELL('',(#8666,#8706,#8739,#8798,#8823,#8944,#8961,#8978
    ,#8995,#9012,#9024,#9057,#9083,#9109,#9134,#9159,#9185,#9211,#9228,
    #9259,#9284,#9309,#9333,#9357,#9382,#9407,#9424,#9457,#9483,#9509,
    #9534,#9559,#9585,#9611,#9628,#9714,#9747,#9773,#9799,#9824,#9849,
    #9875,#9901,#9918,#9949,#9974,#9999,#10023,#10047,#10072,#10097,
    #10114,#10147,#10173,#10199,#10224,#10249,#10275,#10301,#10318,
    #10404,#10437,#10463,#10489,#10514,#10539,#10565,#10591,#10608,
    #10639,#10664,#10689,#10713,#10737,#10762,#10787,#10804,#10837,
    #10863,#10889,#10914,#10939,#10965,#10991,#11008,#11094,#11147,
    #11183,#11231,#11266,#11301,#11337,#11373,#11390,#11453,#11528,
    #11603,#11659,#11715,#11790,#11865,#11914,#11970,#12018,#12042,
    #12090,#12139,#12163,#12185,#12286,#12303,#12320,#12344,#12361,
    #12378,#12434,#12482,#12506,#12538,#12577,#12601,#12649,#12698,
    #12722,#12739,#12756,#12780,#12797,#12836,#12860,#12892,#12916,
    #12933,#12945,#12965,#12989,#13006,#13018,#13108,#13141,#13167,
    #13193,#13218,#13243,#13269,#13295,#13312,#13336,#13353,#13365,
    #13389,#13406,#13418,#13451,#13477,#13503,#13528,#13553,#13579,
    #13605,#13622,#13644,#13661,#13678,#13695,#13712,#13729,#13746));
#8666 = ADVANCED_FACE('',(#8667),#8701,.F.);
#8667 = FACE_BOUND('',#8668,.F.);
#8668 = EDGE_LOOP('',(#8669,#8679,#8687,#8695));
#8669 = ORIENTED_EDGE('',*,*,#8670,.F.);
#8670 = EDGE_CURVE('',#8671,#8673,#8675,.T.);
#8671 = VERTEX_POINT('',#8672);
#8672 = CARTESIAN_POINT('',(0.68,0.413333333333,0.428));
#8673 = VERTEX_POINT('',#8674);
#8674 = CARTESIAN_POINT('',(0.68,0.413333333333,0.43));
#8675 = LINE('',#8676,#8677);
#8676 = CARTESIAN_POINT('',(0.68,0.413333333333,0.23));
#8677 = VECTOR('',#8678,1.);
#8678 = DIRECTION('',(0.,0.,1.));
#8679 = ORIENTED_EDGE('',*,*,#8680,.F.);
#8680 = EDGE_CURVE('',#8681,#8671,#8683,.T.);
#8681 = VERTEX_POINT('',#8682);
#8682 = CARTESIAN_POINT('',(0.68,-0.413333333333,0.428));
#8683 = LINE('',#8684,#8685);
#8684 = CARTESIAN_POINT('',(0.68,-0.24,0.428));
#8685 = VECTOR('',#8686,1.);
#8686 = DIRECTION('',(0.,1.,-0.));
#8687 = ORIENTED_EDGE('',*,*,#8688,.T.);
#8688 = EDGE_CURVE('',#8681,#8689,#8691,.T.);
#8689 = VERTEX_POINT('',#8690);
#8690 = CARTESIAN_POINT('',(0.68,-0.413333333333,0.43));
#8691 = LINE('',#8692,#8693);
#8692 = CARTESIAN_POINT('',(0.68,-0.413333333333,0.23));
#8693 = VECTOR('',#8694,1.);
#8694 = DIRECTION('',(0.,0.,1.));
#8695 = ORIENTED_EDGE('',*,*,#8696,.T.);
#8696 = EDGE_CURVE('',#8689,#8673,#8697,.T.);
#8697 = LINE('',#8698,#8699);
#8698 = CARTESIAN_POINT('',(0.68,-0.48,0.43));
#8699 = VECTOR('',#8700,1.);
#8700 = DIRECTION('',(0.,1.,0.));
#8701 = PLANE('',#8702);
#8702 = AXIS2_PLACEMENT_3D('',#8703,#8704,#8705);
#8703 = CARTESIAN_POINT('',(0.68,-0.48,0.23));
#8704 = DIRECTION('',(-1.,0.,0.));
#8705 = DIRECTION('',(0.,1.,0.));
#8706 = ADVANCED_FACE('',(#8707),#8734,.T.);
#8707 = FACE_BOUND('',#8708,.T.);
#8708 = EDGE_LOOP('',(#8709,#8710,#8719,#8727));
#8709 = ORIENTED_EDGE('',*,*,#8670,.F.);
#8710 = ORIENTED_EDGE('',*,*,#8711,.T.);
#8711 = EDGE_CURVE('',#8671,#8712,#8714,.T.);
#8712 = VERTEX_POINT('',#8713);
#8713 = CARTESIAN_POINT('',(0.613333333333,0.48,0.428));
#8714 = CIRCLE('',#8715,6.666666666667E-02);
#8715 = AXIS2_PLACEMENT_3D('',#8716,#8717,#8718);
#8716 = CARTESIAN_POINT('',(0.613333333333,0.413333333333,0.428));
#8717 = DIRECTION('',(0.,0.,1.));
#8718 = DIRECTION('',(1.,0.,-0.));
#8719 = ORIENTED_EDGE('',*,*,#8720,.T.);
#8720 = EDGE_CURVE('',#8712,#8721,#8723,.T.);
#8721 = VERTEX_POINT('',#8722);
#8722 = CARTESIAN_POINT('',(0.613333333333,0.48,0.43));
#8723 = LINE('',#8724,#8725);
#8724 = CARTESIAN_POINT('',(0.613333333333,0.48,0.23));
#8725 = VECTOR('',#8726,1.);
#8726 = DIRECTION('',(0.,0.,1.));
#8727 = ORIENTED_EDGE('',*,*,#8728,.F.);
#8728 = EDGE_CURVE('',#8673,#8721,#8729,.T.);
#8729 = CIRCLE('',#8730,6.666666666667E-02);
#8730 = AXIS2_PLACEMENT_3D('',#8731,#8732,#8733);
#8731 = CARTESIAN_POINT('',(0.613333333333,0.413333333333,0.43));
#8732 = DIRECTION('',(-0.,0.,1.));
#8733 = DIRECTION('',(0.,-1.,0.));
#8734 = CYLINDRICAL_SURFACE('',#8735,6.666666666667E-02);
#8735 = AXIS2_PLACEMENT_3D('',#8736,#8737,#8738);
#8736 = CARTESIAN_POINT('',(0.613333333333,0.413333333333,0.23));
#8737 = DIRECTION('',(0.,0.,1.));
#8738 = DIRECTION('',(1.,0.,-0.));
#8739 = ADVANCED_FACE('',(#8740),#8793,.T.);
#8740 = FACE_BOUND('',#8741,.T.);
#8741 = EDGE_LOOP('',(#8742,#8743,#8744,#8752,#8761,#8769,#8778,#8786));
#8742 = ORIENTED_EDGE('',*,*,#8696,.T.);
#8743 = ORIENTED_EDGE('',*,*,#8728,.T.);
#8744 = ORIENTED_EDGE('',*,*,#8745,.T.);
#8745 = EDGE_CURVE('',#8721,#8746,#8748,.T.);
#8746 = VERTEX_POINT('',#8747);
#8747 = CARTESIAN_POINT('',(-0.613333333333,0.48,0.43));
#8748 = LINE('',#8749,#8750);
#8749 = CARTESIAN_POINT('',(0.68,0.48,0.43));
#8750 = VECTOR('',#8751,1.);
#8751 = DIRECTION('',(-1.,0.,0.));
#8752 = ORIENTED_EDGE('',*,*,#8753,.F.);
#8753 = EDGE_CURVE('',#8754,#8746,#8756,.T.);
#8754 = VERTEX_POINT('',#8755);
#8755 = CARTESIAN_POINT('',(-0.68,0.413333333333,0.43));
#8756 = CIRCLE('',#8757,6.666666666667E-02);
#8757 = AXIS2_PLACEMENT_3D('',#8758,#8759,#8760);
#8758 = CARTESIAN_POINT('',(-0.613333333333,0.413333333333,0.43));
#8759 = DIRECTION('',(-0.,-0.,-1.));
#8760 = DIRECTION('',(0.,-1.,0.));
#8761 = ORIENTED_EDGE('',*,*,#8762,.T.);
#8762 = EDGE_CURVE('',#8754,#8763,#8765,.T.);
#8763 = VERTEX_POINT('',#8764);
#8764 = CARTESIAN_POINT('',(-0.68,-0.413333333333,0.43));
#8765 = LINE('',#8766,#8767);
#8766 = CARTESIAN_POINT('',(-0.68,0.48,0.43));
#8767 = VECTOR('',#8768,1.);
#8768 = DIRECTION('',(0.,-1.,0.));
#8769 = ORIENTED_EDGE('',*,*,#8770,.F.);
#8770 = EDGE_CURVE('',#8771,#8763,#8773,.T.);
#8771 = VERTEX_POINT('',#8772);
#8772 = CARTESIAN_POINT('',(-0.613333333333,-0.48,0.43));
#8773 = CIRCLE('',#8774,6.666666666667E-02);
#8774 = AXIS2_PLACEMENT_3D('',#8775,#8776,#8777);
#8775 = CARTESIAN_POINT('',(-0.613333333333,-0.413333333333,0.43));
#8776 = DIRECTION('',(-0.,-0.,-1.));
#8777 = DIRECTION('',(0.,-1.,0.));
#8778 = ORIENTED_EDGE('',*,*,#8779,.T.);
#8779 = EDGE_CURVE('',#8771,#8780,#8782,.T.);
#8780 = VERTEX_POINT('',#8781);
#8781 = CARTESIAN_POINT('',(0.613333333333,-0.48,0.43));
#8782 = LINE('',#8783,#8784);
#8783 = CARTESIAN_POINT('',(-0.68,-0.48,0.43));
#8784 = VECTOR('',#8785,1.);
#8785 = DIRECTION('',(1.,0.,0.));
#8786 = ORIENTED_EDGE('',*,*,#8787,.T.);
#8787 = EDGE_CURVE('',#8780,#8689,#8788,.T.);
#8788 = CIRCLE('',#8789,6.666666666667E-02);
#8789 = AXIS2_PLACEMENT_3D('',#8790,#8791,#8792);
#8790 = CARTESIAN_POINT('',(0.613333333333,-0.413333333333,0.43));
#8791 = DIRECTION('',(-0.,0.,1.));
#8792 = DIRECTION('',(0.,-1.,0.));
#8793 = PLANE('',#8794);
#8794 = AXIS2_PLACEMENT_3D('',#8795,#8796,#8797);
#8795 = CARTESIAN_POINT('',(0.,0.,0.43));
#8796 = DIRECTION('',(0.,0.,1.));
#8797 = DIRECTION('',(1.,0.,-0.));
#8798 = ADVANCED_FACE('',(#8799),#8818,.T.);
#8799 = FACE_BOUND('',#8800,.T.);
#8800 = EDGE_LOOP('',(#8801,#8809,#8816,#8817));
#8801 = ORIENTED_EDGE('',*,*,#8802,.F.);
#8802 = EDGE_CURVE('',#8803,#8780,#8805,.T.);
#8803 = VERTEX_POINT('',#8804);
#8804 = CARTESIAN_POINT('',(0.613333333333,-0.48,0.428));
#8805 = LINE('',#8806,#8807);
#8806 = CARTESIAN_POINT('',(0.613333333333,-0.48,0.23));
#8807 = VECTOR('',#8808,1.);
#8808 = DIRECTION('',(0.,0.,1.));
#8809 = ORIENTED_EDGE('',*,*,#8810,.T.);
#8810 = EDGE_CURVE('',#8803,#8681,#8811,.T.);
#8811 = CIRCLE('',#8812,6.666666666667E-02);
#8812 = AXIS2_PLACEMENT_3D('',#8813,#8814,#8815);
#8813 = CARTESIAN_POINT('',(0.613333333333,-0.413333333333,0.428));
#8814 = DIRECTION('',(0.,0.,1.));
#8815 = DIRECTION('',(0.,-1.,0.));
#8816 = ORIENTED_EDGE('',*,*,#8688,.T.);
#8817 = ORIENTED_EDGE('',*,*,#8787,.F.);
#8818 = CYLINDRICAL_SURFACE('',#8819,6.666666666667E-02);
#8819 = AXIS2_PLACEMENT_3D('',#8820,#8821,#8822);
#8820 = CARTESIAN_POINT('',(0.613333333333,-0.413333333333,0.23));
#8821 = DIRECTION('',(0.,0.,1.));
#8822 = DIRECTION('',(0.,-1.,0.));
#8823 = ADVANCED_FACE('',(#8824,#8894),#8939,.T.);
#8824 = FACE_BOUND('',#8825,.T.);
#8825 = EDGE_LOOP('',(#8826,#8836,#8845,#8853,#8862,#8870,#8879,#8887));
#8826 = ORIENTED_EDGE('',*,*,#8827,.T.);
#8827 = EDGE_CURVE('',#8828,#8830,#8832,.T.);
#8828 = VERTEX_POINT('',#8829);
#8829 = CARTESIAN_POINT('',(0.704,-0.41,0.428));
#8830 = VERTEX_POINT('',#8831);
#8831 = CARTESIAN_POINT('',(0.704,0.41,0.428));
#8832 = LINE('',#8833,#8834);
#8833 = CARTESIAN_POINT('',(0.704,-0.41,0.428));
#8834 = VECTOR('',#8835,1.);
#8835 = DIRECTION('',(0.,1.,0.));
#8836 = ORIENTED_EDGE('',*,*,#8837,.T.);
#8837 = EDGE_CURVE('',#8830,#8838,#8840,.T.);
#8838 = VERTEX_POINT('',#8839);
#8839 = CARTESIAN_POINT('',(0.61,0.504,0.428));
#8840 = CIRCLE('',#8841,9.4E-02);
#8841 = AXIS2_PLACEMENT_3D('',#8842,#8843,#8844);
#8842 = CARTESIAN_POINT('',(0.61,0.41,0.428));
#8843 = DIRECTION('',(0.,0.,1.));
#8844 = DIRECTION('',(1.,0.,-0.));
#8845 = ORIENTED_EDGE('',*,*,#8846,.T.);
#8846 = EDGE_CURVE('',#8838,#8847,#8849,.T.);
#8847 = VERTEX_POINT('',#8848);
#8848 = CARTESIAN_POINT('',(-0.61,0.504,0.428));
#8849 = LINE('',#8850,#8851);
#8850 = CARTESIAN_POINT('',(0.61,0.504,0.428));
#8851 = VECTOR('',#8852,1.);
#8852 = DIRECTION('',(-1.,0.,0.));
#8853 = ORIENTED_EDGE('',*,*,#8854,.T.);
#8854 = EDGE_CURVE('',#8847,#8855,#8857,.T.);
#8855 = VERTEX_POINT('',#8856);
#8856 = CARTESIAN_POINT('',(-0.704,0.41,0.428));
#8857 = CIRCLE('',#8858,9.4E-02);
#8858 = AXIS2_PLACEMENT_3D('',#8859,#8860,#8861);
#8859 = CARTESIAN_POINT('',(-0.61,0.41,0.428));
#8860 = DIRECTION('',(0.,-0.,1.));
#8861 = DIRECTION('',(0.,1.,0.));
#8862 = ORIENTED_EDGE('',*,*,#8863,.T.);
#8863 = EDGE_CURVE('',#8855,#8864,#8866,.T.);
#8864 = VERTEX_POINT('',#8865);
#8865 = CARTESIAN_POINT('',(-0.704,-0.41,0.428));
#8866 = LINE('',#8867,#8868);
#8867 = CARTESIAN_POINT('',(-0.704,0.41,0.428));
#8868 = VECTOR('',#8869,1.);
#8869 = DIRECTION('',(0.,-1.,0.));
#8870 = ORIENTED_EDGE('',*,*,#8871,.T.);
#8871 = EDGE_CURVE('',#8864,#8872,#8874,.T.);
#8872 = VERTEX_POINT('',#8873);
#8873 = CARTESIAN_POINT('',(-0.61,-0.504,0.428));
#8874 = CIRCLE('',#8875,9.4E-02);
#8875 = AXIS2_PLACEMENT_3D('',#8876,#8877,#8878);
#8876 = CARTESIAN_POINT('',(-0.61,-0.41,0.428));
#8877 = DIRECTION('',(0.,0.,1.));
#8878 = DIRECTION('',(-1.,0.,0.));
#8879 = ORIENTED_EDGE('',*,*,#8880,.T.);
#8880 = EDGE_CURVE('',#8872,#8881,#8883,.T.);
#8881 = VERTEX_POINT('',#8882);
#8882 = CARTESIAN_POINT('',(0.61,-0.504,0.428));
#8883 = LINE('',#8884,#8885);
#8884 = CARTESIAN_POINT('',(-0.61,-0.504,0.428));
#8885 = VECTOR('',#8886,1.);
#8886 = DIRECTION('',(1.,0.,0.));
#8887 = ORIENTED_EDGE('',*,*,#8888,.T.);
#8888 = EDGE_CURVE('',#8881,#8828,#8889,.T.);
#8889 = CIRCLE('',#8890,9.4E-02);
#8890 = AXIS2_PLACEMENT_3D('',#8891,#8892,#8893);
#8891 = CARTESIAN_POINT('',(0.61,-0.41,0.428));
#8892 = DIRECTION('',(-0.,0.,1.));
#8893 = DIRECTION('',(0.,-1.,0.));
#8894 = FACE_BOUND('',#8895,.T.);
#8895 = EDGE_LOOP('',(#8896,#8897,#8898,#8906,#8915,#8923,#8932,#8938));
#8896 = ORIENTED_EDGE('',*,*,#8680,.F.);
#8897 = ORIENTED_EDGE('',*,*,#8810,.F.);
#8898 = ORIENTED_EDGE('',*,*,#8899,.F.);
#8899 = EDGE_CURVE('',#8900,#8803,#8902,.T.);
#8900 = VERTEX_POINT('',#8901);
#8901 = CARTESIAN_POINT('',(-0.613333333333,-0.48,0.428));
#8902 = LINE('',#8903,#8904);
#8903 = CARTESIAN_POINT('',(-0.34,-0.48,0.428));
#8904 = VECTOR('',#8905,1.);
#8905 = DIRECTION('',(1.,0.,0.));
#8906 = ORIENTED_EDGE('',*,*,#8907,.F.);
#8907 = EDGE_CURVE('',#8908,#8900,#8910,.T.);
#8908 = VERTEX_POINT('',#8909);
#8909 = CARTESIAN_POINT('',(-0.68,-0.413333333333,0.428));
#8910 = CIRCLE('',#8911,6.666666666667E-02);
#8911 = AXIS2_PLACEMENT_3D('',#8912,#8913,#8914);
#8912 = CARTESIAN_POINT('',(-0.613333333333,-0.413333333333,0.428));
#8913 = DIRECTION('',(0.,0.,1.));
#8914 = DIRECTION('',(0.,-1.,0.));
#8915 = ORIENTED_EDGE('',*,*,#8916,.F.);
#8916 = EDGE_CURVE('',#8917,#8908,#8919,.T.);
#8917 = VERTEX_POINT('',#8918);
#8918 = CARTESIAN_POINT('',(-0.68,0.413333333333,0.428));
#8919 = LINE('',#8920,#8921);
#8920 = CARTESIAN_POINT('',(-0.68,0.24,0.428));
#8921 = VECTOR('',#8922,1.);
#8922 = DIRECTION('',(0.,-1.,0.));
#8923 = ORIENTED_EDGE('',*,*,#8924,.F.);
#8924 = EDGE_CURVE('',#8925,#8917,#8927,.T.);
#8925 = VERTEX_POINT('',#8926);
#8926 = CARTESIAN_POINT('',(-0.613333333333,0.48,0.428));
#8927 = CIRCLE('',#8928,6.666666666667E-02);
#8928 = AXIS2_PLACEMENT_3D('',#8929,#8930,#8931);
#8929 = CARTESIAN_POINT('',(-0.613333333333,0.413333333333,0.428));
#8930 = DIRECTION('',(0.,0.,1.));
#8931 = DIRECTION('',(-1.,0.,0.));
#8932 = ORIENTED_EDGE('',*,*,#8933,.F.);
#8933 = EDGE_CURVE('',#8712,#8925,#8934,.T.);
#8934 = LINE('',#8935,#8936);
#8935 = CARTESIAN_POINT('',(0.34,0.48,0.428));
#8936 = VECTOR('',#8937,1.);
#8937 = DIRECTION('',(-1.,0.,0.));
#8938 = ORIENTED_EDGE('',*,*,#8711,.F.);
#8939 = PLANE('',#8940);
#8940 = AXIS2_PLACEMENT_3D('',#8941,#8942,#8943);
#8941 = CARTESIAN_POINT('',(0.,0.,0.428));
#8942 = DIRECTION('',(0.,0.,1.));
#8943 = DIRECTION('',(1.,0.,-0.));
#8944 = ADVANCED_FACE('',(#8945),#8956,.F.);
#8945 = FACE_BOUND('',#8946,.F.);
#8946 = EDGE_LOOP('',(#8947,#8948,#8949,#8950));
#8947 = ORIENTED_EDGE('',*,*,#8933,.F.);
#8948 = ORIENTED_EDGE('',*,*,#8720,.T.);
#8949 = ORIENTED_EDGE('',*,*,#8745,.T.);
#8950 = ORIENTED_EDGE('',*,*,#8951,.F.);
#8951 = EDGE_CURVE('',#8925,#8746,#8952,.T.);
#8952 = LINE('',#8953,#8954);
#8953 = CARTESIAN_POINT('',(-0.613333333333,0.48,0.23));
#8954 = VECTOR('',#8955,1.);
#8955 = DIRECTION('',(0.,0.,1.));
#8956 = PLANE('',#8957);
#8957 = AXIS2_PLACEMENT_3D('',#8958,#8959,#8960);
#8958 = CARTESIAN_POINT('',(0.68,0.48,0.23));
#8959 = DIRECTION('',(0.,-1.,0.));
#8960 = DIRECTION('',(-1.,0.,0.));
#8961 = ADVANCED_FACE('',(#8962),#8973,.F.);
#8962 = FACE_BOUND('',#8963,.F.);
#8963 = EDGE_LOOP('',(#8964,#8965,#8966,#8972));
#8964 = ORIENTED_EDGE('',*,*,#8802,.F.);
#8965 = ORIENTED_EDGE('',*,*,#8899,.F.);
#8966 = ORIENTED_EDGE('',*,*,#8967,.T.);
#8967 = EDGE_CURVE('',#8900,#8771,#8968,.T.);
#8968 = LINE('',#8969,#8970);
#8969 = CARTESIAN_POINT('',(-0.613333333333,-0.48,0.23));
#8970 = VECTOR('',#8971,1.);
#8971 = DIRECTION('',(0.,0.,1.));
#8972 = ORIENTED_EDGE('',*,*,#8779,.T.);
#8973 = PLANE('',#8974);
#8974 = AXIS2_PLACEMENT_3D('',#8975,#8976,#8977);
#8975 = CARTESIAN_POINT('',(-0.68,-0.48,0.23));
#8976 = DIRECTION('',(0.,1.,0.));
#8977 = DIRECTION('',(1.,0.,0.));
#8978 = ADVANCED_FACE('',(#8979),#8990,.T.);
#8979 = FACE_BOUND('',#8980,.T.);
#8980 = EDGE_LOOP('',(#8981,#8982,#8983,#8984));
#8981 = ORIENTED_EDGE('',*,*,#8753,.T.);
#8982 = ORIENTED_EDGE('',*,*,#8951,.F.);
#8983 = ORIENTED_EDGE('',*,*,#8924,.T.);
#8984 = ORIENTED_EDGE('',*,*,#8985,.T.);
#8985 = EDGE_CURVE('',#8917,#8754,#8986,.T.);
#8986 = LINE('',#8987,#8988);
#8987 = CARTESIAN_POINT('',(-0.68,0.413333333333,0.23));
#8988 = VECTOR('',#8989,1.);
#8989 = DIRECTION('',(0.,0.,1.));
#8990 = CYLINDRICAL_SURFACE('',#8991,6.666666666667E-02);
#8991 = AXIS2_PLACEMENT_3D('',#8992,#8993,#8994);
#8992 = CARTESIAN_POINT('',(-0.613333333333,0.413333333333,0.23));
#8993 = DIRECTION('',(0.,0.,1.));
#8994 = DIRECTION('',(-1.,0.,0.));
#8995 = ADVANCED_FACE('',(#8996),#9007,.T.);
#8996 = FACE_BOUND('',#8997,.T.);
#8997 = EDGE_LOOP('',(#8998,#8999,#9005,#9006));
#8998 = ORIENTED_EDGE('',*,*,#8770,.T.);
#8999 = ORIENTED_EDGE('',*,*,#9000,.F.);
#9000 = EDGE_CURVE('',#8908,#8763,#9001,.T.);
#9001 = LINE('',#9002,#9003);
#9002 = CARTESIAN_POINT('',(-0.68,-0.413333333333,0.23));
#9003 = VECTOR('',#9004,1.);
#9004 = DIRECTION('',(0.,0.,1.));
#9005 = ORIENTED_EDGE('',*,*,#8907,.T.);
#9006 = ORIENTED_EDGE('',*,*,#8967,.T.);
#9007 = CYLINDRICAL_SURFACE('',#9008,6.666666666667E-02);
#9008 = AXIS2_PLACEMENT_3D('',#9009,#9010,#9011);
#9009 = CARTESIAN_POINT('',(-0.613333333333,-0.413333333333,0.23));
#9010 = DIRECTION('',(0.,0.,1.));
#9011 = DIRECTION('',(0.,-1.,0.));
#9012 = ADVANCED_FACE('',(#9013),#9019,.F.);
#9013 = FACE_BOUND('',#9014,.F.);
#9014 = EDGE_LOOP('',(#9015,#9016,#9017,#9018));
#9015 = ORIENTED_EDGE('',*,*,#8916,.F.);
#9016 = ORIENTED_EDGE('',*,*,#8985,.T.);
#9017 = ORIENTED_EDGE('',*,*,#8762,.T.);
#9018 = ORIENTED_EDGE('',*,*,#9000,.F.);
#9019 = PLANE('',#9020);
#9020 = AXIS2_PLACEMENT_3D('',#9021,#9022,#9023);
#9021 = CARTESIAN_POINT('',(-0.68,0.48,0.23));
#9022 = DIRECTION('',(1.,0.,0.));
#9023 = DIRECTION('',(0.,-1.,0.));
#9024 = ADVANCED_FACE('',(#9025),#9052,.T.);
#9025 = FACE_BOUND('',#9026,.T.);
#9026 = EDGE_LOOP('',(#9027,#9037,#9044,#9045));
#9027 = ORIENTED_EDGE('',*,*,#9028,.T.);
#9028 = EDGE_CURVE('',#9029,#9031,#9033,.T.);
#9029 = VERTEX_POINT('',#9030);
#9030 = CARTESIAN_POINT('',(0.71,-0.41,0.422));
#9031 = VERTEX_POINT('',#9032);
#9032 = CARTESIAN_POINT('',(0.71,0.41,0.422));
#9033 = LINE('',#9034,#9035);
#9034 = CARTESIAN_POINT('',(0.71,-0.41,0.422));
#9035 = VECTOR('',#9036,1.);
#9036 = DIRECTION('',(0.,1.,0.));
#9037 = ORIENTED_EDGE('',*,*,#9038,.T.);
#9038 = EDGE_CURVE('',#9031,#8830,#9039,.T.);
#9039 = CIRCLE('',#9040,6.E-03);
#9040 = AXIS2_PLACEMENT_3D('',#9041,#9042,#9043);
#9041 = CARTESIAN_POINT('',(0.704,0.41,0.422));
#9042 = DIRECTION('',(0.,-1.,0.));
#9043 = DIRECTION('',(1.,0.,0.));
#9044 = ORIENTED_EDGE('',*,*,#8827,.F.);
#9045 = ORIENTED_EDGE('',*,*,#9046,.F.);
#9046 = EDGE_CURVE('',#9029,#8828,#9047,.T.);
#9047 = CIRCLE('',#9048,6.E-03);
#9048 = AXIS2_PLACEMENT_3D('',#9049,#9050,#9051);
#9049 = CARTESIAN_POINT('',(0.704,-0.41,0.422));
#9050 = DIRECTION('',(0.,-1.,0.));
#9051 = DIRECTION('',(1.,0.,0.));
#9052 = CYLINDRICAL_SURFACE('',#9053,6.E-03);
#9053 = AXIS2_PLACEMENT_3D('',#9054,#9055,#9056);
#9054 = CARTESIAN_POINT('',(0.704,-0.41,0.422));
#9055 = DIRECTION('',(0.,1.,0.));
#9056 = DIRECTION('',(1.,0.,0.));
#9057 = ADVANCED_FACE('',(#9058),#9078,.T.);
#9058 = FACE_BOUND('',#9059,.T.);
#9059 = EDGE_LOOP('',(#9060,#9069,#9076,#9077));
#9060 = ORIENTED_EDGE('',*,*,#9061,.F.);
#9061 = EDGE_CURVE('',#9062,#8881,#9064,.T.);
#9062 = VERTEX_POINT('',#9063);
#9063 = CARTESIAN_POINT('',(0.61,-0.51,0.422));
#9064 = CIRCLE('',#9065,6.E-03);
#9065 = AXIS2_PLACEMENT_3D('',#9066,#9067,#9068);
#9066 = CARTESIAN_POINT('',(0.61,-0.504,0.422));
#9067 = DIRECTION('',(-1.,0.,0.));
#9068 = DIRECTION('',(0.,-1.,0.));
#9069 = ORIENTED_EDGE('',*,*,#9070,.T.);
#9070 = EDGE_CURVE('',#9062,#9029,#9071,.T.);
#9071 = CIRCLE('',#9072,0.1);
#9072 = AXIS2_PLACEMENT_3D('',#9073,#9074,#9075);
#9073 = CARTESIAN_POINT('',(0.61,-0.41,0.422));
#9074 = DIRECTION('',(-0.,0.,1.));
#9075 = DIRECTION('',(0.,-1.,0.));
#9076 = ORIENTED_EDGE('',*,*,#9046,.T.);
#9077 = ORIENTED_EDGE('',*,*,#8888,.F.);
#9078 = TOROIDAL_SURFACE('',#9079,9.4E-02,6.E-03);
#9079 = AXIS2_PLACEMENT_3D('',#9080,#9081,#9082);
#9080 = CARTESIAN_POINT('',(0.61,-0.41,0.422));
#9081 = DIRECTION('',(0.,0.,1.));
#9082 = DIRECTION('',(0.,-1.,0.));
#9083 = ADVANCED_FACE('',(#9084),#9104,.T.);
#9084 = FACE_BOUND('',#9085,.T.);
#9085 = EDGE_LOOP('',(#9086,#9087,#9096,#9103));
#9086 = ORIENTED_EDGE('',*,*,#9038,.F.);
#9087 = ORIENTED_EDGE('',*,*,#9088,.T.);
#9088 = EDGE_CURVE('',#9031,#9089,#9091,.T.);
#9089 = VERTEX_POINT('',#9090);
#9090 = CARTESIAN_POINT('',(0.61,0.51,0.422));
#9091 = CIRCLE('',#9092,0.1);
#9092 = AXIS2_PLACEMENT_3D('',#9093,#9094,#9095);
#9093 = CARTESIAN_POINT('',(0.61,0.41,0.422));
#9094 = DIRECTION('',(0.,0.,1.));
#9095 = DIRECTION('',(1.,0.,-0.));
#9096 = ORIENTED_EDGE('',*,*,#9097,.T.);
#9097 = EDGE_CURVE('',#9089,#8838,#9098,.T.);
#9098 = CIRCLE('',#9099,6.E-03);
#9099 = AXIS2_PLACEMENT_3D('',#9100,#9101,#9102);
#9100 = CARTESIAN_POINT('',(0.61,0.504,0.422));
#9101 = DIRECTION('',(1.,-6.123233995737E-17,0.));
#9102 = DIRECTION('',(6.123233995737E-17,1.,0.));
#9103 = ORIENTED_EDGE('',*,*,#8837,.F.);
#9104 = TOROIDAL_SURFACE('',#9105,9.4E-02,6.E-03);
#9105 = AXIS2_PLACEMENT_3D('',#9106,#9107,#9108);
#9106 = CARTESIAN_POINT('',(0.61,0.41,0.422));
#9107 = DIRECTION('',(0.,0.,1.));
#9108 = DIRECTION('',(1.,0.,-0.));
#9109 = ADVANCED_FACE('',(#9110),#9129,.T.);
#9110 = FACE_BOUND('',#9111,.T.);
#9111 = EDGE_LOOP('',(#9112,#9120,#9121,#9122));
#9112 = ORIENTED_EDGE('',*,*,#9113,.T.);
#9113 = EDGE_CURVE('',#9114,#9062,#9116,.T.);
#9114 = VERTEX_POINT('',#9115);
#9115 = CARTESIAN_POINT('',(-0.61,-0.51,0.422));
#9116 = LINE('',#9117,#9118);
#9117 = CARTESIAN_POINT('',(-0.61,-0.51,0.422));
#9118 = VECTOR('',#9119,1.);
#9119 = DIRECTION('',(1.,0.,0.));
#9120 = ORIENTED_EDGE('',*,*,#9061,.T.);
#9121 = ORIENTED_EDGE('',*,*,#8880,.F.);
#9122 = ORIENTED_EDGE('',*,*,#9123,.F.);
#9123 = EDGE_CURVE('',#9114,#8872,#9124,.T.);
#9124 = CIRCLE('',#9125,6.E-03);
#9125 = AXIS2_PLACEMENT_3D('',#9126,#9127,#9128);
#9126 = CARTESIAN_POINT('',(-0.61,-0.504,0.422));
#9127 = DIRECTION('',(-1.,6.123233995737E-17,0.));
#9128 = DIRECTION('',(-6.123233995737E-17,-1.,0.));
#9129 = CYLINDRICAL_SURFACE('',#9130,6.E-03);
#9130 = AXIS2_PLACEMENT_3D('',#9131,#9132,#9133);
#9131 = CARTESIAN_POINT('',(-0.61,-0.504,0.422));
#9132 = DIRECTION('',(1.,0.,0.));
#9133 = DIRECTION('',(0.,-1.,0.));
#9134 = ADVANCED_FACE('',(#9135),#9154,.T.);
#9135 = FACE_BOUND('',#9136,.T.);
#9136 = EDGE_LOOP('',(#9137,#9145,#9152,#9153));
#9137 = ORIENTED_EDGE('',*,*,#9138,.T.);
#9138 = EDGE_CURVE('',#9089,#9139,#9141,.T.);
#9139 = VERTEX_POINT('',#9140);
#9140 = CARTESIAN_POINT('',(-0.61,0.51,0.422));
#9141 = LINE('',#9142,#9143);
#9142 = CARTESIAN_POINT('',(0.61,0.51,0.422));
#9143 = VECTOR('',#9144,1.);
#9144 = DIRECTION('',(-1.,0.,0.));
#9145 = ORIENTED_EDGE('',*,*,#9146,.T.);
#9146 = EDGE_CURVE('',#9139,#8847,#9147,.T.);
#9147 = CIRCLE('',#9148,6.E-03);
#9148 = AXIS2_PLACEMENT_3D('',#9149,#9150,#9151);
#9149 = CARTESIAN_POINT('',(-0.61,0.504,0.422));
#9150 = DIRECTION('',(1.,0.,0.));
#9151 = DIRECTION('',(-0.,1.,0.));
#9152 = ORIENTED_EDGE('',*,*,#8846,.F.);
#9153 = ORIENTED_EDGE('',*,*,#9097,.F.);
#9154 = CYLINDRICAL_SURFACE('',#9155,6.E-03);
#9155 = AXIS2_PLACEMENT_3D('',#9156,#9157,#9158);
#9156 = CARTESIAN_POINT('',(0.61,0.504,0.422));
#9157 = DIRECTION('',(-1.,0.,0.));
#9158 = DIRECTION('',(0.,1.,0.));
#9159 = ADVANCED_FACE('',(#9160),#9180,.T.);
#9160 = FACE_BOUND('',#9161,.T.);
#9161 = EDGE_LOOP('',(#9162,#9171,#9178,#9179));
#9162 = ORIENTED_EDGE('',*,*,#9163,.F.);
#9163 = EDGE_CURVE('',#9164,#8864,#9166,.T.);
#9164 = VERTEX_POINT('',#9165);
#9165 = CARTESIAN_POINT('',(-0.71,-0.41,0.422));
#9166 = CIRCLE('',#9167,6.E-03);
#9167 = AXIS2_PLACEMENT_3D('',#9168,#9169,#9170);
#9168 = CARTESIAN_POINT('',(-0.704,-0.41,0.422));
#9169 = DIRECTION('',(0.,1.,-0.));
#9170 = DIRECTION('',(-1.,0.,0.));
#9171 = ORIENTED_EDGE('',*,*,#9172,.T.);
#9172 = EDGE_CURVE('',#9164,#9114,#9173,.T.);
#9173 = CIRCLE('',#9174,0.1);
#9174 = AXIS2_PLACEMENT_3D('',#9175,#9176,#9177);
#9175 = CARTESIAN_POINT('',(-0.61,-0.41,0.422));
#9176 = DIRECTION('',(0.,0.,1.));
#9177 = DIRECTION('',(-1.,0.,0.));
#9178 = ORIENTED_EDGE('',*,*,#9123,.T.);
#9179 = ORIENTED_EDGE('',*,*,#8871,.F.);
#9180 = TOROIDAL_SURFACE('',#9181,9.4E-02,6.E-03);
#9181 = AXIS2_PLACEMENT_3D('',#9182,#9183,#9184);
#9182 = CARTESIAN_POINT('',(-0.61,-0.41,0.422));
#9183 = DIRECTION('',(0.,0.,1.));
#9184 = DIRECTION('',(-1.,0.,0.));
#9185 = ADVANCED_FACE('',(#9186),#9206,.T.);
#9186 = FACE_BOUND('',#9187,.T.);
#9187 = EDGE_LOOP('',(#9188,#9189,#9198,#9205));
#9188 = ORIENTED_EDGE('',*,*,#9146,.F.);
#9189 = ORIENTED_EDGE('',*,*,#9190,.T.);
#9190 = EDGE_CURVE('',#9139,#9191,#9193,.T.);
#9191 = VERTEX_POINT('',#9192);
#9192 = CARTESIAN_POINT('',(-0.71,0.41,0.422));
#9193 = CIRCLE('',#9194,0.1);
#9194 = AXIS2_PLACEMENT_3D('',#9195,#9196,#9197);
#9195 = CARTESIAN_POINT('',(-0.61,0.41,0.422));
#9196 = DIRECTION('',(0.,-0.,1.));
#9197 = DIRECTION('',(0.,1.,0.));
#9198 = ORIENTED_EDGE('',*,*,#9199,.T.);
#9199 = EDGE_CURVE('',#9191,#8855,#9200,.T.);
#9200 = CIRCLE('',#9201,6.E-03);
#9201 = AXIS2_PLACEMENT_3D('',#9202,#9203,#9204);
#9202 = CARTESIAN_POINT('',(-0.704,0.41,0.422));
#9203 = DIRECTION('',(6.123233995737E-17,1.,-0.));
#9204 = DIRECTION('',(-1.,6.123233995737E-17,0.));
#9205 = ORIENTED_EDGE('',*,*,#8854,.F.);
#9206 = TOROIDAL_SURFACE('',#9207,9.4E-02,6.E-03);
#9207 = AXIS2_PLACEMENT_3D('',#9208,#9209,#9210);
#9208 = CARTESIAN_POINT('',(-0.61,0.41,0.422));
#9209 = DIRECTION('',(0.,0.,1.));
#9210 = DIRECTION('',(0.,1.,0.));
#9211 = ADVANCED_FACE('',(#9212),#9223,.T.);
#9212 = FACE_BOUND('',#9213,.T.);
#9213 = EDGE_LOOP('',(#9214,#9220,#9221,#9222));
#9214 = ORIENTED_EDGE('',*,*,#9215,.T.);
#9215 = EDGE_CURVE('',#9191,#9164,#9216,.T.);
#9216 = LINE('',#9217,#9218);
#9217 = CARTESIAN_POINT('',(-0.71,0.41,0.422));
#9218 = VECTOR('',#9219,1.);
#9219 = DIRECTION('',(0.,-1.,0.));
#9220 = ORIENTED_EDGE('',*,*,#9163,.T.);
#9221 = ORIENTED_EDGE('',*,*,#8863,.F.);
#9222 = ORIENTED_EDGE('',*,*,#9199,.F.);
#9223 = CYLINDRICAL_SURFACE('',#9224,6.E-03);
#9224 = AXIS2_PLACEMENT_3D('',#9225,#9226,#9227);
#9225 = CARTESIAN_POINT('',(-0.704,0.41,0.422));
#9226 = DIRECTION('',(0.,-1.,0.));
#9227 = DIRECTION('',(-1.,0.,0.));
#9228 = ADVANCED_FACE('',(#9229),#9254,.F.);
#9229 = FACE_BOUND('',#9230,.F.);
#9230 = EDGE_LOOP('',(#9231,#9239,#9247,#9253));
#9231 = ORIENTED_EDGE('',*,*,#9232,.F.);
#9232 = EDGE_CURVE('',#9233,#9031,#9235,.T.);
#9233 = VERTEX_POINT('',#9234);
#9234 = CARTESIAN_POINT('',(0.71,0.41,0.336));
#9235 = LINE('',#9236,#9237);
#9236 = CARTESIAN_POINT('',(0.71,0.41,3.E-02));
#9237 = VECTOR('',#9238,1.);
#9238 = DIRECTION('',(0.,0.,1.));
#9239 = ORIENTED_EDGE('',*,*,#9240,.T.);
#9240 = EDGE_CURVE('',#9233,#9241,#9243,.T.);
#9241 = VERTEX_POINT('',#9242);
#9242 = CARTESIAN_POINT('',(0.71,-0.41,0.336));
#9243 = LINE('',#9244,#9245);
#9244 = CARTESIAN_POINT('',(0.71,0.41,0.336));
#9245 = VECTOR('',#9246,1.);
#9246 = DIRECTION('',(0.,-1.,0.));
#9247 = ORIENTED_EDGE('',*,*,#9248,.T.);
#9248 = EDGE_CURVE('',#9241,#9029,#9249,.T.);
#9249 = LINE('',#9250,#9251);
#9250 = CARTESIAN_POINT('',(0.71,-0.41,3.E-02));
#9251 = VECTOR('',#9252,1.);
#9252 = DIRECTION('',(0.,0.,1.));
#9253 = ORIENTED_EDGE('',*,*,#9028,.T.);
#9254 = PLANE('',#9255);
#9255 = AXIS2_PLACEMENT_3D('',#9256,#9257,#9258);
#9256 = CARTESIAN_POINT('',(0.71,-0.51,3.E-02));
#9257 = DIRECTION('',(-1.,0.,0.));
#9258 = DIRECTION('',(0.,1.,0.));
#9259 = ADVANCED_FACE('',(#9260),#9279,.T.);
#9260 = FACE_BOUND('',#9261,.T.);
#9261 = EDGE_LOOP('',(#9262,#9270,#9277,#9278));
#9262 = ORIENTED_EDGE('',*,*,#9263,.F.);
#9263 = EDGE_CURVE('',#9264,#9062,#9266,.T.);
#9264 = VERTEX_POINT('',#9265);
#9265 = CARTESIAN_POINT('',(0.61,-0.51,0.336));
#9266 = LINE('',#9267,#9268);
#9267 = CARTESIAN_POINT('',(0.61,-0.51,3.E-02));
#9268 = VECTOR('',#9269,1.);
#9269 = DIRECTION('',(0.,0.,1.));
#9270 = ORIENTED_EDGE('',*,*,#9271,.F.);
#9271 = EDGE_CURVE('',#9241,#9264,#9272,.T.);
#9272 = CIRCLE('',#9273,0.1);
#9273 = AXIS2_PLACEMENT_3D('',#9274,#9275,#9276);
#9274 = CARTESIAN_POINT('',(0.61,-0.41,0.336));
#9275 = DIRECTION('',(0.,0.,-1.));
#9276 = DIRECTION('',(1.,0.,0.));
#9277 = ORIENTED_EDGE('',*,*,#9248,.T.);
#9278 = ORIENTED_EDGE('',*,*,#9070,.F.);
#9279 = CYLINDRICAL_SURFACE('',#9280,0.1);
#9280 = AXIS2_PLACEMENT_3D('',#9281,#9282,#9283);
#9281 = CARTESIAN_POINT('',(0.61,-0.41,3.E-02));
#9282 = DIRECTION('',(0.,0.,1.));
#9283 = DIRECTION('',(0.,-1.,0.));
#9284 = ADVANCED_FACE('',(#9285),#9304,.T.);
#9285 = FACE_BOUND('',#9286,.T.);
#9286 = EDGE_LOOP('',(#9287,#9288,#9297,#9303));
#9287 = ORIENTED_EDGE('',*,*,#9232,.F.);
#9288 = ORIENTED_EDGE('',*,*,#9289,.F.);
#9289 = EDGE_CURVE('',#9290,#9233,#9292,.T.);
#9290 = VERTEX_POINT('',#9291);
#9291 = CARTESIAN_POINT('',(0.61,0.51,0.336));
#9292 = CIRCLE('',#9293,0.1);
#9293 = AXIS2_PLACEMENT_3D('',#9294,#9295,#9296);
#9294 = CARTESIAN_POINT('',(0.61,0.41,0.336));
#9295 = DIRECTION('',(0.,0.,-1.));
#9296 = DIRECTION('',(0.,1.,0.));
#9297 = ORIENTED_EDGE('',*,*,#9298,.T.);
#9298 = EDGE_CURVE('',#9290,#9089,#9299,.T.);
#9299 = LINE('',#9300,#9301);
#9300 = CARTESIAN_POINT('',(0.61,0.51,3.E-02));
#9301 = VECTOR('',#9302,1.);
#9302 = DIRECTION('',(0.,0.,1.));
#9303 = ORIENTED_EDGE('',*,*,#9088,.F.);
#9304 = CYLINDRICAL_SURFACE('',#9305,0.1);
#9305 = AXIS2_PLACEMENT_3D('',#9306,#9307,#9308);
#9306 = CARTESIAN_POINT('',(0.61,0.41,3.E-02));
#9307 = DIRECTION('',(0.,0.,1.));
#9308 = DIRECTION('',(1.,0.,-0.));
#9309 = ADVANCED_FACE('',(#9310),#9328,.F.);
#9310 = FACE_BOUND('',#9311,.F.);
#9311 = EDGE_LOOP('',(#9312,#9313,#9321,#9327));
#9312 = ORIENTED_EDGE('',*,*,#9263,.F.);
#9313 = ORIENTED_EDGE('',*,*,#9314,.T.);
#9314 = EDGE_CURVE('',#9264,#9315,#9317,.T.);
#9315 = VERTEX_POINT('',#9316);
#9316 = CARTESIAN_POINT('',(-0.61,-0.51,0.336));
#9317 = LINE('',#9318,#9319);
#9318 = CARTESIAN_POINT('',(0.61,-0.51,0.336));
#9319 = VECTOR('',#9320,1.);
#9320 = DIRECTION('',(-1.,0.,0.));
#9321 = ORIENTED_EDGE('',*,*,#9322,.T.);
#9322 = EDGE_CURVE('',#9315,#9114,#9323,.T.);
#9323 = LINE('',#9324,#9325);
#9324 = CARTESIAN_POINT('',(-0.61,-0.51,3.E-02));
#9325 = VECTOR('',#9326,1.);
#9326 = DIRECTION('',(0.,0.,1.));
#9327 = ORIENTED_EDGE('',*,*,#9113,.T.);
#9328 = PLANE('',#9329);
#9329 = AXIS2_PLACEMENT_3D('',#9330,#9331,#9332);
#9330 = CARTESIAN_POINT('',(-0.71,-0.51,3.E-02));
#9331 = DIRECTION('',(0.,1.,0.));
#9332 = DIRECTION('',(1.,0.,0.));
#9333 = ADVANCED_FACE('',(#9334),#9352,.F.);
#9334 = FACE_BOUND('',#9335,.F.);
#9335 = EDGE_LOOP('',(#9336,#9344,#9350,#9351));
#9336 = ORIENTED_EDGE('',*,*,#9337,.F.);
#9337 = EDGE_CURVE('',#9338,#9139,#9340,.T.);
#9338 = VERTEX_POINT('',#9339);
#9339 = CARTESIAN_POINT('',(-0.61,0.51,0.336));
#9340 = LINE('',#9341,#9342);
#9341 = CARTESIAN_POINT('',(-0.61,0.51,3.E-02));
#9342 = VECTOR('',#9343,1.);
#9343 = DIRECTION('',(0.,0.,1.));
#9344 = ORIENTED_EDGE('',*,*,#9345,.T.);
#9345 = EDGE_CURVE('',#9338,#9290,#9346,.T.);
#9346 = LINE('',#9347,#9348);
#9347 = CARTESIAN_POINT('',(-0.61,0.51,0.336));
#9348 = VECTOR('',#9349,1.);
#9349 = DIRECTION('',(1.,0.,0.));
#9350 = ORIENTED_EDGE('',*,*,#9298,.T.);
#9351 = ORIENTED_EDGE('',*,*,#9138,.T.);
#9352 = PLANE('',#9353);
#9353 = AXIS2_PLACEMENT_3D('',#9354,#9355,#9356);
#9354 = CARTESIAN_POINT('',(0.71,0.51,3.E-02));
#9355 = DIRECTION('',(0.,-1.,0.));
#9356 = DIRECTION('',(-1.,0.,0.));
#9357 = ADVANCED_FACE('',(#9358),#9377,.T.);
#9358 = FACE_BOUND('',#9359,.T.);
#9359 = EDGE_LOOP('',(#9360,#9361,#9369,#9376));
#9360 = ORIENTED_EDGE('',*,*,#9172,.F.);
#9361 = ORIENTED_EDGE('',*,*,#9362,.F.);
#9362 = EDGE_CURVE('',#9363,#9164,#9365,.T.);
#9363 = VERTEX_POINT('',#9364);
#9364 = CARTESIAN_POINT('',(-0.71,-0.41,0.336));
#9365 = LINE('',#9366,#9367);
#9366 = CARTESIAN_POINT('',(-0.71,-0.41,3.E-02));
#9367 = VECTOR('',#9368,1.);
#9368 = DIRECTION('',(0.,0.,1.));
#9369 = ORIENTED_EDGE('',*,*,#9370,.F.);
#9370 = EDGE_CURVE('',#9315,#9363,#9371,.T.);
#9371 = CIRCLE('',#9372,0.1);
#9372 = AXIS2_PLACEMENT_3D('',#9373,#9374,#9375);
#9373 = CARTESIAN_POINT('',(-0.61,-0.41,0.336));
#9374 = DIRECTION('',(-0.,-0.,-1.));
#9375 = DIRECTION('',(0.,-1.,0.));
#9376 = ORIENTED_EDGE('',*,*,#9322,.T.);
#9377 = CYLINDRICAL_SURFACE('',#9378,0.1);
#9378 = AXIS2_PLACEMENT_3D('',#9379,#9380,#9381);
#9379 = CARTESIAN_POINT('',(-0.61,-0.41,3.E-02));
#9380 = DIRECTION('',(0.,0.,1.));
#9381 = DIRECTION('',(0.,-1.,0.));
#9382 = ADVANCED_FACE('',(#9383),#9402,.T.);
#9383 = FACE_BOUND('',#9384,.T.);
#9384 = EDGE_LOOP('',(#9385,#9386,#9387,#9396));
#9385 = ORIENTED_EDGE('',*,*,#9190,.F.);
#9386 = ORIENTED_EDGE('',*,*,#9337,.F.);
#9387 = ORIENTED_EDGE('',*,*,#9388,.F.);
#9388 = EDGE_CURVE('',#9389,#9338,#9391,.T.);
#9389 = VERTEX_POINT('',#9390);
#9390 = CARTESIAN_POINT('',(-0.71,0.41,0.336));
#9391 = CIRCLE('',#9392,0.1);
#9392 = AXIS2_PLACEMENT_3D('',#9393,#9394,#9395);
#9393 = CARTESIAN_POINT('',(-0.61,0.41,0.336));
#9394 = DIRECTION('',(0.,0.,-1.));
#9395 = DIRECTION('',(-1.,0.,0.));
#9396 = ORIENTED_EDGE('',*,*,#9397,.T.);
#9397 = EDGE_CURVE('',#9389,#9191,#9398,.T.);
#9398 = LINE('',#9399,#9400);
#9399 = CARTESIAN_POINT('',(-0.71,0.41,3.E-02));
#9400 = VECTOR('',#9401,1.);
#9401 = DIRECTION('',(0.,0.,1.));
#9402 = CYLINDRICAL_SURFACE('',#9403,0.1);
#9403 = AXIS2_PLACEMENT_3D('',#9404,#9405,#9406);
#9404 = CARTESIAN_POINT('',(-0.61,0.41,3.E-02));
#9405 = DIRECTION('',(0.,0.,1.));
#9406 = DIRECTION('',(-1.,0.,0.));
#9407 = ADVANCED_FACE('',(#9408),#9419,.F.);
#9408 = FACE_BOUND('',#9409,.F.);
#9409 = EDGE_LOOP('',(#9410,#9411,#9417,#9418));
#9410 = ORIENTED_EDGE('',*,*,#9362,.F.);
#9411 = ORIENTED_EDGE('',*,*,#9412,.T.);
#9412 = EDGE_CURVE('',#9363,#9389,#9413,.T.);
#9413 = LINE('',#9414,#9415);
#9414 = CARTESIAN_POINT('',(-0.71,-0.41,0.336));
#9415 = VECTOR('',#9416,1.);
#9416 = DIRECTION('',(0.,1.,0.));
#9417 = ORIENTED_EDGE('',*,*,#9397,.T.);
#9418 = ORIENTED_EDGE('',*,*,#9215,.T.);
#9419 = PLANE('',#9420);
#9420 = AXIS2_PLACEMENT_3D('',#9421,#9422,#9423);
#9421 = CARTESIAN_POINT('',(-0.71,0.51,3.E-02));
#9422 = DIRECTION('',(1.,0.,0.));
#9423 = DIRECTION('',(0.,-1.,0.));
#9424 = ADVANCED_FACE('',(#9425),#9452,.F.);
#9425 = FACE_BOUND('',#9426,.F.);
#9426 = EDGE_LOOP('',(#9427,#9437,#9444,#9445));
#9427 = ORIENTED_EDGE('',*,*,#9428,.T.);
#9428 = EDGE_CURVE('',#9429,#9431,#9433,.T.);
#9429 = VERTEX_POINT('',#9430);
#9430 = CARTESIAN_POINT('',(0.716,0.41,0.33));
#9431 = VERTEX_POINT('',#9432);
#9432 = CARTESIAN_POINT('',(0.716,-0.41,0.33));
#9433 = LINE('',#9434,#9435);
#9434 = CARTESIAN_POINT('',(0.716,0.41,0.33));
#9435 = VECTOR('',#9436,1.);
#9436 = DIRECTION('',(0.,-1.,0.));
#9437 = ORIENTED_EDGE('',*,*,#9438,.T.);
#9438 = EDGE_CURVE('',#9431,#9241,#9439,.T.);
#9439 = CIRCLE('',#9440,6.E-03);
#9440 = AXIS2_PLACEMENT_3D('',#9441,#9442,#9443);
#9441 = CARTESIAN_POINT('',(0.716,-0.41,0.336));
#9442 = DIRECTION('',(0.,1.,0.));
#9443 = DIRECTION('',(0.,0.,-1.));
#9444 = ORIENTED_EDGE('',*,*,#9240,.F.);
#9445 = ORIENTED_EDGE('',*,*,#9446,.F.);
#9446 = EDGE_CURVE('',#9429,#9233,#9447,.T.);
#9447 = CIRCLE('',#9448,6.E-03);
#9448 = AXIS2_PLACEMENT_3D('',#9449,#9450,#9451);
#9449 = CARTESIAN_POINT('',(0.716,0.41,0.336));
#9450 = DIRECTION('',(-6.123233995737E-17,1.,0.));
#9451 = DIRECTION('',(1.,6.123233995737E-17,0.));
#9452 = CYLINDRICAL_SURFACE('',#9453,6.E-03);
#9453 = AXIS2_PLACEMENT_3D('',#9454,#9455,#9456);
#9454 = CARTESIAN_POINT('',(0.716,0.41,0.336));
#9455 = DIRECTION('',(0.,-1.,0.));
#9456 = DIRECTION('',(-0.,-0.,-1.));
#9457 = ADVANCED_FACE('',(#9458),#9478,.F.);
#9458 = FACE_BOUND('',#9459,.F.);
#9459 = EDGE_LOOP('',(#9460,#9461,#9470,#9477));
#9460 = ORIENTED_EDGE('',*,*,#9438,.F.);
#9461 = ORIENTED_EDGE('',*,*,#9462,.T.);
#9462 = EDGE_CURVE('',#9431,#9463,#9465,.T.);
#9463 = VERTEX_POINT('',#9464);
#9464 = CARTESIAN_POINT('',(0.61,-0.516,0.33));
#9465 = CIRCLE('',#9466,0.106);
#9466 = AXIS2_PLACEMENT_3D('',#9467,#9468,#9469);
#9467 = CARTESIAN_POINT('',(0.61,-0.41,0.33));
#9468 = DIRECTION('',(0.,0.,-1.));
#9469 = DIRECTION('',(1.,0.,0.));
#9470 = ORIENTED_EDGE('',*,*,#9471,.T.);
#9471 = EDGE_CURVE('',#9463,#9264,#9472,.T.);
#9472 = CIRCLE('',#9473,6.E-03);
#9473 = AXIS2_PLACEMENT_3D('',#9474,#9475,#9476);
#9474 = CARTESIAN_POINT('',(0.61,-0.516,0.336));
#9475 = DIRECTION('',(1.,-0.,0.));
#9476 = DIRECTION('',(0.,0.,-1.));
#9477 = ORIENTED_EDGE('',*,*,#9271,.F.);
#9478 = TOROIDAL_SURFACE('',#9479,0.106,6.E-03);
#9479 = AXIS2_PLACEMENT_3D('',#9480,#9481,#9482);
#9480 = CARTESIAN_POINT('',(0.61,-0.41,0.336));
#9481 = DIRECTION('',(-0.,-0.,-1.));
#9482 = DIRECTION('',(1.,0.,0.));
#9483 = ADVANCED_FACE('',(#9484),#9504,.F.);
#9484 = FACE_BOUND('',#9485,.F.);
#9485 = EDGE_LOOP('',(#9486,#9495,#9502,#9503));
#9486 = ORIENTED_EDGE('',*,*,#9487,.F.);
#9487 = EDGE_CURVE('',#9488,#9290,#9490,.T.);
#9488 = VERTEX_POINT('',#9489);
#9489 = CARTESIAN_POINT('',(0.61,0.516,0.33));
#9490 = CIRCLE('',#9491,6.E-03);
#9491 = AXIS2_PLACEMENT_3D('',#9492,#9493,#9494);
#9492 = CARTESIAN_POINT('',(0.61,0.516,0.336));
#9493 = DIRECTION('',(-1.,-0.,-0.));
#9494 = DIRECTION('',(0.,0.,-1.));
#9495 = ORIENTED_EDGE('',*,*,#9496,.T.);
#9496 = EDGE_CURVE('',#9488,#9429,#9497,.T.);
#9497 = CIRCLE('',#9498,0.106);
#9498 = AXIS2_PLACEMENT_3D('',#9499,#9500,#9501);
#9499 = CARTESIAN_POINT('',(0.61,0.41,0.33));
#9500 = DIRECTION('',(0.,0.,-1.));
#9501 = DIRECTION('',(0.,1.,0.));
#9502 = ORIENTED_EDGE('',*,*,#9446,.T.);
#9503 = ORIENTED_EDGE('',*,*,#9289,.F.);
#9504 = TOROIDAL_SURFACE('',#9505,0.106,6.E-03);
#9505 = AXIS2_PLACEMENT_3D('',#9506,#9507,#9508);
#9506 = CARTESIAN_POINT('',(0.61,0.41,0.336));
#9507 = DIRECTION('',(-0.,-0.,-1.));
#9508 = DIRECTION('',(0.,1.,-0.));
#9509 = ADVANCED_FACE('',(#9510),#9529,.F.);
#9510 = FACE_BOUND('',#9511,.F.);
#9511 = EDGE_LOOP('',(#9512,#9520,#9527,#9528));
#9512 = ORIENTED_EDGE('',*,*,#9513,.T.);
#9513 = EDGE_CURVE('',#9463,#9514,#9516,.T.);
#9514 = VERTEX_POINT('',#9515);
#9515 = CARTESIAN_POINT('',(-0.61,-0.516,0.33));
#9516 = LINE('',#9517,#9518);
#9517 = CARTESIAN_POINT('',(0.61,-0.516,0.33));
#9518 = VECTOR('',#9519,1.);
#9519 = DIRECTION('',(-1.,0.,0.));
#9520 = ORIENTED_EDGE('',*,*,#9521,.T.);
#9521 = EDGE_CURVE('',#9514,#9315,#9522,.T.);
#9522 = CIRCLE('',#9523,6.E-03);
#9523 = AXIS2_PLACEMENT_3D('',#9524,#9525,#9526);
#9524 = CARTESIAN_POINT('',(-0.61,-0.516,0.336));
#9525 = DIRECTION('',(1.,-0.,0.));
#9526 = DIRECTION('',(0.,0.,-1.));
#9527 = ORIENTED_EDGE('',*,*,#9314,.F.);
#9528 = ORIENTED_EDGE('',*,*,#9471,.F.);
#9529 = CYLINDRICAL_SURFACE('',#9530,6.E-03);
#9530 = AXIS2_PLACEMENT_3D('',#9531,#9532,#9533);
#9531 = CARTESIAN_POINT('',(0.61,-0.516,0.336));
#9532 = DIRECTION('',(-1.,0.,0.));
#9533 = DIRECTION('',(0.,0.,-1.));
#9534 = ADVANCED_FACE('',(#9535),#9554,.F.);
#9535 = FACE_BOUND('',#9536,.F.);
#9536 = EDGE_LOOP('',(#9537,#9545,#9546,#9547));
#9537 = ORIENTED_EDGE('',*,*,#9538,.T.);
#9538 = EDGE_CURVE('',#9539,#9488,#9541,.T.);
#9539 = VERTEX_POINT('',#9540);
#9540 = CARTESIAN_POINT('',(-0.61,0.516,0.33));
#9541 = LINE('',#9542,#9543);
#9542 = CARTESIAN_POINT('',(-0.61,0.516,0.33));
#9543 = VECTOR('',#9544,1.);
#9544 = DIRECTION('',(1.,0.,0.));
#9545 = ORIENTED_EDGE('',*,*,#9487,.T.);
#9546 = ORIENTED_EDGE('',*,*,#9345,.F.);
#9547 = ORIENTED_EDGE('',*,*,#9548,.F.);
#9548 = EDGE_CURVE('',#9539,#9338,#9549,.T.);
#9549 = CIRCLE('',#9550,6.E-03);
#9550 = AXIS2_PLACEMENT_3D('',#9551,#9552,#9553);
#9551 = CARTESIAN_POINT('',(-0.61,0.516,0.336));
#9552 = DIRECTION('',(-1.,-6.123233995737E-17,-0.));
#9553 = DIRECTION('',(-6.123233995737E-17,1.,0.));
#9554 = CYLINDRICAL_SURFACE('',#9555,6.E-03);
#9555 = AXIS2_PLACEMENT_3D('',#9556,#9557,#9558);
#9556 = CARTESIAN_POINT('',(-0.61,0.516,0.336));
#9557 = DIRECTION('',(1.,0.,0.));
#9558 = DIRECTION('',(0.,0.,-1.));
#9559 = ADVANCED_FACE('',(#9560),#9580,.F.);
#9560 = FACE_BOUND('',#9561,.F.);
#9561 = EDGE_LOOP('',(#9562,#9563,#9572,#9579));
#9562 = ORIENTED_EDGE('',*,*,#9521,.F.);
#9563 = ORIENTED_EDGE('',*,*,#9564,.T.);
#9564 = EDGE_CURVE('',#9514,#9565,#9567,.T.);
#9565 = VERTEX_POINT('',#9566);
#9566 = CARTESIAN_POINT('',(-0.716,-0.41,0.33));
#9567 = CIRCLE('',#9568,0.106);
#9568 = AXIS2_PLACEMENT_3D('',#9569,#9570,#9571);
#9569 = CARTESIAN_POINT('',(-0.61,-0.41,0.33));
#9570 = DIRECTION('',(-0.,-0.,-1.));
#9571 = DIRECTION('',(0.,-1.,0.));
#9572 = ORIENTED_EDGE('',*,*,#9573,.T.);
#9573 = EDGE_CURVE('',#9565,#9363,#9574,.T.);
#9574 = CIRCLE('',#9575,6.E-03);
#9575 = AXIS2_PLACEMENT_3D('',#9576,#9577,#9578);
#9576 = CARTESIAN_POINT('',(-0.716,-0.41,0.336));
#9577 = DIRECTION('',(6.123233995737E-17,-1.,0.));
#9578 = DIRECTION('',(-1.,-6.123233995737E-17,0.));
#9579 = ORIENTED_EDGE('',*,*,#9370,.F.);
#9580 = TOROIDAL_SURFACE('',#9581,0.106,6.E-03);
#9581 = AXIS2_PLACEMENT_3D('',#9582,#9583,#9584);
#9582 = CARTESIAN_POINT('',(-0.61,-0.41,0.336));
#9583 = DIRECTION('',(-0.,-0.,-1.));
#9584 = DIRECTION('',(0.,-1.,0.));
#9585 = ADVANCED_FACE('',(#9586),#9606,.F.);
#9586 = FACE_BOUND('',#9587,.F.);
#9587 = EDGE_LOOP('',(#9588,#9597,#9604,#9605));
#9588 = ORIENTED_EDGE('',*,*,#9589,.F.);
#9589 = EDGE_CURVE('',#9590,#9389,#9592,.T.);
#9590 = VERTEX_POINT('',#9591);
#9591 = CARTESIAN_POINT('',(-0.716,0.41,0.33));
#9592 = CIRCLE('',#9593,6.E-03);
#9593 = AXIS2_PLACEMENT_3D('',#9594,#9595,#9596);
#9594 = CARTESIAN_POINT('',(-0.716,0.41,0.336));
#9595 = DIRECTION('',(0.,-1.,0.));
#9596 = DIRECTION('',(0.,0.,-1.));
#9597 = ORIENTED_EDGE('',*,*,#9598,.T.);
#9598 = EDGE_CURVE('',#9590,#9539,#9599,.T.);
#9599 = CIRCLE('',#9600,0.106);
#9600 = AXIS2_PLACEMENT_3D('',#9601,#9602,#9603);
#9601 = CARTESIAN_POINT('',(-0.61,0.41,0.33));
#9602 = DIRECTION('',(0.,0.,-1.));
#9603 = DIRECTION('',(-1.,0.,0.));
#9604 = ORIENTED_EDGE('',*,*,#9548,.T.);
#9605 = ORIENTED_EDGE('',*,*,#9388,.F.);
#9606 = TOROIDAL_SURFACE('',#9607,0.106,6.E-03);
#9607 = AXIS2_PLACEMENT_3D('',#9608,#9609,#9610);
#9608 = CARTESIAN_POINT('',(-0.61,0.41,0.336));
#9609 = DIRECTION('',(-0.,-0.,-1.));
#9610 = DIRECTION('',(-1.,0.,0.));
#9611 = ADVANCED_FACE('',(#9612),#9623,.F.);
#9612 = FACE_BOUND('',#9613,.F.);
#9613 = EDGE_LOOP('',(#9614,#9620,#9621,#9622));
#9614 = ORIENTED_EDGE('',*,*,#9615,.T.);
#9615 = EDGE_CURVE('',#9565,#9590,#9616,.T.);
#9616 = LINE('',#9617,#9618);
#9617 = CARTESIAN_POINT('',(-0.716,-0.41,0.33));
#9618 = VECTOR('',#9619,1.);
#9619 = DIRECTION('',(0.,1.,0.));
#9620 = ORIENTED_EDGE('',*,*,#9589,.T.);
#9621 = ORIENTED_EDGE('',*,*,#9412,.F.);
#9622 = ORIENTED_EDGE('',*,*,#9573,.F.);
#9623 = CYLINDRICAL_SURFACE('',#9624,6.E-03);
#9624 = AXIS2_PLACEMENT_3D('',#9625,#9626,#9627);
#9625 = CARTESIAN_POINT('',(-0.716,-0.41,0.336));
#9626 = DIRECTION('',(0.,1.,0.));
#9627 = DIRECTION('',(0.,0.,-1.));
#9628 = ADVANCED_FACE('',(#9629,#9699),#9709,.T.);
#9629 = FACE_BOUND('',#9630,.T.);
#9630 = EDGE_LOOP('',(#9631,#9641,#9650,#9658,#9667,#9675,#9684,#9692));
#9631 = ORIENTED_EDGE('',*,*,#9632,.T.);
#9632 = EDGE_CURVE('',#9633,#9635,#9637,.T.);
#9633 = VERTEX_POINT('',#9634);
#9634 = CARTESIAN_POINT('',(0.64,0.534,0.33));
#9635 = VERTEX_POINT('',#9636);
#9636 = CARTESIAN_POINT('',(-0.64,0.534,0.33));
#9637 = LINE('',#9638,#9639);
#9638 = CARTESIAN_POINT('',(0.64,0.534,0.33));
#9639 = VECTOR('',#9640,1.);
#9640 = DIRECTION('',(-1.,0.,0.));
#9641 = ORIENTED_EDGE('',*,*,#9642,.T.);
#9642 = EDGE_CURVE('',#9635,#9643,#9645,.T.);
#9643 = VERTEX_POINT('',#9644);
#9644 = CARTESIAN_POINT('',(-0.734,0.44,0.33));
#9645 = CIRCLE('',#9646,9.4E-02);
#9646 = AXIS2_PLACEMENT_3D('',#9647,#9648,#9649);
#9647 = CARTESIAN_POINT('',(-0.64,0.44,0.33));
#9648 = DIRECTION('',(0.,-0.,1.));
#9649 = DIRECTION('',(0.,1.,0.));
#9650 = ORIENTED_EDGE('',*,*,#9651,.T.);
#9651 = EDGE_CURVE('',#9643,#9652,#9654,.T.);
#9652 = VERTEX_POINT('',#9653);
#9653 = CARTESIAN_POINT('',(-0.734,-0.44,0.33));
#9654 = LINE('',#9655,#9656);
#9655 = CARTESIAN_POINT('',(-0.734,0.44,0.33));
#9656 = VECTOR('',#9657,1.);
#9657 = DIRECTION('',(0.,-1.,0.));
#9658 = ORIENTED_EDGE('',*,*,#9659,.T.);
#9659 = EDGE_CURVE('',#9652,#9660,#9662,.T.);
#9660 = VERTEX_POINT('',#9661);
#9661 = CARTESIAN_POINT('',(-0.64,-0.534,0.33));
#9662 = CIRCLE('',#9663,9.4E-02);
#9663 = AXIS2_PLACEMENT_3D('',#9664,#9665,#9666);
#9664 = CARTESIAN_POINT('',(-0.64,-0.44,0.33));
#9665 = DIRECTION('',(0.,0.,1.));
#9666 = DIRECTION('',(-1.,0.,0.));
#9667 = ORIENTED_EDGE('',*,*,#9668,.T.);
#9668 = EDGE_CURVE('',#9660,#9669,#9671,.T.);
#9669 = VERTEX_POINT('',#9670);
#9670 = CARTESIAN_POINT('',(0.64,-0.534,0.33));
#9671 = LINE('',#9672,#9673);
#9672 = CARTESIAN_POINT('',(-0.64,-0.534,0.33));
#9673 = VECTOR('',#9674,1.);
#9674 = DIRECTION('',(1.,0.,0.));
#9675 = ORIENTED_EDGE('',*,*,#9676,.T.);
#9676 = EDGE_CURVE('',#9669,#9677,#9679,.T.);
#9677 = VERTEX_POINT('',#9678);
#9678 = CARTESIAN_POINT('',(0.734,-0.44,0.33));
#9679 = CIRCLE('',#9680,9.4E-02);
#9680 = AXIS2_PLACEMENT_3D('',#9681,#9682,#9683);
#9681 = CARTESIAN_POINT('',(0.64,-0.44,0.33));
#9682 = DIRECTION('',(-0.,0.,1.));
#9683 = DIRECTION('',(0.,-1.,0.));
#9684 = ORIENTED_EDGE('',*,*,#9685,.T.);
#9685 = EDGE_CURVE('',#9677,#9686,#9688,.T.);
#9686 = VERTEX_POINT('',#9687);
#9687 = CARTESIAN_POINT('',(0.734,0.44,0.33));
#9688 = LINE('',#9689,#9690);
#9689 = CARTESIAN_POINT('',(0.734,-0.44,0.33));
#9690 = VECTOR('',#9691,1.);
#9691 = DIRECTION('',(0.,1.,0.));
#9692 = ORIENTED_EDGE('',*,*,#9693,.T.);
#9693 = EDGE_CURVE('',#9686,#9633,#9694,.T.);
#9694 = CIRCLE('',#9695,9.4E-02);
#9695 = AXIS2_PLACEMENT_3D('',#9696,#9697,#9698);
#9696 = CARTESIAN_POINT('',(0.64,0.44,0.33));
#9697 = DIRECTION('',(0.,0.,1.));
#9698 = DIRECTION('',(1.,0.,-0.));
#9699 = FACE_BOUND('',#9700,.T.);
#9700 = EDGE_LOOP('',(#9701,#9702,#9703,#9704,#9705,#9706,#9707,#9708));
#9701 = ORIENTED_EDGE('',*,*,#9513,.T.);
#9702 = ORIENTED_EDGE('',*,*,#9564,.T.);
#9703 = ORIENTED_EDGE('',*,*,#9615,.T.);
#9704 = ORIENTED_EDGE('',*,*,#9598,.T.);
#9705 = ORIENTED_EDGE('',*,*,#9538,.T.);
#9706 = ORIENTED_EDGE('',*,*,#9496,.T.);
#9707 = ORIENTED_EDGE('',*,*,#9428,.T.);
#9708 = ORIENTED_EDGE('',*,*,#9462,.T.);
#9709 = PLANE('',#9710);
#9710 = AXIS2_PLACEMENT_3D('',#9711,#9712,#9713);
#9711 = CARTESIAN_POINT('',(2.168404344971E-17,0.,0.33));
#9712 = DIRECTION('',(0.,0.,1.));
#9713 = DIRECTION('',(1.,0.,-0.));
#9714 = ADVANCED_FACE('',(#9715),#9742,.T.);
#9715 = FACE_BOUND('',#9716,.T.);
#9716 = EDGE_LOOP('',(#9717,#9727,#9734,#9735));
#9717 = ORIENTED_EDGE('',*,*,#9718,.T.);
#9718 = EDGE_CURVE('',#9719,#9721,#9723,.T.);
#9719 = VERTEX_POINT('',#9720);
#9720 = CARTESIAN_POINT('',(0.64,0.54,0.324));
#9721 = VERTEX_POINT('',#9722);
#9722 = CARTESIAN_POINT('',(-0.64,0.54,0.324));
#9723 = LINE('',#9724,#9725);
#9724 = CARTESIAN_POINT('',(0.64,0.54,0.324));
#9725 = VECTOR('',#9726,1.);
#9726 = DIRECTION('',(-1.,0.,0.));
#9727 = ORIENTED_EDGE('',*,*,#9728,.T.);
#9728 = EDGE_CURVE('',#9721,#9635,#9729,.T.);
#9729 = CIRCLE('',#9730,6.E-03);
#9730 = AXIS2_PLACEMENT_3D('',#9731,#9732,#9733);
#9731 = CARTESIAN_POINT('',(-0.64,0.534,0.324));
#9732 = DIRECTION('',(1.,0.,0.));
#9733 = DIRECTION('',(-0.,1.,0.));
#9734 = ORIENTED_EDGE('',*,*,#9632,.F.);
#9735 = ORIENTED_EDGE('',*,*,#9736,.F.);
#9736 = EDGE_CURVE('',#9719,#9633,#9737,.T.);
#9737 = CIRCLE('',#9738,6.E-03);
#9738 = AXIS2_PLACEMENT_3D('',#9739,#9740,#9741);
#9739 = CARTESIAN_POINT('',(0.64,0.534,0.324));
#9740 = DIRECTION('',(1.,0.,0.));
#9741 = DIRECTION('',(-0.,1.,0.));
#9742 = CYLINDRICAL_SURFACE('',#9743,6.E-03);
#9743 = AXIS2_PLACEMENT_3D('',#9744,#9745,#9746);
#9744 = CARTESIAN_POINT('',(0.64,0.534,0.324));
#9745 = DIRECTION('',(-1.,0.,0.));
#9746 = DIRECTION('',(0.,1.,0.));
#9747 = ADVANCED_FACE('',(#9748),#9768,.T.);
#9748 = FACE_BOUND('',#9749,.T.);
#9749 = EDGE_LOOP('',(#9750,#9759,#9766,#9767));
#9750 = ORIENTED_EDGE('',*,*,#9751,.F.);
#9751 = EDGE_CURVE('',#9752,#9686,#9754,.T.);
#9752 = VERTEX_POINT('',#9753);
#9753 = CARTESIAN_POINT('',(0.74,0.44,0.324));
#9754 = CIRCLE('',#9755,6.E-03);
#9755 = AXIS2_PLACEMENT_3D('',#9756,#9757,#9758);
#9756 = CARTESIAN_POINT('',(0.734,0.44,0.324));
#9757 = DIRECTION('',(0.,-1.,0.));
#9758 = DIRECTION('',(1.,0.,0.));
#9759 = ORIENTED_EDGE('',*,*,#9760,.T.);
#9760 = EDGE_CURVE('',#9752,#9719,#9761,.T.);
#9761 = CIRCLE('',#9762,0.1);
#9762 = AXIS2_PLACEMENT_3D('',#9763,#9764,#9765);
#9763 = CARTESIAN_POINT('',(0.64,0.44,0.324));
#9764 = DIRECTION('',(0.,0.,1.));
#9765 = DIRECTION('',(1.,0.,-0.));
#9766 = ORIENTED_EDGE('',*,*,#9736,.T.);
#9767 = ORIENTED_EDGE('',*,*,#9693,.F.);
#9768 = TOROIDAL_SURFACE('',#9769,9.4E-02,6.E-03);
#9769 = AXIS2_PLACEMENT_3D('',#9770,#9771,#9772);
#9770 = CARTESIAN_POINT('',(0.64,0.44,0.324));
#9771 = DIRECTION('',(0.,0.,1.));
#9772 = DIRECTION('',(1.,0.,-0.));
#9773 = ADVANCED_FACE('',(#9774),#9794,.T.);
#9774 = FACE_BOUND('',#9775,.T.);
#9775 = EDGE_LOOP('',(#9776,#9777,#9786,#9793));
#9776 = ORIENTED_EDGE('',*,*,#9728,.F.);
#9777 = ORIENTED_EDGE('',*,*,#9778,.T.);
#9778 = EDGE_CURVE('',#9721,#9779,#9781,.T.);
#9779 = VERTEX_POINT('',#9780);
#9780 = CARTESIAN_POINT('',(-0.74,0.44,0.324));
#9781 = CIRCLE('',#9782,0.1);
#9782 = AXIS2_PLACEMENT_3D('',#9783,#9784,#9785);
#9783 = CARTESIAN_POINT('',(-0.64,0.44,0.324));
#9784 = DIRECTION('',(0.,-0.,1.));
#9785 = DIRECTION('',(0.,1.,0.));
#9786 = ORIENTED_EDGE('',*,*,#9787,.T.);
#9787 = EDGE_CURVE('',#9779,#9643,#9788,.T.);
#9788 = CIRCLE('',#9789,6.E-03);
#9789 = AXIS2_PLACEMENT_3D('',#9790,#9791,#9792);
#9790 = CARTESIAN_POINT('',(-0.734,0.44,0.324));
#9791 = DIRECTION('',(6.123233995737E-17,1.,-0.));
#9792 = DIRECTION('',(-1.,6.123233995737E-17,0.));
#9793 = ORIENTED_EDGE('',*,*,#9642,.F.);
#9794 = TOROIDAL_SURFACE('',#9795,9.4E-02,6.E-03);
#9795 = AXIS2_PLACEMENT_3D('',#9796,#9797,#9798);
#9796 = CARTESIAN_POINT('',(-0.64,0.44,0.324));
#9797 = DIRECTION('',(0.,0.,1.));
#9798 = DIRECTION('',(0.,1.,0.));
#9799 = ADVANCED_FACE('',(#9800),#9819,.T.);
#9800 = FACE_BOUND('',#9801,.T.);
#9801 = EDGE_LOOP('',(#9802,#9810,#9811,#9812));
#9802 = ORIENTED_EDGE('',*,*,#9803,.T.);
#9803 = EDGE_CURVE('',#9804,#9752,#9806,.T.);
#9804 = VERTEX_POINT('',#9805);
#9805 = CARTESIAN_POINT('',(0.74,-0.44,0.324));
#9806 = LINE('',#9807,#9808);
#9807 = CARTESIAN_POINT('',(0.74,-0.44,0.324));
#9808 = VECTOR('',#9809,1.);
#9809 = DIRECTION('',(0.,1.,0.));
#9810 = ORIENTED_EDGE('',*,*,#9751,.T.);
#9811 = ORIENTED_EDGE('',*,*,#9685,.F.);
#9812 = ORIENTED_EDGE('',*,*,#9813,.F.);
#9813 = EDGE_CURVE('',#9804,#9677,#9814,.T.);
#9814 = CIRCLE('',#9815,6.E-03);
#9815 = AXIS2_PLACEMENT_3D('',#9816,#9817,#9818);
#9816 = CARTESIAN_POINT('',(0.734,-0.44,0.324));
#9817 = DIRECTION('',(-6.123233995737E-17,-1.,0.));
#9818 = DIRECTION('',(1.,-6.123233995737E-17,0.));
#9819 = CYLINDRICAL_SURFACE('',#9820,6.E-03);
#9820 = AXIS2_PLACEMENT_3D('',#9821,#9822,#9823);
#9821 = CARTESIAN_POINT('',(0.734,-0.44,0.324));
#9822 = DIRECTION('',(0.,1.,0.));
#9823 = DIRECTION('',(1.,0.,0.));
#9824 = ADVANCED_FACE('',(#9825),#9844,.T.);
#9825 = FACE_BOUND('',#9826,.T.);
#9826 = EDGE_LOOP('',(#9827,#9835,#9842,#9843));
#9827 = ORIENTED_EDGE('',*,*,#9828,.T.);
#9828 = EDGE_CURVE('',#9779,#9829,#9831,.T.);
#9829 = VERTEX_POINT('',#9830);
#9830 = CARTESIAN_POINT('',(-0.74,-0.44,0.324));
#9831 = LINE('',#9832,#9833);
#9832 = CARTESIAN_POINT('',(-0.74,0.44,0.324));
#9833 = VECTOR('',#9834,1.);
#9834 = DIRECTION('',(0.,-1.,0.));
#9835 = ORIENTED_EDGE('',*,*,#9836,.T.);
#9836 = EDGE_CURVE('',#9829,#9652,#9837,.T.);
#9837 = CIRCLE('',#9838,6.E-03);
#9838 = AXIS2_PLACEMENT_3D('',#9839,#9840,#9841);
#9839 = CARTESIAN_POINT('',(-0.734,-0.44,0.324));
#9840 = DIRECTION('',(0.,1.,-0.));
#9841 = DIRECTION('',(-1.,0.,0.));
#9842 = ORIENTED_EDGE('',*,*,#9651,.F.);
#9843 = ORIENTED_EDGE('',*,*,#9787,.F.);
#9844 = CYLINDRICAL_SURFACE('',#9845,6.E-03);
#9845 = AXIS2_PLACEMENT_3D('',#9846,#9847,#9848);
#9846 = CARTESIAN_POINT('',(-0.734,0.44,0.324));
#9847 = DIRECTION('',(0.,-1.,0.));
#9848 = DIRECTION('',(-1.,0.,0.));
#9849 = ADVANCED_FACE('',(#9850),#9870,.T.);
#9850 = FACE_BOUND('',#9851,.T.);
#9851 = EDGE_LOOP('',(#9852,#9861,#9868,#9869));
#9852 = ORIENTED_EDGE('',*,*,#9853,.F.);
#9853 = EDGE_CURVE('',#9854,#9669,#9856,.T.);
#9854 = VERTEX_POINT('',#9855);
#9855 = CARTESIAN_POINT('',(0.64,-0.54,0.324));
#9856 = CIRCLE('',#9857,6.E-03);
#9857 = AXIS2_PLACEMENT_3D('',#9858,#9859,#9860);
#9858 = CARTESIAN_POINT('',(0.64,-0.534,0.324));
#9859 = DIRECTION('',(-1.,0.,0.));
#9860 = DIRECTION('',(0.,-1.,0.));
#9861 = ORIENTED_EDGE('',*,*,#9862,.T.);
#9862 = EDGE_CURVE('',#9854,#9804,#9863,.T.);
#9863 = CIRCLE('',#9864,0.1);
#9864 = AXIS2_PLACEMENT_3D('',#9865,#9866,#9867);
#9865 = CARTESIAN_POINT('',(0.64,-0.44,0.324));
#9866 = DIRECTION('',(-0.,0.,1.));
#9867 = DIRECTION('',(0.,-1.,0.));
#9868 = ORIENTED_EDGE('',*,*,#9813,.T.);
#9869 = ORIENTED_EDGE('',*,*,#9676,.F.);
#9870 = TOROIDAL_SURFACE('',#9871,9.4E-02,6.E-03);
#9871 = AXIS2_PLACEMENT_3D('',#9872,#9873,#9874);
#9872 = CARTESIAN_POINT('',(0.64,-0.44,0.324));
#9873 = DIRECTION('',(0.,0.,1.));
#9874 = DIRECTION('',(0.,-1.,0.));
#9875 = ADVANCED_FACE('',(#9876),#9896,.T.);
#9876 = FACE_BOUND('',#9877,.T.);
#9877 = EDGE_LOOP('',(#9878,#9879,#9888,#9895));
#9878 = ORIENTED_EDGE('',*,*,#9836,.F.);
#9879 = ORIENTED_EDGE('',*,*,#9880,.T.);
#9880 = EDGE_CURVE('',#9829,#9881,#9883,.T.);
#9881 = VERTEX_POINT('',#9882);
#9882 = CARTESIAN_POINT('',(-0.64,-0.54,0.324));
#9883 = CIRCLE('',#9884,0.1);
#9884 = AXIS2_PLACEMENT_3D('',#9885,#9886,#9887);
#9885 = CARTESIAN_POINT('',(-0.64,-0.44,0.324));
#9886 = DIRECTION('',(0.,0.,1.));
#9887 = DIRECTION('',(-1.,0.,0.));
#9888 = ORIENTED_EDGE('',*,*,#9889,.T.);
#9889 = EDGE_CURVE('',#9881,#9660,#9890,.T.);
#9890 = CIRCLE('',#9891,6.E-03);
#9891 = AXIS2_PLACEMENT_3D('',#9892,#9893,#9894);
#9892 = CARTESIAN_POINT('',(-0.64,-0.534,0.324));
#9893 = DIRECTION('',(-1.,6.123233995737E-17,0.));
#9894 = DIRECTION('',(-6.123233995737E-17,-1.,0.));
#9895 = ORIENTED_EDGE('',*,*,#9659,.F.);
#9896 = TOROIDAL_SURFACE('',#9897,9.4E-02,6.E-03);
#9897 = AXIS2_PLACEMENT_3D('',#9898,#9899,#9900);
#9898 = CARTESIAN_POINT('',(-0.64,-0.44,0.324));
#9899 = DIRECTION('',(0.,0.,1.));
#9900 = DIRECTION('',(-1.,0.,0.));
#9901 = ADVANCED_FACE('',(#9902),#9913,.T.);
#9902 = FACE_BOUND('',#9903,.T.);
#9903 = EDGE_LOOP('',(#9904,#9910,#9911,#9912));
#9904 = ORIENTED_EDGE('',*,*,#9905,.T.);
#9905 = EDGE_CURVE('',#9881,#9854,#9906,.T.);
#9906 = LINE('',#9907,#9908);
#9907 = CARTESIAN_POINT('',(-0.64,-0.54,0.324));
#9908 = VECTOR('',#9909,1.);
#9909 = DIRECTION('',(1.,0.,0.));
#9910 = ORIENTED_EDGE('',*,*,#9853,.T.);
#9911 = ORIENTED_EDGE('',*,*,#9668,.F.);
#9912 = ORIENTED_EDGE('',*,*,#9889,.F.);
#9913 = CYLINDRICAL_SURFACE('',#9914,6.E-03);
#9914 = AXIS2_PLACEMENT_3D('',#9915,#9916,#9917);
#9915 = CARTESIAN_POINT('',(-0.64,-0.534,0.324));
#9916 = DIRECTION('',(1.,0.,0.));
#9917 = DIRECTION('',(0.,-1.,0.));
#9918 = ADVANCED_FACE('',(#9919),#9944,.F.);
#9919 = FACE_BOUND('',#9920,.F.);
#9920 = EDGE_LOOP('',(#9921,#9929,#9937,#9943));
#9921 = ORIENTED_EDGE('',*,*,#9922,.F.);
#9922 = EDGE_CURVE('',#9923,#9721,#9925,.T.);
#9923 = VERTEX_POINT('',#9924);
#9924 = CARTESIAN_POINT('',(-0.64,0.54,0.238));
#9925 = LINE('',#9926,#9927);
#9926 = CARTESIAN_POINT('',(-0.64,0.54,3.E-02));
#9927 = VECTOR('',#9928,1.);
#9928 = DIRECTION('',(0.,0.,1.));
#9929 = ORIENTED_EDGE('',*,*,#9930,.T.);
#9930 = EDGE_CURVE('',#9923,#9931,#9933,.T.);
#9931 = VERTEX_POINT('',#9932);
#9932 = CARTESIAN_POINT('',(0.64,0.54,0.238));
#9933 = LINE('',#9934,#9935);
#9934 = CARTESIAN_POINT('',(-0.64,0.54,0.238));
#9935 = VECTOR('',#9936,1.);
#9936 = DIRECTION('',(1.,0.,0.));
#9937 = ORIENTED_EDGE('',*,*,#9938,.T.);
#9938 = EDGE_CURVE('',#9931,#9719,#9939,.T.);
#9939 = LINE('',#9940,#9941);
#9940 = CARTESIAN_POINT('',(0.64,0.54,3.E-02));
#9941 = VECTOR('',#9942,1.);
#9942 = DIRECTION('',(0.,0.,1.));
#9943 = ORIENTED_EDGE('',*,*,#9718,.T.);
#9944 = PLANE('',#9945);
#9945 = AXIS2_PLACEMENT_3D('',#9946,#9947,#9948);
#9946 = CARTESIAN_POINT('',(0.74,0.54,3.E-02));
#9947 = DIRECTION('',(0.,-1.,0.));
#9948 = DIRECTION('',(-1.,0.,0.));
#9949 = ADVANCED_FACE('',(#9950),#9969,.T.);
#9950 = FACE_BOUND('',#9951,.T.);
#9951 = EDGE_LOOP('',(#9952,#9960,#9967,#9968));
#9952 = ORIENTED_EDGE('',*,*,#9953,.F.);
#9953 = EDGE_CURVE('',#9954,#9752,#9956,.T.);
#9954 = VERTEX_POINT('',#9955);
#9955 = CARTESIAN_POINT('',(0.74,0.44,0.238));
#9956 = LINE('',#9957,#9958);
#9957 = CARTESIAN_POINT('',(0.74,0.44,3.E-02));
#9958 = VECTOR('',#9959,1.);
#9959 = DIRECTION('',(0.,0.,1.));
#9960 = ORIENTED_EDGE('',*,*,#9961,.F.);
#9961 = EDGE_CURVE('',#9931,#9954,#9962,.T.);
#9962 = CIRCLE('',#9963,0.1);
#9963 = AXIS2_PLACEMENT_3D('',#9964,#9965,#9966);
#9964 = CARTESIAN_POINT('',(0.64,0.44,0.238));
#9965 = DIRECTION('',(0.,0.,-1.));
#9966 = DIRECTION('',(0.,1.,0.));
#9967 = ORIENTED_EDGE('',*,*,#9938,.T.);
#9968 = ORIENTED_EDGE('',*,*,#9760,.F.);
#9969 = CYLINDRICAL_SURFACE('',#9970,0.1);
#9970 = AXIS2_PLACEMENT_3D('',#9971,#9972,#9973);
#9971 = CARTESIAN_POINT('',(0.64,0.44,3.E-02));
#9972 = DIRECTION('',(0.,0.,1.));
#9973 = DIRECTION('',(1.,0.,-0.));
#9974 = ADVANCED_FACE('',(#9975),#9994,.T.);
#9975 = FACE_BOUND('',#9976,.T.);
#9976 = EDGE_LOOP('',(#9977,#9978,#9979,#9988));
#9977 = ORIENTED_EDGE('',*,*,#9778,.F.);
#9978 = ORIENTED_EDGE('',*,*,#9922,.F.);
#9979 = ORIENTED_EDGE('',*,*,#9980,.F.);
#9980 = EDGE_CURVE('',#9981,#9923,#9983,.T.);
#9981 = VERTEX_POINT('',#9982);
#9982 = CARTESIAN_POINT('',(-0.74,0.44,0.238));
#9983 = CIRCLE('',#9984,0.1);
#9984 = AXIS2_PLACEMENT_3D('',#9985,#9986,#9987);
#9985 = CARTESIAN_POINT('',(-0.64,0.44,0.238));
#9986 = DIRECTION('',(0.,0.,-1.));
#9987 = DIRECTION('',(-1.,0.,0.));
#9988 = ORIENTED_EDGE('',*,*,#9989,.T.);
#9989 = EDGE_CURVE('',#9981,#9779,#9990,.T.);
#9990 = LINE('',#9991,#9992);
#9991 = CARTESIAN_POINT('',(-0.74,0.44,3.E-02));
#9992 = VECTOR('',#9993,1.);
#9993 = DIRECTION('',(0.,0.,1.));
#9994 = CYLINDRICAL_SURFACE('',#9995,0.1);
#9995 = AXIS2_PLACEMENT_3D('',#9996,#9997,#9998);
#9996 = CARTESIAN_POINT('',(-0.64,0.44,3.E-02));
#9997 = DIRECTION('',(0.,0.,1.));
#9998 = DIRECTION('',(-1.,0.,0.));
#9999 = ADVANCED_FACE('',(#10000),#10018,.F.);
#10000 = FACE_BOUND('',#10001,.F.);
#10001 = EDGE_LOOP('',(#10002,#10003,#10011,#10017));
#10002 = ORIENTED_EDGE('',*,*,#9953,.F.);
#10003 = ORIENTED_EDGE('',*,*,#10004,.T.);
#10004 = EDGE_CURVE('',#9954,#10005,#10007,.T.);
#10005 = VERTEX_POINT('',#10006);
#10006 = CARTESIAN_POINT('',(0.74,-0.44,0.238));
#10007 = LINE('',#10008,#10009);
#10008 = CARTESIAN_POINT('',(0.74,0.44,0.238));
#10009 = VECTOR('',#10010,1.);
#10010 = DIRECTION('',(0.,-1.,0.));
#10011 = ORIENTED_EDGE('',*,*,#10012,.T.);
#10012 = EDGE_CURVE('',#10005,#9804,#10013,.T.);
#10013 = LINE('',#10014,#10015);
#10014 = CARTESIAN_POINT('',(0.74,-0.44,3.E-02));
#10015 = VECTOR('',#10016,1.);
#10016 = DIRECTION('',(0.,0.,1.));
#10017 = ORIENTED_EDGE('',*,*,#9803,.T.);
#10018 = PLANE('',#10019);
#10019 = AXIS2_PLACEMENT_3D('',#10020,#10021,#10022);
#10020 = CARTESIAN_POINT('',(0.74,-0.54,3.E-02));
#10021 = DIRECTION('',(-1.,0.,0.));
#10022 = DIRECTION('',(0.,1.,0.));
#10023 = ADVANCED_FACE('',(#10024),#10042,.F.);
#10024 = FACE_BOUND('',#10025,.F.);
#10025 = EDGE_LOOP('',(#10026,#10034,#10040,#10041));
#10026 = ORIENTED_EDGE('',*,*,#10027,.F.);
#10027 = EDGE_CURVE('',#10028,#9829,#10030,.T.);
#10028 = VERTEX_POINT('',#10029);
#10029 = CARTESIAN_POINT('',(-0.74,-0.44,0.238));
#10030 = LINE('',#10031,#10032);
#10031 = CARTESIAN_POINT('',(-0.74,-0.44,3.E-02));
#10032 = VECTOR('',#10033,1.);
#10033 = DIRECTION('',(0.,0.,1.));
#10034 = ORIENTED_EDGE('',*,*,#10035,.T.);
#10035 = EDGE_CURVE('',#10028,#9981,#10036,.T.);
#10036 = LINE('',#10037,#10038);
#10037 = CARTESIAN_POINT('',(-0.74,-0.44,0.238));
#10038 = VECTOR('',#10039,1.);
#10039 = DIRECTION('',(0.,1.,0.));
#10040 = ORIENTED_EDGE('',*,*,#9989,.T.);
#10041 = ORIENTED_EDGE('',*,*,#9828,.T.);
#10042 = PLANE('',#10043);
#10043 = AXIS2_PLACEMENT_3D('',#10044,#10045,#10046);
#10044 = CARTESIAN_POINT('',(-0.74,0.54,3.E-02));
#10045 = DIRECTION('',(1.,0.,0.));
#10046 = DIRECTION('',(0.,-1.,0.));
#10047 = ADVANCED_FACE('',(#10048),#10067,.T.);
#10048 = FACE_BOUND('',#10049,.T.);
#10049 = EDGE_LOOP('',(#10050,#10058,#10065,#10066));
#10050 = ORIENTED_EDGE('',*,*,#10051,.F.);
#10051 = EDGE_CURVE('',#10052,#9854,#10054,.T.);
#10052 = VERTEX_POINT('',#10053);
#10053 = CARTESIAN_POINT('',(0.64,-0.54,0.238));
#10054 = LINE('',#10055,#10056);
#10055 = CARTESIAN_POINT('',(0.64,-0.54,3.E-02));
#10056 = VECTOR('',#10057,1.);
#10057 = DIRECTION('',(0.,0.,1.));
#10058 = ORIENTED_EDGE('',*,*,#10059,.F.);
#10059 = EDGE_CURVE('',#10005,#10052,#10060,.T.);
#10060 = CIRCLE('',#10061,0.1);
#10061 = AXIS2_PLACEMENT_3D('',#10062,#10063,#10064);
#10062 = CARTESIAN_POINT('',(0.64,-0.44,0.238));
#10063 = DIRECTION('',(0.,0.,-1.));
#10064 = DIRECTION('',(1.,0.,0.));
#10065 = ORIENTED_EDGE('',*,*,#10012,.T.);
#10066 = ORIENTED_EDGE('',*,*,#9862,.F.);
#10067 = CYLINDRICAL_SURFACE('',#10068,0.1);
#10068 = AXIS2_PLACEMENT_3D('',#10069,#10070,#10071);
#10069 = CARTESIAN_POINT('',(0.64,-0.44,3.E-02));
#10070 = DIRECTION('',(0.,0.,1.));
#10071 = DIRECTION('',(0.,-1.,0.));
#10072 = ADVANCED_FACE('',(#10073),#10092,.T.);
#10073 = FACE_BOUND('',#10074,.T.);
#10074 = EDGE_LOOP('',(#10075,#10076,#10077,#10086));
#10075 = ORIENTED_EDGE('',*,*,#9880,.F.);
#10076 = ORIENTED_EDGE('',*,*,#10027,.F.);
#10077 = ORIENTED_EDGE('',*,*,#10078,.F.);
#10078 = EDGE_CURVE('',#10079,#10028,#10081,.T.);
#10079 = VERTEX_POINT('',#10080);
#10080 = CARTESIAN_POINT('',(-0.64,-0.54,0.238));
#10081 = CIRCLE('',#10082,0.1);
#10082 = AXIS2_PLACEMENT_3D('',#10083,#10084,#10085);
#10083 = CARTESIAN_POINT('',(-0.64,-0.44,0.238));
#10084 = DIRECTION('',(-0.,-0.,-1.));
#10085 = DIRECTION('',(0.,-1.,0.));
#10086 = ORIENTED_EDGE('',*,*,#10087,.T.);
#10087 = EDGE_CURVE('',#10079,#9881,#10088,.T.);
#10088 = LINE('',#10089,#10090);
#10089 = CARTESIAN_POINT('',(-0.64,-0.54,3.E-02));
#10090 = VECTOR('',#10091,1.);
#10091 = DIRECTION('',(0.,0.,1.));
#10092 = CYLINDRICAL_SURFACE('',#10093,0.1);
#10093 = AXIS2_PLACEMENT_3D('',#10094,#10095,#10096);
#10094 = CARTESIAN_POINT('',(-0.64,-0.44,3.E-02));
#10095 = DIRECTION('',(0.,0.,1.));
#10096 = DIRECTION('',(0.,-1.,0.));
#10097 = ADVANCED_FACE('',(#10098),#10109,.F.);
#10098 = FACE_BOUND('',#10099,.F.);
#10099 = EDGE_LOOP('',(#10100,#10101,#10107,#10108));
#10100 = ORIENTED_EDGE('',*,*,#10051,.F.);
#10101 = ORIENTED_EDGE('',*,*,#10102,.T.);
#10102 = EDGE_CURVE('',#10052,#10079,#10103,.T.);
#10103 = LINE('',#10104,#10105);
#10104 = CARTESIAN_POINT('',(0.64,-0.54,0.238));
#10105 = VECTOR('',#10106,1.);
#10106 = DIRECTION('',(-1.,0.,0.));
#10107 = ORIENTED_EDGE('',*,*,#10087,.T.);
#10108 = ORIENTED_EDGE('',*,*,#9905,.T.);
#10109 = PLANE('',#10110);
#10110 = AXIS2_PLACEMENT_3D('',#10111,#10112,#10113);
#10111 = CARTESIAN_POINT('',(-0.74,-0.54,3.E-02));
#10112 = DIRECTION('',(0.,1.,0.));
#10113 = DIRECTION('',(1.,0.,0.));
#10114 = ADVANCED_FACE('',(#10115),#10142,.F.);
#10115 = FACE_BOUND('',#10116,.F.);
#10116 = EDGE_LOOP('',(#10117,#10127,#10134,#10135));
#10117 = ORIENTED_EDGE('',*,*,#10118,.T.);
#10118 = EDGE_CURVE('',#10119,#10121,#10123,.T.);
#10119 = VERTEX_POINT('',#10120);
#10120 = CARTESIAN_POINT('',(-0.64,0.546,0.232));
#10121 = VERTEX_POINT('',#10122);
#10122 = CARTESIAN_POINT('',(0.64,0.546,0.232));
#10123 = LINE('',#10124,#10125);
#10124 = CARTESIAN_POINT('',(-0.64,0.546,0.232));
#10125 = VECTOR('',#10126,1.);
#10126 = DIRECTION('',(1.,0.,0.));
#10127 = ORIENTED_EDGE('',*,*,#10128,.T.);
#10128 = EDGE_CURVE('',#10121,#9931,#10129,.T.);
#10129 = CIRCLE('',#10130,6.E-03);
#10130 = AXIS2_PLACEMENT_3D('',#10131,#10132,#10133);
#10131 = CARTESIAN_POINT('',(0.64,0.546,0.238));
#10132 = DIRECTION('',(-1.,-0.,-0.));
#10133 = DIRECTION('',(0.,0.,-1.));
#10134 = ORIENTED_EDGE('',*,*,#9930,.F.);
#10135 = ORIENTED_EDGE('',*,*,#10136,.F.);
#10136 = EDGE_CURVE('',#10119,#9923,#10137,.T.);
#10137 = CIRCLE('',#10138,6.E-03);
#10138 = AXIS2_PLACEMENT_3D('',#10139,#10140,#10141);
#10139 = CARTESIAN_POINT('',(-0.64,0.546,0.238));
#10140 = DIRECTION('',(-1.,-0.,-0.));
#10141 = DIRECTION('',(0.,0.,-1.));
#10142 = CYLINDRICAL_SURFACE('',#10143,6.E-03);
#10143 = AXIS2_PLACEMENT_3D('',#10144,#10145,#10146);
#10144 = CARTESIAN_POINT('',(-0.64,0.546,0.238));
#10145 = DIRECTION('',(1.,0.,0.));
#10146 = DIRECTION('',(0.,0.,-1.));
#10147 = ADVANCED_FACE('',(#10148),#10168,.F.);
#10148 = FACE_BOUND('',#10149,.F.);
#10149 = EDGE_LOOP('',(#10150,#10151,#10160,#10167));
#10150 = ORIENTED_EDGE('',*,*,#10128,.F.);
#10151 = ORIENTED_EDGE('',*,*,#10152,.T.);
#10152 = EDGE_CURVE('',#10121,#10153,#10155,.T.);
#10153 = VERTEX_POINT('',#10154);
#10154 = CARTESIAN_POINT('',(0.746,0.44,0.232));
#10155 = CIRCLE('',#10156,0.106);
#10156 = AXIS2_PLACEMENT_3D('',#10157,#10158,#10159);
#10157 = CARTESIAN_POINT('',(0.64,0.44,0.232));
#10158 = DIRECTION('',(0.,0.,-1.));
#10159 = DIRECTION('',(0.,1.,0.));
#10160 = ORIENTED_EDGE('',*,*,#10161,.T.);
#10161 = EDGE_CURVE('',#10153,#9954,#10162,.T.);
#10162 = CIRCLE('',#10163,6.E-03);
#10163 = AXIS2_PLACEMENT_3D('',#10164,#10165,#10166);
#10164 = CARTESIAN_POINT('',(0.746,0.44,0.238));
#10165 = DIRECTION('',(-6.123233995737E-17,1.,0.));
#10166 = DIRECTION('',(1.,6.123233995737E-17,0.));
#10167 = ORIENTED_EDGE('',*,*,#9961,.F.);
#10168 = TOROIDAL_SURFACE('',#10169,0.106,6.E-03);
#10169 = AXIS2_PLACEMENT_3D('',#10170,#10171,#10172);
#10170 = CARTESIAN_POINT('',(0.64,0.44,0.238));
#10171 = DIRECTION('',(-0.,-0.,-1.));
#10172 = DIRECTION('',(0.,1.,-0.));
#10173 = ADVANCED_FACE('',(#10174),#10194,.F.);
#10174 = FACE_BOUND('',#10175,.F.);
#10175 = EDGE_LOOP('',(#10176,#10185,#10192,#10193));
#10176 = ORIENTED_EDGE('',*,*,#10177,.F.);
#10177 = EDGE_CURVE('',#10178,#9981,#10180,.T.);
#10178 = VERTEX_POINT('',#10179);
#10179 = CARTESIAN_POINT('',(-0.746,0.44,0.232));
#10180 = CIRCLE('',#10181,6.E-03);
#10181 = AXIS2_PLACEMENT_3D('',#10182,#10183,#10184);
#10182 = CARTESIAN_POINT('',(-0.746,0.44,0.238));
#10183 = DIRECTION('',(0.,-1.,0.));
#10184 = DIRECTION('',(0.,0.,-1.));
#10185 = ORIENTED_EDGE('',*,*,#10186,.T.);
#10186 = EDGE_CURVE('',#10178,#10119,#10187,.T.);
#10187 = CIRCLE('',#10188,0.106);
#10188 = AXIS2_PLACEMENT_3D('',#10189,#10190,#10191);
#10189 = CARTESIAN_POINT('',(-0.64,0.44,0.232));
#10190 = DIRECTION('',(0.,0.,-1.));
#10191 = DIRECTION('',(-1.,0.,0.));
#10192 = ORIENTED_EDGE('',*,*,#10136,.T.);
#10193 = ORIENTED_EDGE('',*,*,#9980,.F.);
#10194 = TOROIDAL_SURFACE('',#10195,0.106,6.E-03);
#10195 = AXIS2_PLACEMENT_3D('',#10196,#10197,#10198);
#10196 = CARTESIAN_POINT('',(-0.64,0.44,0.238));
#10197 = DIRECTION('',(-0.,-0.,-1.));
#10198 = DIRECTION('',(-1.,0.,0.));
#10199 = ADVANCED_FACE('',(#10200),#10219,.F.);
#10200 = FACE_BOUND('',#10201,.F.);
#10201 = EDGE_LOOP('',(#10202,#10210,#10217,#10218));
#10202 = ORIENTED_EDGE('',*,*,#10203,.T.);
#10203 = EDGE_CURVE('',#10153,#10204,#10206,.T.);
#10204 = VERTEX_POINT('',#10205);
#10205 = CARTESIAN_POINT('',(0.746,-0.44,0.232));
#10206 = LINE('',#10207,#10208);
#10207 = CARTESIAN_POINT('',(0.746,0.44,0.232));
#10208 = VECTOR('',#10209,1.);
#10209 = DIRECTION('',(0.,-1.,0.));
#10210 = ORIENTED_EDGE('',*,*,#10211,.T.);
#10211 = EDGE_CURVE('',#10204,#10005,#10212,.T.);
#10212 = CIRCLE('',#10213,6.E-03);
#10213 = AXIS2_PLACEMENT_3D('',#10214,#10215,#10216);
#10214 = CARTESIAN_POINT('',(0.746,-0.44,0.238));
#10215 = DIRECTION('',(0.,1.,0.));
#10216 = DIRECTION('',(0.,0.,-1.));
#10217 = ORIENTED_EDGE('',*,*,#10004,.F.);
#10218 = ORIENTED_EDGE('',*,*,#10161,.F.);
#10219 = CYLINDRICAL_SURFACE('',#10220,6.E-03);
#10220 = AXIS2_PLACEMENT_3D('',#10221,#10222,#10223);
#10221 = CARTESIAN_POINT('',(0.746,0.44,0.238));
#10222 = DIRECTION('',(0.,-1.,0.));
#10223 = DIRECTION('',(-0.,-0.,-1.));
#10224 = ADVANCED_FACE('',(#10225),#10244,.F.);
#10225 = FACE_BOUND('',#10226,.F.);
#10226 = EDGE_LOOP('',(#10227,#10235,#10236,#10237));
#10227 = ORIENTED_EDGE('',*,*,#10228,.T.);
#10228 = EDGE_CURVE('',#10229,#10178,#10231,.T.);
#10229 = VERTEX_POINT('',#10230);
#10230 = CARTESIAN_POINT('',(-0.746,-0.44,0.232));
#10231 = LINE('',#10232,#10233);
#10232 = CARTESIAN_POINT('',(-0.746,-0.44,0.232));
#10233 = VECTOR('',#10234,1.);
#10234 = DIRECTION('',(0.,1.,0.));
#10235 = ORIENTED_EDGE('',*,*,#10177,.T.);
#10236 = ORIENTED_EDGE('',*,*,#10035,.F.);
#10237 = ORIENTED_EDGE('',*,*,#10238,.F.);
#10238 = EDGE_CURVE('',#10229,#10028,#10239,.T.);
#10239 = CIRCLE('',#10240,6.E-03);
#10240 = AXIS2_PLACEMENT_3D('',#10241,#10242,#10243);
#10241 = CARTESIAN_POINT('',(-0.746,-0.44,0.238));
#10242 = DIRECTION('',(6.123233995737E-17,-1.,0.));
#10243 = DIRECTION('',(-1.,-6.123233995737E-17,0.));
#10244 = CYLINDRICAL_SURFACE('',#10245,6.E-03);
#10245 = AXIS2_PLACEMENT_3D('',#10246,#10247,#10248);
#10246 = CARTESIAN_POINT('',(-0.746,-0.44,0.238));
#10247 = DIRECTION('',(0.,1.,0.));
#10248 = DIRECTION('',(0.,0.,-1.));
#10249 = ADVANCED_FACE('',(#10250),#10270,.F.);
#10250 = FACE_BOUND('',#10251,.F.);
#10251 = EDGE_LOOP('',(#10252,#10253,#10262,#10269));
#10252 = ORIENTED_EDGE('',*,*,#10211,.F.);
#10253 = ORIENTED_EDGE('',*,*,#10254,.T.);
#10254 = EDGE_CURVE('',#10204,#10255,#10257,.T.);
#10255 = VERTEX_POINT('',#10256);
#10256 = CARTESIAN_POINT('',(0.64,-0.546,0.232));
#10257 = CIRCLE('',#10258,0.106);
#10258 = AXIS2_PLACEMENT_3D('',#10259,#10260,#10261);
#10259 = CARTESIAN_POINT('',(0.64,-0.44,0.232));
#10260 = DIRECTION('',(0.,0.,-1.));
#10261 = DIRECTION('',(1.,0.,0.));
#10262 = ORIENTED_EDGE('',*,*,#10263,.T.);
#10263 = EDGE_CURVE('',#10255,#10052,#10264,.T.);
#10264 = CIRCLE('',#10265,6.E-03);
#10265 = AXIS2_PLACEMENT_3D('',#10266,#10267,#10268);
#10266 = CARTESIAN_POINT('',(0.64,-0.546,0.238));
#10267 = DIRECTION('',(1.,6.123233995737E-17,0.));
#10268 = DIRECTION('',(6.123233995737E-17,-1.,0.));
#10269 = ORIENTED_EDGE('',*,*,#10059,.F.);
#10270 = TOROIDAL_SURFACE('',#10271,0.106,6.E-03);
#10271 = AXIS2_PLACEMENT_3D('',#10272,#10273,#10274);
#10272 = CARTESIAN_POINT('',(0.64,-0.44,0.238));
#10273 = DIRECTION('',(-0.,-0.,-1.));
#10274 = DIRECTION('',(1.,0.,0.));
#10275 = ADVANCED_FACE('',(#10276),#10296,.F.);
#10276 = FACE_BOUND('',#10277,.F.);
#10277 = EDGE_LOOP('',(#10278,#10287,#10294,#10295));
#10278 = ORIENTED_EDGE('',*,*,#10279,.F.);
#10279 = EDGE_CURVE('',#10280,#10079,#10282,.T.);
#10280 = VERTEX_POINT('',#10281);
#10281 = CARTESIAN_POINT('',(-0.64,-0.546,0.232));
#10282 = CIRCLE('',#10283,6.E-03);
#10283 = AXIS2_PLACEMENT_3D('',#10284,#10285,#10286);
#10284 = CARTESIAN_POINT('',(-0.64,-0.546,0.238));
#10285 = DIRECTION('',(1.,-0.,0.));
#10286 = DIRECTION('',(0.,0.,-1.));
#10287 = ORIENTED_EDGE('',*,*,#10288,.T.);
#10288 = EDGE_CURVE('',#10280,#10229,#10289,.T.);
#10289 = CIRCLE('',#10290,0.106);
#10290 = AXIS2_PLACEMENT_3D('',#10291,#10292,#10293);
#10291 = CARTESIAN_POINT('',(-0.64,-0.44,0.232));
#10292 = DIRECTION('',(-0.,-0.,-1.));
#10293 = DIRECTION('',(0.,-1.,0.));
#10294 = ORIENTED_EDGE('',*,*,#10238,.T.);
#10295 = ORIENTED_EDGE('',*,*,#10078,.F.);
#10296 = TOROIDAL_SURFACE('',#10297,0.106,6.E-03);
#10297 = AXIS2_PLACEMENT_3D('',#10298,#10299,#10300);
#10298 = CARTESIAN_POINT('',(-0.64,-0.44,0.238));
#10299 = DIRECTION('',(-0.,-0.,-1.));
#10300 = DIRECTION('',(0.,-1.,0.));
#10301 = ADVANCED_FACE('',(#10302),#10313,.F.);
#10302 = FACE_BOUND('',#10303,.F.);
#10303 = EDGE_LOOP('',(#10304,#10310,#10311,#10312));
#10304 = ORIENTED_EDGE('',*,*,#10305,.T.);
#10305 = EDGE_CURVE('',#10255,#10280,#10306,.T.);
#10306 = LINE('',#10307,#10308);
#10307 = CARTESIAN_POINT('',(0.64,-0.546,0.232));
#10308 = VECTOR('',#10309,1.);
#10309 = DIRECTION('',(-1.,0.,0.));
#10310 = ORIENTED_EDGE('',*,*,#10279,.T.);
#10311 = ORIENTED_EDGE('',*,*,#10102,.F.);
#10312 = ORIENTED_EDGE('',*,*,#10263,.F.);
#10313 = CYLINDRICAL_SURFACE('',#10314,6.E-03);
#10314 = AXIS2_PLACEMENT_3D('',#10315,#10316,#10317);
#10315 = CARTESIAN_POINT('',(0.64,-0.546,0.238));
#10316 = DIRECTION('',(-1.,0.,0.));
#10317 = DIRECTION('',(0.,0.,-1.));
#10318 = ADVANCED_FACE('',(#10319,#10389),#10399,.T.);
#10319 = FACE_BOUND('',#10320,.T.);
#10320 = EDGE_LOOP('',(#10321,#10331,#10340,#10348,#10357,#10365,#10374,
    #10382));
#10321 = ORIENTED_EDGE('',*,*,#10322,.T.);
#10322 = EDGE_CURVE('',#10323,#10325,#10327,.T.);
#10323 = VERTEX_POINT('',#10324);
#10324 = CARTESIAN_POINT('',(-0.752,0.458,0.232));
#10325 = VERTEX_POINT('',#10326);
#10326 = CARTESIAN_POINT('',(-0.752,-0.458,0.232));
#10327 = LINE('',#10328,#10329);
#10328 = CARTESIAN_POINT('',(-0.752,0.458,0.232));
#10329 = VECTOR('',#10330,1.);
#10330 = DIRECTION('',(0.,-1.,0.));
#10331 = ORIENTED_EDGE('',*,*,#10332,.T.);
#10332 = EDGE_CURVE('',#10325,#10333,#10335,.T.);
#10333 = VERTEX_POINT('',#10334);
#10334 = CARTESIAN_POINT('',(-0.658,-0.552,0.232));
#10335 = CIRCLE('',#10336,9.4E-02);
#10336 = AXIS2_PLACEMENT_3D('',#10337,#10338,#10339);
#10337 = CARTESIAN_POINT('',(-0.658,-0.458,0.232));
#10338 = DIRECTION('',(0.,0.,1.));
#10339 = DIRECTION('',(-1.,5.551115123126E-16,0.));
#10340 = ORIENTED_EDGE('',*,*,#10341,.T.);
#10341 = EDGE_CURVE('',#10333,#10342,#10344,.T.);
#10342 = VERTEX_POINT('',#10343);
#10343 = CARTESIAN_POINT('',(0.658,-0.552,0.232));
#10344 = LINE('',#10345,#10346);
#10345 = CARTESIAN_POINT('',(-0.658,-0.552,0.232));
#10346 = VECTOR('',#10347,1.);
#10347 = DIRECTION('',(1.,0.,0.));
#10348 = ORIENTED_EDGE('',*,*,#10349,.T.);
#10349 = EDGE_CURVE('',#10342,#10350,#10352,.T.);
#10350 = VERTEX_POINT('',#10351);
#10351 = CARTESIAN_POINT('',(0.752,-0.458,0.232));
#10352 = CIRCLE('',#10353,9.4E-02);
#10353 = AXIS2_PLACEMENT_3D('',#10354,#10355,#10356);
#10354 = CARTESIAN_POINT('',(0.658,-0.458,0.232));
#10355 = DIRECTION('',(-0.,0.,1.));
#10356 = DIRECTION('',(0.,-1.,0.));
#10357 = ORIENTED_EDGE('',*,*,#10358,.T.);
#10358 = EDGE_CURVE('',#10350,#10359,#10361,.T.);
#10359 = VERTEX_POINT('',#10360);
#10360 = CARTESIAN_POINT('',(0.752,0.458,0.232));
#10361 = LINE('',#10362,#10363);
#10362 = CARTESIAN_POINT('',(0.752,-0.458,0.232));
#10363 = VECTOR('',#10364,1.);
#10364 = DIRECTION('',(0.,1.,0.));
#10365 = ORIENTED_EDGE('',*,*,#10366,.T.);
#10366 = EDGE_CURVE('',#10359,#10367,#10369,.T.);
#10367 = VERTEX_POINT('',#10368);
#10368 = CARTESIAN_POINT('',(0.658,0.552,0.232));
#10369 = CIRCLE('',#10370,9.4E-02);
#10370 = AXIS2_PLACEMENT_3D('',#10371,#10372,#10373);
#10371 = CARTESIAN_POINT('',(0.658,0.458,0.232));
#10372 = DIRECTION('',(0.,-0.,1.));
#10373 = DIRECTION('',(1.,1.110223024625E-15,0.));
#10374 = ORIENTED_EDGE('',*,*,#10375,.T.);
#10375 = EDGE_CURVE('',#10367,#10376,#10378,.T.);
#10376 = VERTEX_POINT('',#10377);
#10377 = CARTESIAN_POINT('',(-0.658,0.552,0.232));
#10378 = LINE('',#10379,#10380);
#10379 = CARTESIAN_POINT('',(0.658,0.552,0.232));
#10380 = VECTOR('',#10381,1.);
#10381 = DIRECTION('',(-1.,0.,0.));
#10382 = ORIENTED_EDGE('',*,*,#10383,.T.);
#10383 = EDGE_CURVE('',#10376,#10323,#10384,.T.);
#10384 = CIRCLE('',#10385,9.4E-02);
#10385 = AXIS2_PLACEMENT_3D('',#10386,#10387,#10388);
#10386 = CARTESIAN_POINT('',(-0.658,0.458,0.232));
#10387 = DIRECTION('',(0.,-0.,1.));
#10388 = DIRECTION('',(0.,1.,0.));
#10389 = FACE_BOUND('',#10390,.T.);
#10390 = EDGE_LOOP('',(#10391,#10392,#10393,#10394,#10395,#10396,#10397,
    #10398));
#10391 = ORIENTED_EDGE('',*,*,#10118,.T.);
#10392 = ORIENTED_EDGE('',*,*,#10152,.T.);
#10393 = ORIENTED_EDGE('',*,*,#10203,.T.);
#10394 = ORIENTED_EDGE('',*,*,#10254,.T.);
#10395 = ORIENTED_EDGE('',*,*,#10305,.T.);
#10396 = ORIENTED_EDGE('',*,*,#10288,.T.);
#10397 = ORIENTED_EDGE('',*,*,#10228,.T.);
#10398 = ORIENTED_EDGE('',*,*,#10186,.T.);
#10399 = PLANE('',#10400);
#10400 = AXIS2_PLACEMENT_3D('',#10401,#10402,#10403);
#10401 = CARTESIAN_POINT('',(-2.109086292981E-17,-2.109086292981E-17,
    0.232));
#10402 = DIRECTION('',(0.,0.,1.));
#10403 = DIRECTION('',(1.,0.,-0.));
#10404 = ADVANCED_FACE('',(#10405),#10432,.T.);
#10405 = FACE_BOUND('',#10406,.T.);
#10406 = EDGE_LOOP('',(#10407,#10417,#10424,#10425));
#10407 = ORIENTED_EDGE('',*,*,#10408,.T.);
#10408 = EDGE_CURVE('',#10409,#10411,#10413,.T.);
#10409 = VERTEX_POINT('',#10410);
#10410 = CARTESIAN_POINT('',(-0.758,0.458,0.226));
#10411 = VERTEX_POINT('',#10412);
#10412 = CARTESIAN_POINT('',(-0.758,-0.458,0.226));
#10413 = LINE('',#10414,#10415);
#10414 = CARTESIAN_POINT('',(-0.758,0.458,0.226));
#10415 = VECTOR('',#10416,1.);
#10416 = DIRECTION('',(0.,-1.,0.));
#10417 = ORIENTED_EDGE('',*,*,#10418,.T.);
#10418 = EDGE_CURVE('',#10411,#10325,#10419,.T.);
#10419 = CIRCLE('',#10420,6.E-03);
#10420 = AXIS2_PLACEMENT_3D('',#10421,#10422,#10423);
#10421 = CARTESIAN_POINT('',(-0.752,-0.458,0.226));
#10422 = DIRECTION('',(0.,1.,-0.));
#10423 = DIRECTION('',(-1.,0.,0.));
#10424 = ORIENTED_EDGE('',*,*,#10322,.F.);
#10425 = ORIENTED_EDGE('',*,*,#10426,.F.);
#10426 = EDGE_CURVE('',#10409,#10323,#10427,.T.);
#10427 = CIRCLE('',#10428,6.E-03);
#10428 = AXIS2_PLACEMENT_3D('',#10429,#10430,#10431);
#10429 = CARTESIAN_POINT('',(-0.752,0.458,0.226));
#10430 = DIRECTION('',(0.,1.,-0.));
#10431 = DIRECTION('',(-1.,0.,0.));
#10432 = CYLINDRICAL_SURFACE('',#10433,6.E-03);
#10433 = AXIS2_PLACEMENT_3D('',#10434,#10435,#10436);
#10434 = CARTESIAN_POINT('',(-0.752,0.458,0.226));
#10435 = DIRECTION('',(0.,-1.,0.));
#10436 = DIRECTION('',(-1.,0.,0.));
#10437 = ADVANCED_FACE('',(#10438),#10458,.T.);
#10438 = FACE_BOUND('',#10439,.T.);
#10439 = EDGE_LOOP('',(#10440,#10449,#10456,#10457));
#10440 = ORIENTED_EDGE('',*,*,#10441,.F.);
#10441 = EDGE_CURVE('',#10442,#10376,#10444,.T.);
#10442 = VERTEX_POINT('',#10443);
#10443 = CARTESIAN_POINT('',(-0.658,0.558,0.226));
#10444 = CIRCLE('',#10445,6.E-03);
#10445 = AXIS2_PLACEMENT_3D('',#10446,#10447,#10448);
#10446 = CARTESIAN_POINT('',(-0.658,0.552,0.226));
#10447 = DIRECTION('',(1.,0.,0.));
#10448 = DIRECTION('',(-0.,1.,0.));
#10449 = ORIENTED_EDGE('',*,*,#10450,.T.);
#10450 = EDGE_CURVE('',#10442,#10409,#10451,.T.);
#10451 = CIRCLE('',#10452,0.1);
#10452 = AXIS2_PLACEMENT_3D('',#10453,#10454,#10455);
#10453 = CARTESIAN_POINT('',(-0.658,0.458,0.226));
#10454 = DIRECTION('',(0.,-0.,1.));
#10455 = DIRECTION('',(0.,1.,0.));
#10456 = ORIENTED_EDGE('',*,*,#10426,.T.);
#10457 = ORIENTED_EDGE('',*,*,#10383,.F.);
#10458 = TOROIDAL_SURFACE('',#10459,9.4E-02,6.E-03);
#10459 = AXIS2_PLACEMENT_3D('',#10460,#10461,#10462);
#10460 = CARTESIAN_POINT('',(-0.658,0.458,0.226));
#10461 = DIRECTION('',(0.,0.,1.));
#10462 = DIRECTION('',(0.,1.,0.));
#10463 = ADVANCED_FACE('',(#10464),#10484,.T.);
#10464 = FACE_BOUND('',#10465,.T.);
#10465 = EDGE_LOOP('',(#10466,#10467,#10476,#10483));
#10466 = ORIENTED_EDGE('',*,*,#10418,.F.);
#10467 = ORIENTED_EDGE('',*,*,#10468,.T.);
#10468 = EDGE_CURVE('',#10411,#10469,#10471,.T.);
#10469 = VERTEX_POINT('',#10470);
#10470 = CARTESIAN_POINT('',(-0.658,-0.558,0.226));
#10471 = CIRCLE('',#10472,0.1);
#10472 = AXIS2_PLACEMENT_3D('',#10473,#10474,#10475);
#10473 = CARTESIAN_POINT('',(-0.658,-0.458,0.226));
#10474 = DIRECTION('',(0.,0.,1.));
#10475 = DIRECTION('',(-1.,5.551115123126E-16,0.));
#10476 = ORIENTED_EDGE('',*,*,#10477,.T.);
#10477 = EDGE_CURVE('',#10469,#10333,#10478,.T.);
#10478 = CIRCLE('',#10479,6.E-03);
#10479 = AXIS2_PLACEMENT_3D('',#10480,#10481,#10482);
#10480 = CARTESIAN_POINT('',(-0.658,-0.552,0.226));
#10481 = DIRECTION('',(-1.,-4.978996250515E-17,0.));
#10482 = DIRECTION('',(4.978996250515E-17,-1.,0.));
#10483 = ORIENTED_EDGE('',*,*,#10332,.F.);
#10484 = TOROIDAL_SURFACE('',#10485,9.4E-02,6.E-03);
#10485 = AXIS2_PLACEMENT_3D('',#10486,#10487,#10488);
#10486 = CARTESIAN_POINT('',(-0.658,-0.458,0.226));
#10487 = DIRECTION('',(0.,0.,1.));
#10488 = DIRECTION('',(-1.,5.551115123126E-16,0.));
#10489 = ADVANCED_FACE('',(#10490),#10509,.T.);
#10490 = FACE_BOUND('',#10491,.T.);
#10491 = EDGE_LOOP('',(#10492,#10500,#10501,#10502));
#10492 = ORIENTED_EDGE('',*,*,#10493,.T.);
#10493 = EDGE_CURVE('',#10494,#10442,#10496,.T.);
#10494 = VERTEX_POINT('',#10495);
#10495 = CARTESIAN_POINT('',(0.658,0.558,0.226));
#10496 = LINE('',#10497,#10498);
#10497 = CARTESIAN_POINT('',(0.658,0.558,0.226));
#10498 = VECTOR('',#10499,1.);
#10499 = DIRECTION('',(-1.,0.,0.));
#10500 = ORIENTED_EDGE('',*,*,#10441,.T.);
#10501 = ORIENTED_EDGE('',*,*,#10375,.F.);
#10502 = ORIENTED_EDGE('',*,*,#10503,.F.);
#10503 = EDGE_CURVE('',#10494,#10367,#10504,.T.);
#10504 = CIRCLE('',#10505,6.E-03);
#10505 = AXIS2_PLACEMENT_3D('',#10506,#10507,#10508);
#10506 = CARTESIAN_POINT('',(0.658,0.552,0.226));
#10507 = DIRECTION('',(1.,-6.123233995737E-17,0.));
#10508 = DIRECTION('',(6.123233995737E-17,1.,0.));
#10509 = CYLINDRICAL_SURFACE('',#10510,6.E-03);
#10510 = AXIS2_PLACEMENT_3D('',#10511,#10512,#10513);
#10511 = CARTESIAN_POINT('',(0.658,0.552,0.226));
#10512 = DIRECTION('',(-1.,0.,0.));
#10513 = DIRECTION('',(0.,1.,0.));
#10514 = ADVANCED_FACE('',(#10515),#10534,.T.);
#10515 = FACE_BOUND('',#10516,.T.);
#10516 = EDGE_LOOP('',(#10517,#10525,#10532,#10533));
#10517 = ORIENTED_EDGE('',*,*,#10518,.T.);
#10518 = EDGE_CURVE('',#10469,#10519,#10521,.T.);
#10519 = VERTEX_POINT('',#10520);
#10520 = CARTESIAN_POINT('',(0.658,-0.558,0.226));
#10521 = LINE('',#10522,#10523);
#10522 = CARTESIAN_POINT('',(-0.658,-0.558,0.226));
#10523 = VECTOR('',#10524,1.);
#10524 = DIRECTION('',(1.,0.,0.));
#10525 = ORIENTED_EDGE('',*,*,#10526,.T.);
#10526 = EDGE_CURVE('',#10519,#10342,#10527,.T.);
#10527 = CIRCLE('',#10528,6.E-03);
#10528 = AXIS2_PLACEMENT_3D('',#10529,#10530,#10531);
#10529 = CARTESIAN_POINT('',(0.658,-0.552,0.226));
#10530 = DIRECTION('',(-1.,0.,0.));
#10531 = DIRECTION('',(0.,-1.,0.));
#10532 = ORIENTED_EDGE('',*,*,#10341,.F.);
#10533 = ORIENTED_EDGE('',*,*,#10477,.F.);
#10534 = CYLINDRICAL_SURFACE('',#10535,6.E-03);
#10535 = AXIS2_PLACEMENT_3D('',#10536,#10537,#10538);
#10536 = CARTESIAN_POINT('',(-0.658,-0.552,0.226));
#10537 = DIRECTION('',(1.,0.,0.));
#10538 = DIRECTION('',(0.,-1.,0.));
#10539 = ADVANCED_FACE('',(#10540),#10560,.T.);
#10540 = FACE_BOUND('',#10541,.T.);
#10541 = EDGE_LOOP('',(#10542,#10551,#10558,#10559));
#10542 = ORIENTED_EDGE('',*,*,#10543,.F.);
#10543 = EDGE_CURVE('',#10544,#10359,#10546,.T.);
#10544 = VERTEX_POINT('',#10545);
#10545 = CARTESIAN_POINT('',(0.758,0.458,0.226));
#10546 = CIRCLE('',#10547,6.E-03);
#10547 = AXIS2_PLACEMENT_3D('',#10548,#10549,#10550);
#10548 = CARTESIAN_POINT('',(0.752,0.458,0.226));
#10549 = DIRECTION('',(0.,-1.,0.));
#10550 = DIRECTION('',(1.,0.,0.));
#10551 = ORIENTED_EDGE('',*,*,#10552,.T.);
#10552 = EDGE_CURVE('',#10544,#10494,#10553,.T.);
#10553 = CIRCLE('',#10554,0.1);
#10554 = AXIS2_PLACEMENT_3D('',#10555,#10556,#10557);
#10555 = CARTESIAN_POINT('',(0.658,0.458,0.226));
#10556 = DIRECTION('',(0.,-0.,1.));
#10557 = DIRECTION('',(1.,1.110223024625E-15,0.));
#10558 = ORIENTED_EDGE('',*,*,#10503,.T.);
#10559 = ORIENTED_EDGE('',*,*,#10366,.F.);
#10560 = TOROIDAL_SURFACE('',#10561,9.4E-02,6.E-03);
#10561 = AXIS2_PLACEMENT_3D('',#10562,#10563,#10564);
#10562 = CARTESIAN_POINT('',(0.658,0.458,0.226));
#10563 = DIRECTION('',(0.,0.,1.));
#10564 = DIRECTION('',(1.,1.110223024625E-15,-0.));
#10565 = ADVANCED_FACE('',(#10566),#10586,.T.);
#10566 = FACE_BOUND('',#10567,.T.);
#10567 = EDGE_LOOP('',(#10568,#10569,#10578,#10585));
#10568 = ORIENTED_EDGE('',*,*,#10526,.F.);
#10569 = ORIENTED_EDGE('',*,*,#10570,.T.);
#10570 = EDGE_CURVE('',#10519,#10571,#10573,.T.);
#10571 = VERTEX_POINT('',#10572);
#10572 = CARTESIAN_POINT('',(0.758,-0.458,0.226));
#10573 = CIRCLE('',#10574,0.1);
#10574 = AXIS2_PLACEMENT_3D('',#10575,#10576,#10577);
#10575 = CARTESIAN_POINT('',(0.658,-0.458,0.226));
#10576 = DIRECTION('',(-0.,0.,1.));
#10577 = DIRECTION('',(0.,-1.,0.));
#10578 = ORIENTED_EDGE('',*,*,#10579,.T.);
#10579 = EDGE_CURVE('',#10571,#10350,#10580,.T.);
#10580 = CIRCLE('',#10581,6.E-03);
#10581 = AXIS2_PLACEMENT_3D('',#10582,#10583,#10584);
#10582 = CARTESIAN_POINT('',(0.752,-0.458,0.226));
#10583 = DIRECTION('',(-6.123233995737E-17,-1.,0.));
#10584 = DIRECTION('',(1.,-6.123233995737E-17,0.));
#10585 = ORIENTED_EDGE('',*,*,#10349,.F.);
#10586 = TOROIDAL_SURFACE('',#10587,9.4E-02,6.E-03);
#10587 = AXIS2_PLACEMENT_3D('',#10588,#10589,#10590);
#10588 = CARTESIAN_POINT('',(0.658,-0.458,0.226));
#10589 = DIRECTION('',(0.,0.,1.));
#10590 = DIRECTION('',(0.,-1.,0.));
#10591 = ADVANCED_FACE('',(#10592),#10603,.T.);
#10592 = FACE_BOUND('',#10593,.T.);
#10593 = EDGE_LOOP('',(#10594,#10600,#10601,#10602));
#10594 = ORIENTED_EDGE('',*,*,#10595,.T.);
#10595 = EDGE_CURVE('',#10571,#10544,#10596,.T.);
#10596 = LINE('',#10597,#10598);
#10597 = CARTESIAN_POINT('',(0.758,-0.458,0.226));
#10598 = VECTOR('',#10599,1.);
#10599 = DIRECTION('',(0.,1.,0.));
#10600 = ORIENTED_EDGE('',*,*,#10543,.T.);
#10601 = ORIENTED_EDGE('',*,*,#10358,.F.);
#10602 = ORIENTED_EDGE('',*,*,#10579,.F.);
#10603 = CYLINDRICAL_SURFACE('',#10604,6.E-03);
#10604 = AXIS2_PLACEMENT_3D('',#10605,#10606,#10607);
#10605 = CARTESIAN_POINT('',(0.752,-0.458,0.226));
#10606 = DIRECTION('',(0.,1.,0.));
#10607 = DIRECTION('',(1.,0.,0.));
#10608 = ADVANCED_FACE('',(#10609),#10634,.F.);
#10609 = FACE_BOUND('',#10610,.F.);
#10610 = EDGE_LOOP('',(#10611,#10619,#10627,#10633));
#10611 = ORIENTED_EDGE('',*,*,#10612,.F.);
#10612 = EDGE_CURVE('',#10613,#10411,#10615,.T.);
#10613 = VERTEX_POINT('',#10614);
#10614 = CARTESIAN_POINT('',(-0.758,-0.458,0.224));
#10615 = LINE('',#10616,#10617);
#10616 = CARTESIAN_POINT('',(-0.758,-0.458,3.E-02));
#10617 = VECTOR('',#10618,1.);
#10618 = DIRECTION('',(0.,0.,1.));
#10619 = ORIENTED_EDGE('',*,*,#10620,.F.);
#10620 = EDGE_CURVE('',#10621,#10613,#10623,.T.);
#10621 = VERTEX_POINT('',#10622);
#10622 = CARTESIAN_POINT('',(-0.758,0.458,0.224));
#10623 = LINE('',#10624,#10625);
#10624 = CARTESIAN_POINT('',(-0.758,0.458,0.224));
#10625 = VECTOR('',#10626,1.);
#10626 = DIRECTION('',(-0.,-1.,-0.));
#10627 = ORIENTED_EDGE('',*,*,#10628,.T.);
#10628 = EDGE_CURVE('',#10621,#10409,#10629,.T.);
#10629 = LINE('',#10630,#10631);
#10630 = CARTESIAN_POINT('',(-0.758,0.458,3.E-02));
#10631 = VECTOR('',#10632,1.);
#10632 = DIRECTION('',(0.,0.,1.));
#10633 = ORIENTED_EDGE('',*,*,#10408,.T.);
#10634 = PLANE('',#10635);
#10635 = AXIS2_PLACEMENT_3D('',#10636,#10637,#10638);
#10636 = CARTESIAN_POINT('',(-0.758,0.558,3.E-02));
#10637 = DIRECTION('',(1.,0.,0.));
#10638 = DIRECTION('',(0.,-1.,0.));
#10639 = ADVANCED_FACE('',(#10640),#10659,.T.);
#10640 = FACE_BOUND('',#10641,.T.);
#10641 = EDGE_LOOP('',(#10642,#10643,#10651,#10658));
#10642 = ORIENTED_EDGE('',*,*,#10450,.F.);
#10643 = ORIENTED_EDGE('',*,*,#10644,.F.);
#10644 = EDGE_CURVE('',#10645,#10442,#10647,.T.);
#10645 = VERTEX_POINT('',#10646);
#10646 = CARTESIAN_POINT('',(-0.658,0.558,0.224));
#10647 = LINE('',#10648,#10649);
#10648 = CARTESIAN_POINT('',(-0.658,0.558,3.E-02));
#10649 = VECTOR('',#10650,1.);
#10650 = DIRECTION('',(0.,0.,1.));
#10651 = ORIENTED_EDGE('',*,*,#10652,.T.);
#10652 = EDGE_CURVE('',#10645,#10621,#10653,.T.);
#10653 = CIRCLE('',#10654,0.1);
#10654 = AXIS2_PLACEMENT_3D('',#10655,#10656,#10657);
#10655 = CARTESIAN_POINT('',(-0.658,0.458,0.224));
#10656 = DIRECTION('',(0.,-0.,1.));
#10657 = DIRECTION('',(0.,1.,0.));
#10658 = ORIENTED_EDGE('',*,*,#10628,.T.);
#10659 = CYLINDRICAL_SURFACE('',#10660,0.1);
#10660 = AXIS2_PLACEMENT_3D('',#10661,#10662,#10663);
#10661 = CARTESIAN_POINT('',(-0.658,0.458,3.E-02));
#10662 = DIRECTION('',(0.,0.,1.));
#10663 = DIRECTION('',(-1.,0.,0.));
#10664 = ADVANCED_FACE('',(#10665),#10684,.T.);
#10665 = FACE_BOUND('',#10666,.T.);
#10666 = EDGE_LOOP('',(#10667,#10668,#10669,#10678));
#10667 = ORIENTED_EDGE('',*,*,#10468,.F.);
#10668 = ORIENTED_EDGE('',*,*,#10612,.F.);
#10669 = ORIENTED_EDGE('',*,*,#10670,.T.);
#10670 = EDGE_CURVE('',#10613,#10671,#10673,.T.);
#10671 = VERTEX_POINT('',#10672);
#10672 = CARTESIAN_POINT('',(-0.658,-0.558,0.224));
#10673 = CIRCLE('',#10674,0.1);
#10674 = AXIS2_PLACEMENT_3D('',#10675,#10676,#10677);
#10675 = CARTESIAN_POINT('',(-0.658,-0.458,0.224));
#10676 = DIRECTION('',(0.,0.,1.));
#10677 = DIRECTION('',(-1.,0.,0.));
#10678 = ORIENTED_EDGE('',*,*,#10679,.T.);
#10679 = EDGE_CURVE('',#10671,#10469,#10680,.T.);
#10680 = LINE('',#10681,#10682);
#10681 = CARTESIAN_POINT('',(-0.658,-0.558,3.E-02));
#10682 = VECTOR('',#10683,1.);
#10683 = DIRECTION('',(0.,0.,1.));
#10684 = CYLINDRICAL_SURFACE('',#10685,0.1);
#10685 = AXIS2_PLACEMENT_3D('',#10686,#10687,#10688);
#10686 = CARTESIAN_POINT('',(-0.658,-0.458,3.E-02));
#10687 = DIRECTION('',(0.,0.,1.));
#10688 = DIRECTION('',(0.,-1.,0.));
#10689 = ADVANCED_FACE('',(#10690),#10708,.F.);
#10690 = FACE_BOUND('',#10691,.F.);
#10691 = EDGE_LOOP('',(#10692,#10693,#10701,#10707));
#10692 = ORIENTED_EDGE('',*,*,#10644,.F.);
#10693 = ORIENTED_EDGE('',*,*,#10694,.F.);
#10694 = EDGE_CURVE('',#10695,#10645,#10697,.T.);
#10695 = VERTEX_POINT('',#10696);
#10696 = CARTESIAN_POINT('',(0.658,0.558,0.224));
#10697 = LINE('',#10698,#10699);
#10698 = CARTESIAN_POINT('',(0.658,0.558,0.224));
#10699 = VECTOR('',#10700,1.);
#10700 = DIRECTION('',(-1.,0.,0.));
#10701 = ORIENTED_EDGE('',*,*,#10702,.T.);
#10702 = EDGE_CURVE('',#10695,#10494,#10703,.T.);
#10703 = LINE('',#10704,#10705);
#10704 = CARTESIAN_POINT('',(0.658,0.558,3.E-02));
#10705 = VECTOR('',#10706,1.);
#10706 = DIRECTION('',(0.,0.,1.));
#10707 = ORIENTED_EDGE('',*,*,#10493,.T.);
#10708 = PLANE('',#10709);
#10709 = AXIS2_PLACEMENT_3D('',#10710,#10711,#10712);
#10710 = CARTESIAN_POINT('',(0.758,0.558,3.E-02));
#10711 = DIRECTION('',(0.,-1.,0.));
#10712 = DIRECTION('',(-1.,0.,0.));
#10713 = ADVANCED_FACE('',(#10714),#10732,.F.);
#10714 = FACE_BOUND('',#10715,.F.);
#10715 = EDGE_LOOP('',(#10716,#10724,#10730,#10731));
#10716 = ORIENTED_EDGE('',*,*,#10717,.F.);
#10717 = EDGE_CURVE('',#10718,#10519,#10720,.T.);
#10718 = VERTEX_POINT('',#10719);
#10719 = CARTESIAN_POINT('',(0.658,-0.558,0.224));
#10720 = LINE('',#10721,#10722);
#10721 = CARTESIAN_POINT('',(0.658,-0.558,3.E-02));
#10722 = VECTOR('',#10723,1.);
#10723 = DIRECTION('',(0.,0.,1.));
#10724 = ORIENTED_EDGE('',*,*,#10725,.F.);
#10725 = EDGE_CURVE('',#10671,#10718,#10726,.T.);
#10726 = LINE('',#10727,#10728);
#10727 = CARTESIAN_POINT('',(-0.658,-0.558,0.224));
#10728 = VECTOR('',#10729,1.);
#10729 = DIRECTION('',(1.,0.,0.));
#10730 = ORIENTED_EDGE('',*,*,#10679,.T.);
#10731 = ORIENTED_EDGE('',*,*,#10518,.T.);
#10732 = PLANE('',#10733);
#10733 = AXIS2_PLACEMENT_3D('',#10734,#10735,#10736);
#10734 = CARTESIAN_POINT('',(-0.758,-0.558,3.E-02));
#10735 = DIRECTION('',(0.,1.,0.));
#10736 = DIRECTION('',(1.,0.,0.));
#10737 = ADVANCED_FACE('',(#10738),#10757,.T.);
#10738 = FACE_BOUND('',#10739,.T.);
#10739 = EDGE_LOOP('',(#10740,#10748,#10755,#10756));
#10740 = ORIENTED_EDGE('',*,*,#10741,.F.);
#10741 = EDGE_CURVE('',#10742,#10544,#10744,.T.);
#10742 = VERTEX_POINT('',#10743);
#10743 = CARTESIAN_POINT('',(0.758,0.458,0.224));
#10744 = LINE('',#10745,#10746);
#10745 = CARTESIAN_POINT('',(0.758,0.458,3.E-02));
#10746 = VECTOR('',#10747,1.);
#10747 = DIRECTION('',(0.,0.,1.));
#10748 = ORIENTED_EDGE('',*,*,#10749,.T.);
#10749 = EDGE_CURVE('',#10742,#10695,#10750,.T.);
#10750 = CIRCLE('',#10751,0.1);
#10751 = AXIS2_PLACEMENT_3D('',#10752,#10753,#10754);
#10752 = CARTESIAN_POINT('',(0.658,0.458,0.224));
#10753 = DIRECTION('',(0.,0.,1.));
#10754 = DIRECTION('',(1.,0.,-0.));
#10755 = ORIENTED_EDGE('',*,*,#10702,.T.);
#10756 = ORIENTED_EDGE('',*,*,#10552,.F.);
#10757 = CYLINDRICAL_SURFACE('',#10758,0.1);
#10758 = AXIS2_PLACEMENT_3D('',#10759,#10760,#10761);
#10759 = CARTESIAN_POINT('',(0.658,0.458,3.E-02));
#10760 = DIRECTION('',(0.,0.,1.));
#10761 = DIRECTION('',(1.,0.,-0.));
#10762 = ADVANCED_FACE('',(#10763),#10782,.T.);
#10763 = FACE_BOUND('',#10764,.T.);
#10764 = EDGE_LOOP('',(#10765,#10766,#10775,#10781));
#10765 = ORIENTED_EDGE('',*,*,#10717,.F.);
#10766 = ORIENTED_EDGE('',*,*,#10767,.T.);
#10767 = EDGE_CURVE('',#10718,#10768,#10770,.T.);
#10768 = VERTEX_POINT('',#10769);
#10769 = CARTESIAN_POINT('',(0.758,-0.458,0.224));
#10770 = CIRCLE('',#10771,0.1);
#10771 = AXIS2_PLACEMENT_3D('',#10772,#10773,#10774);
#10772 = CARTESIAN_POINT('',(0.658,-0.458,0.224));
#10773 = DIRECTION('',(-0.,0.,1.));
#10774 = DIRECTION('',(0.,-1.,0.));
#10775 = ORIENTED_EDGE('',*,*,#10776,.T.);
#10776 = EDGE_CURVE('',#10768,#10571,#10777,.T.);
#10777 = LINE('',#10778,#10779);
#10778 = CARTESIAN_POINT('',(0.758,-0.458,3.E-02));
#10779 = VECTOR('',#10780,1.);
#10780 = DIRECTION('',(0.,0.,1.));
#10781 = ORIENTED_EDGE('',*,*,#10570,.F.);
#10782 = CYLINDRICAL_SURFACE('',#10783,0.1);
#10783 = AXIS2_PLACEMENT_3D('',#10784,#10785,#10786);
#10784 = CARTESIAN_POINT('',(0.658,-0.458,3.E-02));
#10785 = DIRECTION('',(0.,0.,1.));
#10786 = DIRECTION('',(0.,-1.,0.));
#10787 = ADVANCED_FACE('',(#10788),#10799,.F.);
#10788 = FACE_BOUND('',#10789,.F.);
#10789 = EDGE_LOOP('',(#10790,#10791,#10797,#10798));
#10790 = ORIENTED_EDGE('',*,*,#10741,.F.);
#10791 = ORIENTED_EDGE('',*,*,#10792,.F.);
#10792 = EDGE_CURVE('',#10768,#10742,#10793,.T.);
#10793 = LINE('',#10794,#10795);
#10794 = CARTESIAN_POINT('',(0.758,-0.458,0.224));
#10795 = VECTOR('',#10796,1.);
#10796 = DIRECTION('',(0.,1.,0.));
#10797 = ORIENTED_EDGE('',*,*,#10776,.T.);
#10798 = ORIENTED_EDGE('',*,*,#10595,.T.);
#10799 = PLANE('',#10800);
#10800 = AXIS2_PLACEMENT_3D('',#10801,#10802,#10803);
#10801 = CARTESIAN_POINT('',(0.758,-0.558,3.E-02));
#10802 = DIRECTION('',(-1.,0.,0.));
#10803 = DIRECTION('',(0.,1.,0.));
#10804 = ADVANCED_FACE('',(#10805),#10832,.T.);
#10805 = FACE_BOUND('',#10806,.T.);
#10806 = EDGE_LOOP('',(#10807,#10817,#10824,#10825));
#10807 = ORIENTED_EDGE('',*,*,#10808,.T.);
#10808 = EDGE_CURVE('',#10809,#10811,#10813,.T.);
#10809 = VERTEX_POINT('',#10810);
#10810 = CARTESIAN_POINT('',(-0.764,0.458,0.23));
#10811 = VERTEX_POINT('',#10812);
#10812 = CARTESIAN_POINT('',(-0.764,-0.458,0.23));
#10813 = LINE('',#10814,#10815);
#10814 = CARTESIAN_POINT('',(-0.764,0.458,0.23));
#10815 = VECTOR('',#10816,1.);
#10816 = DIRECTION('',(-0.,-1.,-0.));
#10817 = ORIENTED_EDGE('',*,*,#10818,.T.);
#10818 = EDGE_CURVE('',#10811,#10613,#10819,.T.);
#10819 = CIRCLE('',#10820,6.E-03);
#10820 = AXIS2_PLACEMENT_3D('',#10821,#10822,#10823);
#10821 = CARTESIAN_POINT('',(-0.764,-0.458,0.224));
#10822 = DIRECTION('',(0.,1.,0.));
#10823 = DIRECTION('',(0.,-0.,1.));
#10824 = ORIENTED_EDGE('',*,*,#10620,.F.);
#10825 = ORIENTED_EDGE('',*,*,#10826,.F.);
#10826 = EDGE_CURVE('',#10809,#10621,#10827,.T.);
#10827 = CIRCLE('',#10828,6.E-03);
#10828 = AXIS2_PLACEMENT_3D('',#10829,#10830,#10831);
#10829 = CARTESIAN_POINT('',(-0.764,0.458,0.224));
#10830 = DIRECTION('',(6.123233995737E-17,1.,-0.));
#10831 = DIRECTION('',(-1.,6.123233995737E-17,0.));
#10832 = CYLINDRICAL_SURFACE('',#10833,6.E-03);
#10833 = AXIS2_PLACEMENT_3D('',#10834,#10835,#10836);
#10834 = CARTESIAN_POINT('',(-0.764,0.458,0.224));
#10835 = DIRECTION('',(-0.,-1.,-0.));
#10836 = DIRECTION('',(0.,0.,1.));
#10837 = ADVANCED_FACE('',(#10838),#10858,.T.);
#10838 = FACE_BOUND('',#10839,.T.);
#10839 = EDGE_LOOP('',(#10840,#10849,#10856,#10857));
#10840 = ORIENTED_EDGE('',*,*,#10841,.F.);
#10841 = EDGE_CURVE('',#10842,#10645,#10844,.T.);
#10842 = VERTEX_POINT('',#10843);
#10843 = CARTESIAN_POINT('',(-0.658,0.564,0.23));
#10844 = CIRCLE('',#10845,6.E-03);
#10845 = AXIS2_PLACEMENT_3D('',#10846,#10847,#10848);
#10846 = CARTESIAN_POINT('',(-0.658,0.564,0.224));
#10847 = DIRECTION('',(1.,0.,-0.));
#10848 = DIRECTION('',(0.,0.,1.));
#10849 = ORIENTED_EDGE('',*,*,#10850,.T.);
#10850 = EDGE_CURVE('',#10842,#10809,#10851,.T.);
#10851 = CIRCLE('',#10852,0.106);
#10852 = AXIS2_PLACEMENT_3D('',#10853,#10854,#10855);
#10853 = CARTESIAN_POINT('',(-0.658,0.458,0.23));
#10854 = DIRECTION('',(0.,-0.,1.));
#10855 = DIRECTION('',(0.,1.,0.));
#10856 = ORIENTED_EDGE('',*,*,#10826,.T.);
#10857 = ORIENTED_EDGE('',*,*,#10652,.F.);
#10858 = TOROIDAL_SURFACE('',#10859,0.106,6.E-03);
#10859 = AXIS2_PLACEMENT_3D('',#10860,#10861,#10862);
#10860 = CARTESIAN_POINT('',(-0.658,0.458,0.224));
#10861 = DIRECTION('',(0.,0.,1.));
#10862 = DIRECTION('',(0.,1.,0.));
#10863 = ADVANCED_FACE('',(#10864),#10884,.T.);
#10864 = FACE_BOUND('',#10865,.T.);
#10865 = EDGE_LOOP('',(#10866,#10867,#10876,#10883));
#10866 = ORIENTED_EDGE('',*,*,#10818,.F.);
#10867 = ORIENTED_EDGE('',*,*,#10868,.T.);
#10868 = EDGE_CURVE('',#10811,#10869,#10871,.T.);
#10869 = VERTEX_POINT('',#10870);
#10870 = CARTESIAN_POINT('',(-0.658,-0.564,0.23));
#10871 = CIRCLE('',#10872,0.106);
#10872 = AXIS2_PLACEMENT_3D('',#10873,#10874,#10875);
#10873 = CARTESIAN_POINT('',(-0.658,-0.458,0.23));
#10874 = DIRECTION('',(0.,0.,1.));
#10875 = DIRECTION('',(-1.,0.,0.));
#10876 = ORIENTED_EDGE('',*,*,#10877,.T.);
#10877 = EDGE_CURVE('',#10869,#10671,#10878,.T.);
#10878 = CIRCLE('',#10879,6.E-03);
#10879 = AXIS2_PLACEMENT_3D('',#10880,#10881,#10882);
#10880 = CARTESIAN_POINT('',(-0.658,-0.564,0.224));
#10881 = DIRECTION('',(-1.,6.123233995737E-17,0.));
#10882 = DIRECTION('',(-6.123233995737E-17,-1.,0.));
#10883 = ORIENTED_EDGE('',*,*,#10670,.F.);
#10884 = TOROIDAL_SURFACE('',#10885,0.106,6.E-03);
#10885 = AXIS2_PLACEMENT_3D('',#10886,#10887,#10888);
#10886 = CARTESIAN_POINT('',(-0.658,-0.458,0.224));
#10887 = DIRECTION('',(0.,0.,1.));
#10888 = DIRECTION('',(-1.,0.,0.));
#10889 = ADVANCED_FACE('',(#10890),#10909,.T.);
#10890 = FACE_BOUND('',#10891,.T.);
#10891 = EDGE_LOOP('',(#10892,#10900,#10901,#10902));
#10892 = ORIENTED_EDGE('',*,*,#10893,.T.);
#10893 = EDGE_CURVE('',#10894,#10842,#10896,.T.);
#10894 = VERTEX_POINT('',#10895);
#10895 = CARTESIAN_POINT('',(0.658,0.564,0.23));
#10896 = LINE('',#10897,#10898);
#10897 = CARTESIAN_POINT('',(0.658,0.564,0.23));
#10898 = VECTOR('',#10899,1.);
#10899 = DIRECTION('',(-1.,0.,0.));
#10900 = ORIENTED_EDGE('',*,*,#10841,.T.);
#10901 = ORIENTED_EDGE('',*,*,#10694,.F.);
#10902 = ORIENTED_EDGE('',*,*,#10903,.F.);
#10903 = EDGE_CURVE('',#10894,#10695,#10904,.T.);
#10904 = CIRCLE('',#10905,6.E-03);
#10905 = AXIS2_PLACEMENT_3D('',#10906,#10907,#10908);
#10906 = CARTESIAN_POINT('',(0.658,0.564,0.224));
#10907 = DIRECTION('',(1.,-6.123233995737E-17,0.));
#10908 = DIRECTION('',(6.123233995737E-17,1.,0.));
#10909 = CYLINDRICAL_SURFACE('',#10910,6.E-03);
#10910 = AXIS2_PLACEMENT_3D('',#10911,#10912,#10913);
#10911 = CARTESIAN_POINT('',(0.658,0.564,0.224));
#10912 = DIRECTION('',(-1.,0.,0.));
#10913 = DIRECTION('',(0.,0.,1.));
#10914 = ADVANCED_FACE('',(#10915),#10934,.T.);
#10915 = FACE_BOUND('',#10916,.T.);
#10916 = EDGE_LOOP('',(#10917,#10925,#10932,#10933));
#10917 = ORIENTED_EDGE('',*,*,#10918,.T.);
#10918 = EDGE_CURVE('',#10869,#10919,#10921,.T.);
#10919 = VERTEX_POINT('',#10920);
#10920 = CARTESIAN_POINT('',(0.658,-0.564,0.23));
#10921 = LINE('',#10922,#10923);
#10922 = CARTESIAN_POINT('',(-0.658,-0.564,0.23));
#10923 = VECTOR('',#10924,1.);
#10924 = DIRECTION('',(1.,0.,0.));
#10925 = ORIENTED_EDGE('',*,*,#10926,.T.);
#10926 = EDGE_CURVE('',#10919,#10718,#10927,.T.);
#10927 = CIRCLE('',#10928,6.E-03);
#10928 = AXIS2_PLACEMENT_3D('',#10929,#10930,#10931);
#10929 = CARTESIAN_POINT('',(0.658,-0.564,0.224));
#10930 = DIRECTION('',(-1.,0.,0.));
#10931 = DIRECTION('',(0.,0.,1.));
#10932 = ORIENTED_EDGE('',*,*,#10725,.F.);
#10933 = ORIENTED_EDGE('',*,*,#10877,.F.);
#10934 = CYLINDRICAL_SURFACE('',#10935,6.E-03);
#10935 = AXIS2_PLACEMENT_3D('',#10936,#10937,#10938);
#10936 = CARTESIAN_POINT('',(-0.658,-0.564,0.224));
#10937 = DIRECTION('',(1.,0.,0.));
#10938 = DIRECTION('',(0.,0.,1.));
#10939 = ADVANCED_FACE('',(#10940),#10960,.T.);
#10940 = FACE_BOUND('',#10941,.T.);
#10941 = EDGE_LOOP('',(#10942,#10951,#10958,#10959));
#10942 = ORIENTED_EDGE('',*,*,#10943,.F.);
#10943 = EDGE_CURVE('',#10944,#10742,#10946,.T.);
#10944 = VERTEX_POINT('',#10945);
#10945 = CARTESIAN_POINT('',(0.764,0.458,0.23));
#10946 = CIRCLE('',#10947,6.E-03);
#10947 = AXIS2_PLACEMENT_3D('',#10948,#10949,#10950);
#10948 = CARTESIAN_POINT('',(0.764,0.458,0.224));
#10949 = DIRECTION('',(0.,-1.,0.));
#10950 = DIRECTION('',(1.,0.,0.));
#10951 = ORIENTED_EDGE('',*,*,#10952,.T.);
#10952 = EDGE_CURVE('',#10944,#10894,#10953,.T.);
#10953 = CIRCLE('',#10954,0.106);
#10954 = AXIS2_PLACEMENT_3D('',#10955,#10956,#10957);
#10955 = CARTESIAN_POINT('',(0.658,0.458,0.23));
#10956 = DIRECTION('',(0.,0.,1.));
#10957 = DIRECTION('',(1.,0.,-0.));
#10958 = ORIENTED_EDGE('',*,*,#10903,.T.);
#10959 = ORIENTED_EDGE('',*,*,#10749,.F.);
#10960 = TOROIDAL_SURFACE('',#10961,0.106,6.E-03);
#10961 = AXIS2_PLACEMENT_3D('',#10962,#10963,#10964);
#10962 = CARTESIAN_POINT('',(0.658,0.458,0.224));
#10963 = DIRECTION('',(0.,0.,1.));
#10964 = DIRECTION('',(1.,0.,-0.));
#10965 = ADVANCED_FACE('',(#10966),#10986,.T.);
#10966 = FACE_BOUND('',#10967,.T.);
#10967 = EDGE_LOOP('',(#10968,#10969,#10978,#10985));
#10968 = ORIENTED_EDGE('',*,*,#10926,.F.);
#10969 = ORIENTED_EDGE('',*,*,#10970,.T.);
#10970 = EDGE_CURVE('',#10919,#10971,#10973,.T.);
#10971 = VERTEX_POINT('',#10972);
#10972 = CARTESIAN_POINT('',(0.764,-0.458,0.23));
#10973 = CIRCLE('',#10974,0.106);
#10974 = AXIS2_PLACEMENT_3D('',#10975,#10976,#10977);
#10975 = CARTESIAN_POINT('',(0.658,-0.458,0.23));
#10976 = DIRECTION('',(-0.,0.,1.));
#10977 = DIRECTION('',(0.,-1.,0.));
#10978 = ORIENTED_EDGE('',*,*,#10979,.T.);
#10979 = EDGE_CURVE('',#10971,#10768,#10980,.T.);
#10980 = CIRCLE('',#10981,6.E-03);
#10981 = AXIS2_PLACEMENT_3D('',#10982,#10983,#10984);
#10982 = CARTESIAN_POINT('',(0.764,-0.458,0.224));
#10983 = DIRECTION('',(-6.123233995737E-17,-1.,0.));
#10984 = DIRECTION('',(1.,-6.123233995737E-17,0.));
#10985 = ORIENTED_EDGE('',*,*,#10767,.F.);
#10986 = TOROIDAL_SURFACE('',#10987,0.106,6.E-03);
#10987 = AXIS2_PLACEMENT_3D('',#10988,#10989,#10990);
#10988 = CARTESIAN_POINT('',(0.658,-0.458,0.224));
#10989 = DIRECTION('',(0.,0.,1.));
#10990 = DIRECTION('',(0.,-1.,0.));
#10991 = ADVANCED_FACE('',(#10992),#11003,.T.);
#10992 = FACE_BOUND('',#10993,.T.);
#10993 = EDGE_LOOP('',(#10994,#11000,#11001,#11002));
#10994 = ORIENTED_EDGE('',*,*,#10995,.T.);
#10995 = EDGE_CURVE('',#10971,#10944,#10996,.T.);
#10996 = LINE('',#10997,#10998);
#10997 = CARTESIAN_POINT('',(0.764,-0.458,0.23));
#10998 = VECTOR('',#10999,1.);
#10999 = DIRECTION('',(0.,1.,0.));
#11000 = ORIENTED_EDGE('',*,*,#10943,.T.);
#11001 = ORIENTED_EDGE('',*,*,#10792,.F.);
#11002 = ORIENTED_EDGE('',*,*,#10979,.F.);
#11003 = CYLINDRICAL_SURFACE('',#11004,6.E-03);
#11004 = AXIS2_PLACEMENT_3D('',#11005,#11006,#11007);
#11005 = CARTESIAN_POINT('',(0.764,-0.458,0.224));
#11006 = DIRECTION('',(0.,1.,0.));
#11007 = DIRECTION('',(0.,-0.,1.));
#11008 = ADVANCED_FACE('',(#11009,#11079),#11089,.T.);
#11009 = FACE_BOUND('',#11010,.T.);
#11010 = EDGE_LOOP('',(#11011,#11021,#11030,#11038,#11047,#11055,#11064,
    #11072));
#11011 = ORIENTED_EDGE('',*,*,#11012,.T.);
#11012 = EDGE_CURVE('',#11013,#11015,#11017,.T.);
#11013 = VERTEX_POINT('',#11014);
#11014 = CARTESIAN_POINT('',(0.754392982996,0.594,0.23));
#11015 = VERTEX_POINT('',#11016);
#11016 = CARTESIAN_POINT('',(-0.754392982996,0.594,0.23));
#11017 = LINE('',#11018,#11019);
#11018 = CARTESIAN_POINT('',(0.76,0.594,0.23));
#11019 = VECTOR('',#11020,1.);
#11020 = DIRECTION('',(-1.,0.,0.));
#11021 = ORIENTED_EDGE('',*,*,#11022,.T.);
#11022 = EDGE_CURVE('',#11015,#11023,#11025,.T.);
#11023 = VERTEX_POINT('',#11024);
#11024 = CARTESIAN_POINT('',(-0.794,0.554392982996,0.23));
#11025 = CIRCLE('',#11026,4.6E-02);
#11026 = AXIS2_PLACEMENT_3D('',#11027,#11028,#11029);
#11027 = CARTESIAN_POINT('',(-0.8,0.6,0.23));
#11028 = DIRECTION('',(0.,0.,-1.));
#11029 = DIRECTION('',(1.,0.,0.));
#11030 = ORIENTED_EDGE('',*,*,#11031,.T.);
#11031 = EDGE_CURVE('',#11023,#11032,#11034,.T.);
#11032 = VERTEX_POINT('',#11033);
#11033 = CARTESIAN_POINT('',(-0.794,-0.554392982996,0.23));
#11034 = LINE('',#11035,#11036);
#11035 = CARTESIAN_POINT('',(-0.794,0.56,0.23));
#11036 = VECTOR('',#11037,1.);
#11037 = DIRECTION('',(0.,-1.,0.));
#11038 = ORIENTED_EDGE('',*,*,#11039,.T.);
#11039 = EDGE_CURVE('',#11032,#11040,#11042,.T.);
#11040 = VERTEX_POINT('',#11041);
#11041 = CARTESIAN_POINT('',(-0.754392982996,-0.594,0.23));
#11042 = CIRCLE('',#11043,4.6E-02);
#11043 = AXIS2_PLACEMENT_3D('',#11044,#11045,#11046);
#11044 = CARTESIAN_POINT('',(-0.8,-0.6,0.23));
#11045 = DIRECTION('',(0.,0.,-1.));
#11046 = DIRECTION('',(0.,1.,0.));
#11047 = ORIENTED_EDGE('',*,*,#11048,.T.);
#11048 = EDGE_CURVE('',#11040,#11049,#11051,.T.);
#11049 = VERTEX_POINT('',#11050);
#11050 = CARTESIAN_POINT('',(0.754392982996,-0.594,0.23));
#11051 = LINE('',#11052,#11053);
#11052 = CARTESIAN_POINT('',(-0.76,-0.594,0.23));
#11053 = VECTOR('',#11054,1.);
#11054 = DIRECTION('',(1.,0.,0.));
#11055 = ORIENTED_EDGE('',*,*,#11056,.T.);
#11056 = EDGE_CURVE('',#11049,#11057,#11059,.T.);
#11057 = VERTEX_POINT('',#11058);
#11058 = CARTESIAN_POINT('',(0.794,-0.554392982996,0.23));
#11059 = CIRCLE('',#11060,4.6E-02);
#11060 = AXIS2_PLACEMENT_3D('',#11061,#11062,#11063);
#11061 = CARTESIAN_POINT('',(0.8,-0.6,0.23));
#11062 = DIRECTION('',(0.,0.,-1.));
#11063 = DIRECTION('',(-1.,0.,0.));
#11064 = ORIENTED_EDGE('',*,*,#11065,.T.);
#11065 = EDGE_CURVE('',#11057,#11066,#11068,.T.);
#11066 = VERTEX_POINT('',#11067);
#11067 = CARTESIAN_POINT('',(0.794,0.554392982996,0.23));
#11068 = LINE('',#11069,#11070);
#11069 = CARTESIAN_POINT('',(0.794,-0.56,0.23));
#11070 = VECTOR('',#11071,1.);
#11071 = DIRECTION('',(0.,1.,0.));
#11072 = ORIENTED_EDGE('',*,*,#11073,.T.);
#11073 = EDGE_CURVE('',#11066,#11013,#11074,.T.);
#11074 = CIRCLE('',#11075,4.6E-02);
#11075 = AXIS2_PLACEMENT_3D('',#11076,#11077,#11078);
#11076 = CARTESIAN_POINT('',(0.8,0.6,0.23));
#11077 = DIRECTION('',(-0.,-0.,-1.));
#11078 = DIRECTION('',(0.,-1.,0.));
#11079 = FACE_BOUND('',#11080,.T.);
#11080 = EDGE_LOOP('',(#11081,#11082,#11083,#11084,#11085,#11086,#11087,
    #11088));
#11081 = ORIENTED_EDGE('',*,*,#10952,.F.);
#11082 = ORIENTED_EDGE('',*,*,#10995,.F.);
#11083 = ORIENTED_EDGE('',*,*,#10970,.F.);
#11084 = ORIENTED_EDGE('',*,*,#10918,.F.);
#11085 = ORIENTED_EDGE('',*,*,#10868,.F.);
#11086 = ORIENTED_EDGE('',*,*,#10808,.F.);
#11087 = ORIENTED_EDGE('',*,*,#10850,.F.);
#11088 = ORIENTED_EDGE('',*,*,#10893,.F.);
#11089 = PLANE('',#11090);
#11090 = AXIS2_PLACEMENT_3D('',#11091,#11092,#11093);
#11091 = CARTESIAN_POINT('',(0.,1.982541115402E-17,0.23));
#11092 = DIRECTION('',(0.,0.,1.));
#11093 = DIRECTION('',(1.,0.,-0.));
#11094 = ADVANCED_FACE('',(#11095),#11142,.T.);
#11095 = FACE_BOUND('',#11096,.T.);
#11096 = EDGE_LOOP('',(#11097,#11116,#11124,#11141));
#11097 = ORIENTED_EDGE('',*,*,#11098,.T.);
#11098 = EDGE_CURVE('',#11013,#11099,#11101,.T.);
#11099 = VERTEX_POINT('',#11100);
#11100 = CARTESIAN_POINT('',(0.76,0.6,0.224));
#11101 = B_SPLINE_CURVE_WITH_KNOTS('',7,(#11102,#11103,#11104,#11105,
    #11106,#11107,#11108,#11109,#11110,#11111,#11112,#11113,#11114,
    #11115),.UNSPECIFIED.,.F.,.F.,(8,6,8),(0.,0.375863288068,1.),
  .UNSPECIFIED.);
#11102 = CARTESIAN_POINT('',(0.754392982996,0.593999999997,0.23));
#11103 = CARTESIAN_POINT('',(0.754836286839,0.594505439437,
    0.229999998261));
#11104 = CARTESIAN_POINT('',(0.755284531348,0.595010799001,
    0.229950328834));
#11105 = CARTESIAN_POINT('',(0.755732846243,0.595510250891,
    0.229851003886));
#11106 = CARTESIAN_POINT('',(0.756175984061,0.595997990462,
    0.229702908449));
#11107 = CARTESIAN_POINT('',(0.756608479422,0.596468382743,
    0.229507750031));
#11108 = CARTESIAN_POINT('',(0.757024808292,0.596916108956,
    0.229268008227));
#11109 = CARTESIAN_POINT('',(0.7580750278,0.59803407951,0.228520066326)
  );
#11110 = CARTESIAN_POINT('',(0.758671013247,0.598655979491,
    0.227939119087));
#11111 = CARTESIAN_POINT('',(0.759182687388,0.599179704467,
    0.227258681389));
#11112 = CARTESIAN_POINT('',(0.759586342016,0.59958634088,0.22649883146)
  );
#11113 = CARTESIAN_POINT('',(0.759862118938,0.599862118807,
    0.225684189895));
#11114 = CARTESIAN_POINT('',(0.76,0.6,0.224842083445));
#11115 = CARTESIAN_POINT('',(0.76,0.6,0.224));
#11116 = ORIENTED_EDGE('',*,*,#11117,.T.);
#11117 = EDGE_CURVE('',#11099,#11118,#11120,.T.);
#11118 = VERTEX_POINT('',#11119);
#11119 = CARTESIAN_POINT('',(-0.76,0.6,0.224));
#11120 = LINE('',#11121,#11122);
#11121 = CARTESIAN_POINT('',(0.76,0.6,0.224));
#11122 = VECTOR('',#11123,1.);
#11123 = DIRECTION('',(-1.,0.,0.));
#11124 = ORIENTED_EDGE('',*,*,#11125,.F.);
#11125 = EDGE_CURVE('',#11015,#11118,#11126,.T.);
#11126 = B_SPLINE_CURVE_WITH_KNOTS('',7,(#11127,#11128,#11129,#11130,
    #11131,#11132,#11133,#11134,#11135,#11136,#11137,#11138,#11139,
    #11140),.UNSPECIFIED.,.F.,.F.,(8,6,8),(0.,0.375863287968,1.),
  .UNSPECIFIED.);
#11127 = CARTESIAN_POINT('',(-0.754392982996,0.594000000002,0.23));
#11128 = CARTESIAN_POINT('',(-0.754836286843,0.594505439434,
    0.229999998261));
#11129 = CARTESIAN_POINT('',(-0.755284531349,0.595010799002,
    0.229950328834));
#11130 = CARTESIAN_POINT('',(-0.755732846242,0.595510250894,
    0.229851003885));
#11131 = CARTESIAN_POINT('',(-0.756175984062,0.595997990463,
    0.229702908448));
#11132 = CARTESIAN_POINT('',(-0.756608479424,0.596468382742,
    0.229507750031));
#11133 = CARTESIAN_POINT('',(-0.757024808292,0.596916108957,
    0.229268008227));
#11134 = CARTESIAN_POINT('',(-0.7580750278,0.59803407951,0.228520066326)
  );
#11135 = CARTESIAN_POINT('',(-0.758671013247,0.598655979491,
    0.227939119087));
#11136 = CARTESIAN_POINT('',(-0.759182687388,0.599179704467,
    0.227258681389));
#11137 = CARTESIAN_POINT('',(-0.759586342016,0.59958634088,0.22649883146
    ));
#11138 = CARTESIAN_POINT('',(-0.759862118938,0.599862118807,
    0.225684189895));
#11139 = CARTESIAN_POINT('',(-0.76,0.6,0.224842083445));
#11140 = CARTESIAN_POINT('',(-0.76,0.6,0.224));
#11141 = ORIENTED_EDGE('',*,*,#11012,.F.);
#11142 = CYLINDRICAL_SURFACE('',#11143,6.E-03);
#11143 = AXIS2_PLACEMENT_3D('',#11144,#11145,#11146);
#11144 = CARTESIAN_POINT('',(0.76,0.594,0.224));
#11145 = DIRECTION('',(-1.,0.,0.));
#11146 = DIRECTION('',(0.,0.,1.));
#11147 = ADVANCED_FACE('',(#11148),#11178,.T.);
#11148 = FACE_BOUND('',#11149,.T.);
#11149 = EDGE_LOOP('',(#11150,#11159,#11160,#11161));
#11150 = ORIENTED_EDGE('',*,*,#11151,.T.);
#11151 = EDGE_CURVE('',#11152,#11099,#11154,.T.);
#11152 = VERTEX_POINT('',#11153);
#11153 = CARTESIAN_POINT('',(0.8,0.56,0.224));
#11154 = CIRCLE('',#11155,4.E-02);
#11155 = AXIS2_PLACEMENT_3D('',#11156,#11157,#11158);
#11156 = CARTESIAN_POINT('',(0.8,0.6,0.224));
#11157 = DIRECTION('',(-0.,-0.,-1.));
#11158 = DIRECTION('',(0.,-1.,0.));
#11159 = ORIENTED_EDGE('',*,*,#11098,.F.);
#11160 = ORIENTED_EDGE('',*,*,#11073,.F.);
#11161 = ORIENTED_EDGE('',*,*,#11162,.T.);
#11162 = EDGE_CURVE('',#11066,#11152,#11163,.T.);
#11163 = B_SPLINE_CURVE_WITH_KNOTS('',7,(#11164,#11165,#11166,#11167,
    #11168,#11169,#11170,#11171,#11172,#11173,#11174,#11175,#11176,
    #11177),.UNSPECIFIED.,.F.,.F.,(8,6,8),(0.,0.375863287969,1.),
  .UNSPECIFIED.);
#11164 = CARTESIAN_POINT('',(0.794,0.554392982996,0.23));
#11165 = CARTESIAN_POINT('',(0.794505439437,0.554836286843,
    0.229999998261));
#11166 = CARTESIAN_POINT('',(0.795010799002,0.555284531349,
    0.229950328834));
#11167 = CARTESIAN_POINT('',(0.795510250893,0.555732846243,
    0.229851003885));
#11168 = CARTESIAN_POINT('',(0.795997990463,0.556175984062,
    0.229702908448));
#11169 = CARTESIAN_POINT('',(0.796468382742,0.556608479423,
    0.229507750031));
#11170 = CARTESIAN_POINT('',(0.796916108957,0.557024808292,
    0.229268008227));
#11171 = CARTESIAN_POINT('',(0.79803407951,0.5580750278,0.228520066326)
  );
#11172 = CARTESIAN_POINT('',(0.798655979491,0.558671013247,
    0.227939119087));
#11173 = CARTESIAN_POINT('',(0.799179704467,0.559182687388,
    0.227258681389));
#11174 = CARTESIAN_POINT('',(0.79958634088,0.559586342016,0.22649883146)
  );
#11175 = CARTESIAN_POINT('',(0.799862118807,0.559862118938,
    0.225684189895));
#11176 = CARTESIAN_POINT('',(0.8,0.56,0.224842083445));
#11177 = CARTESIAN_POINT('',(0.8,0.56,0.224));
#11178 = TOROIDAL_SURFACE('',#11179,4.6E-02,6.E-03);
#11179 = AXIS2_PLACEMENT_3D('',#11180,#11181,#11182);
#11180 = CARTESIAN_POINT('',(0.8,0.6,0.224));
#11181 = DIRECTION('',(0.,0.,1.));
#11182 = DIRECTION('',(0.,-1.,0.));
#11183 = ADVANCED_FACE('',(#11184),#11226,.T.);
#11184 = FACE_BOUND('',#11185,.T.);
#11185 = EDGE_LOOP('',(#11186,#11187,#11188,#11197));
#11186 = ORIENTED_EDGE('',*,*,#11022,.F.);
#11187 = ORIENTED_EDGE('',*,*,#11125,.T.);
#11188 = ORIENTED_EDGE('',*,*,#11189,.T.);
#11189 = EDGE_CURVE('',#11118,#11190,#11192,.T.);
#11190 = VERTEX_POINT('',#11191);
#11191 = CARTESIAN_POINT('',(-0.8,0.56,0.224));
#11192 = CIRCLE('',#11193,4.E-02);
#11193 = AXIS2_PLACEMENT_3D('',#11194,#11195,#11196);
#11194 = CARTESIAN_POINT('',(-0.8,0.6,0.224));
#11195 = DIRECTION('',(0.,0.,-1.));
#11196 = DIRECTION('',(1.,0.,0.));
#11197 = ORIENTED_EDGE('',*,*,#11198,.F.);
#11198 = EDGE_CURVE('',#11023,#11190,#11199,.T.);
#11199 = B_SPLINE_CURVE_WITH_KNOTS('',7,(#11200,#11201,#11202,#11203,
    #11204,#11205,#11206,#11207,#11208,#11209,#11210,#11211,#11212,
    #11213,#11214,#11215,#11216,#11217,#11218,#11219,#11220,#11221,
    #11222,#11223,#11224,#11225),.UNSPECIFIED.,.F.,.F.,(8,6,6,6,8),(0.,
    9.750017679837E-02,0.193636473996,0.375863186298,1.),.UNSPECIFIED.);
#11200 = CARTESIAN_POINT('',(-0.794000001994,0.554392982734,0.23));
#11201 = CARTESIAN_POINT('',(-0.794131110643,0.554507977241,
    0.229999999977));
#11202 = CARTESIAN_POINT('',(-0.794262217568,0.554623301107,
    0.229996657443));
#11203 = CARTESIAN_POINT('',(-0.794393216702,0.55473887374,
    0.229989972883));
#11204 = CARTESIAN_POINT('',(-0.794524005937,0.55485460861,
    0.229979950617));
#11205 = CARTESIAN_POINT('',(-0.794654485202,0.554970415805,
    0.229966598773));
#11206 = CARTESIAN_POINT('',(-0.794784554547,0.555086204586,
    0.229949929261));
#11207 = CARTESIAN_POINT('',(-0.795041857568,0.555315949098,0.2299102656
    ));
#11208 = CARTESIAN_POINT('',(-0.795169108059,0.555429909216,
    0.229887362846));
#11209 = CARTESIAN_POINT('',(-0.795295766641,0.555543678551,
    0.22986126446));
#11210 = CARTESIAN_POINT('',(-0.795421737101,0.555657168525,
    0.229831989013));
#11211 = CARTESIAN_POINT('',(-0.795546924065,0.555770289733,
    0.229799558674));
#11212 = CARTESIAN_POINT('',(-0.795671232993,0.555882951938,
    0.229763999209));
#11213 = CARTESIAN_POINT('',(-0.796028356283,0.556207573059,
    0.229652061261));
#11214 = CARTESIAN_POINT('',(-0.79625865836,0.556418113195,
    0.229567642794));
#11215 = CARTESIAN_POINT('',(-0.796484839951,0.556626064185,
    0.229472283569));
#11216 = CARTESIAN_POINT('',(-0.796706284049,0.556830805059,
    0.229366224448));
#11217 = CARTESIAN_POINT('',(-0.796922393095,0.557031714177,
    0.229249748158));
#11218 = CARTESIAN_POINT('',(-0.797132588979,0.557228169233,
    0.229123179296));
#11219 = CARTESIAN_POINT('',(-0.79803407951,0.5580750278,0.228520066326)
  );
#11220 = CARTESIAN_POINT('',(-0.798655979491,0.558671013247,
    0.227939119087));
#11221 = CARTESIAN_POINT('',(-0.799179704467,0.559182687388,
    0.227258681389));
#11222 = CARTESIAN_POINT('',(-0.79958634088,0.559586342016,0.22649883146
    ));
#11223 = CARTESIAN_POINT('',(-0.799862118807,0.559862118938,
    0.225684189895));
#11224 = CARTESIAN_POINT('',(-0.8,0.56,0.224842083445));
#11225 = CARTESIAN_POINT('',(-0.8,0.56,0.224));
#11226 = TOROIDAL_SURFACE('',#11227,4.6E-02,6.E-03);
#11227 = AXIS2_PLACEMENT_3D('',#11228,#11229,#11230);
#11228 = CARTESIAN_POINT('',(-0.8,0.6,0.224));
#11229 = DIRECTION('',(0.,0.,1.));
#11230 = DIRECTION('',(1.,0.,-0.));
#11231 = ADVANCED_FACE('',(#11232),#11261,.T.);
#11232 = FACE_BOUND('',#11233,.T.);
#11233 = EDGE_LOOP('',(#11234,#11253,#11259,#11260));
#11234 = ORIENTED_EDGE('',*,*,#11235,.T.);
#11235 = EDGE_CURVE('',#11057,#11236,#11238,.T.);
#11236 = VERTEX_POINT('',#11237);
#11237 = CARTESIAN_POINT('',(0.8,-0.56,0.224));
#11238 = B_SPLINE_CURVE_WITH_KNOTS('',7,(#11239,#11240,#11241,#11242,
    #11243,#11244,#11245,#11246,#11247,#11248,#11249,#11250,#11251,
    #11252),.UNSPECIFIED.,.F.,.F.,(8,6,8),(0.,0.37586328797,1.),
  .UNSPECIFIED.);
#11239 = CARTESIAN_POINT('',(0.794000000002,-0.554392982996,0.23));
#11240 = CARTESIAN_POINT('',(0.794505439434,-0.554836286843,
    0.229999998261));
#11241 = CARTESIAN_POINT('',(0.795010799002,-0.555284531349,
    0.229950328834));
#11242 = CARTESIAN_POINT('',(0.795510250894,-0.555732846242,
    0.229851003885));
#11243 = CARTESIAN_POINT('',(0.795997990463,-0.556175984062,
    0.229702908448));
#11244 = CARTESIAN_POINT('',(0.796468382742,-0.556608479424,
    0.229507750031));
#11245 = CARTESIAN_POINT('',(0.796916108957,-0.557024808292,
    0.229268008227));
#11246 = CARTESIAN_POINT('',(0.79803407951,-0.5580750278,0.228520066326)
  );
#11247 = CARTESIAN_POINT('',(0.798655979491,-0.558671013247,
    0.227939119087));
#11248 = CARTESIAN_POINT('',(0.799179704467,-0.559182687388,
    0.227258681389));
#11249 = CARTESIAN_POINT('',(0.79958634088,-0.559586342016,0.22649883146
    ));
#11250 = CARTESIAN_POINT('',(0.799862118807,-0.559862118938,
    0.225684189895));
#11251 = CARTESIAN_POINT('',(0.8,-0.56,0.224842083445));
#11252 = CARTESIAN_POINT('',(0.8,-0.56,0.224));
#11253 = ORIENTED_EDGE('',*,*,#11254,.T.);
#11254 = EDGE_CURVE('',#11236,#11152,#11255,.T.);
#11255 = LINE('',#11256,#11257);
#11256 = CARTESIAN_POINT('',(0.8,-0.56,0.224));
#11257 = VECTOR('',#11258,1.);
#11258 = DIRECTION('',(0.,1.,0.));
#11259 = ORIENTED_EDGE('',*,*,#11162,.F.);
#11260 = ORIENTED_EDGE('',*,*,#11065,.F.);
#11261 = CYLINDRICAL_SURFACE('',#11262,6.E-03);
#11262 = AXIS2_PLACEMENT_3D('',#11263,#11264,#11265);
#11263 = CARTESIAN_POINT('',(0.794,-0.56,0.224));
#11264 = DIRECTION('',(0.,1.,0.));
#11265 = DIRECTION('',(0.,-0.,1.));
#11266 = ADVANCED_FACE('',(#11267),#11296,.T.);
#11267 = FACE_BOUND('',#11268,.T.);
#11268 = EDGE_LOOP('',(#11269,#11270,#11278,#11295));
#11269 = ORIENTED_EDGE('',*,*,#11198,.T.);
#11270 = ORIENTED_EDGE('',*,*,#11271,.T.);
#11271 = EDGE_CURVE('',#11190,#11272,#11274,.T.);
#11272 = VERTEX_POINT('',#11273);
#11273 = CARTESIAN_POINT('',(-0.8,-0.56,0.224));
#11274 = LINE('',#11275,#11276);
#11275 = CARTESIAN_POINT('',(-0.8,0.56,0.224));
#11276 = VECTOR('',#11277,1.);
#11277 = DIRECTION('',(0.,-1.,0.));
#11278 = ORIENTED_EDGE('',*,*,#11279,.F.);
#11279 = EDGE_CURVE('',#11032,#11272,#11280,.T.);
#11280 = B_SPLINE_CURVE_WITH_KNOTS('',7,(#11281,#11282,#11283,#11284,
    #11285,#11286,#11287,#11288,#11289,#11290,#11291,#11292,#11293,
    #11294),.UNSPECIFIED.,.F.,.F.,(8,6,8),(0.,0.375863287969,1.),
  .UNSPECIFIED.);
#11281 = CARTESIAN_POINT('',(-0.794,-0.554392982996,0.23));
#11282 = CARTESIAN_POINT('',(-0.794505439437,-0.554836286843,
    0.229999998261));
#11283 = CARTESIAN_POINT('',(-0.795010799002,-0.555284531349,
    0.229950328834));
#11284 = CARTESIAN_POINT('',(-0.795510250893,-0.555732846243,
    0.229851003885));
#11285 = CARTESIAN_POINT('',(-0.795997990463,-0.556175984062,
    0.229702908448));
#11286 = CARTESIAN_POINT('',(-0.796468382742,-0.556608479423,
    0.229507750031));
#11287 = CARTESIAN_POINT('',(-0.796916108957,-0.557024808292,
    0.229268008227));
#11288 = CARTESIAN_POINT('',(-0.79803407951,-0.5580750278,0.228520066326
    ));
#11289 = CARTESIAN_POINT('',(-0.798655979491,-0.558671013247,
    0.227939119087));
#11290 = CARTESIAN_POINT('',(-0.799179704467,-0.559182687388,
    0.227258681389));
#11291 = CARTESIAN_POINT('',(-0.79958634088,-0.559586342016,
    0.22649883146));
#11292 = CARTESIAN_POINT('',(-0.799862118807,-0.559862118938,
    0.225684189895));
#11293 = CARTESIAN_POINT('',(-0.8,-0.56,0.224842083445));
#11294 = CARTESIAN_POINT('',(-0.8,-0.56,0.224));
#11295 = ORIENTED_EDGE('',*,*,#11031,.F.);
#11296 = CYLINDRICAL_SURFACE('',#11297,6.E-03);
#11297 = AXIS2_PLACEMENT_3D('',#11298,#11299,#11300);
#11298 = CARTESIAN_POINT('',(-0.794,0.56,0.224));
#11299 = DIRECTION('',(0.,-1.,0.));
#11300 = DIRECTION('',(0.,0.,1.));
#11301 = ADVANCED_FACE('',(#11302),#11332,.T.);
#11302 = FACE_BOUND('',#11303,.T.);
#11303 = EDGE_LOOP('',(#11304,#11323,#11330,#11331));
#11304 = ORIENTED_EDGE('',*,*,#11305,.F.);
#11305 = EDGE_CURVE('',#11306,#11049,#11308,.T.);
#11306 = VERTEX_POINT('',#11307);
#11307 = CARTESIAN_POINT('',(0.76,-0.6,0.224));
#11308 = B_SPLINE_CURVE_WITH_KNOTS('',7,(#11309,#11310,#11311,#11312,
    #11313,#11314,#11315,#11316,#11317,#11318,#11319,#11320,#11321,
    #11322),.UNSPECIFIED.,.F.,.F.,(8,6,8),(0.,0.624136712036,1.),
  .UNSPECIFIED.);
#11309 = CARTESIAN_POINT('',(0.76,-0.6,0.224));
#11310 = CARTESIAN_POINT('',(0.76,-0.6,0.224842083445));
#11311 = CARTESIAN_POINT('',(0.759862118938,-0.599862118807,
    0.225684189895));
#11312 = CARTESIAN_POINT('',(0.759586342016,-0.59958634088,0.22649883146
    ));
#11313 = CARTESIAN_POINT('',(0.759182687388,-0.599179704467,
    0.227258681389));
#11314 = CARTESIAN_POINT('',(0.758671013247,-0.598655979491,
    0.227939119087));
#11315 = CARTESIAN_POINT('',(0.7580750278,-0.59803407951,0.228520066326)
  );
#11316 = CARTESIAN_POINT('',(0.757024808292,-0.596916108957,
    0.229268008227));
#11317 = CARTESIAN_POINT('',(0.756608479423,-0.596468382744,
    0.229507750031));
#11318 = CARTESIAN_POINT('',(0.756175984062,-0.595997990463,
    0.229702908448));
#11319 = CARTESIAN_POINT('',(0.755732846243,-0.595510250891,
    0.229851003885));
#11320 = CARTESIAN_POINT('',(0.755284531349,-0.595010799002,
    0.229950328834));
#11321 = CARTESIAN_POINT('',(0.754836286842,-0.59450543944,
    0.229999998261));
#11322 = CARTESIAN_POINT('',(0.754392982996,-0.593999999997,0.23));
#11323 = ORIENTED_EDGE('',*,*,#11324,.T.);
#11324 = EDGE_CURVE('',#11306,#11236,#11325,.T.);
#11325 = CIRCLE('',#11326,4.E-02);
#11326 = AXIS2_PLACEMENT_3D('',#11327,#11328,#11329);
#11327 = CARTESIAN_POINT('',(0.8,-0.6,0.224));
#11328 = DIRECTION('',(0.,0.,-1.));
#11329 = DIRECTION('',(-1.,0.,0.));
#11330 = ORIENTED_EDGE('',*,*,#11235,.F.);
#11331 = ORIENTED_EDGE('',*,*,#11056,.F.);
#11332 = TOROIDAL_SURFACE('',#11333,4.6E-02,6.E-03);
#11333 = AXIS2_PLACEMENT_3D('',#11334,#11335,#11336);
#11334 = CARTESIAN_POINT('',(0.8,-0.6,0.224));
#11335 = DIRECTION('',(-0.,-0.,-1.));
#11336 = DIRECTION('',(-1.,0.,0.));
#11337 = ADVANCED_FACE('',(#11338),#11368,.T.);
#11338 = FACE_BOUND('',#11339,.T.);
#11339 = EDGE_LOOP('',(#11340,#11349,#11366,#11367));
#11340 = ORIENTED_EDGE('',*,*,#11341,.T.);
#11341 = EDGE_CURVE('',#11272,#11342,#11344,.T.);
#11342 = VERTEX_POINT('',#11343);
#11343 = CARTESIAN_POINT('',(-0.76,-0.6,0.224));
#11344 = CIRCLE('',#11345,4.E-02);
#11345 = AXIS2_PLACEMENT_3D('',#11346,#11347,#11348);
#11346 = CARTESIAN_POINT('',(-0.8,-0.6,0.224));
#11347 = DIRECTION('',(0.,0.,-1.));
#11348 = DIRECTION('',(0.,1.,0.));
#11349 = ORIENTED_EDGE('',*,*,#11350,.T.);
#11350 = EDGE_CURVE('',#11342,#11040,#11351,.T.);
#11351 = B_SPLINE_CURVE_WITH_KNOTS('',7,(#11352,#11353,#11354,#11355,
    #11356,#11357,#11358,#11359,#11360,#11361,#11362,#11363,#11364,
    #11365),.UNSPECIFIED.,.F.,.F.,(8,6,8),(0.,0.62413671203,1.),
  .UNSPECIFIED.);
#11352 = CARTESIAN_POINT('',(-0.76,-0.6,0.224));
#11353 = CARTESIAN_POINT('',(-0.76,-0.6,0.224842083445));
#11354 = CARTESIAN_POINT('',(-0.759862118938,-0.599862118807,
    0.225684189895));
#11355 = CARTESIAN_POINT('',(-0.759586342016,-0.59958634088,
    0.22649883146));
#11356 = CARTESIAN_POINT('',(-0.759182687388,-0.599179704467,
    0.227258681389));
#11357 = CARTESIAN_POINT('',(-0.758671013247,-0.598655979491,
    0.227939119087));
#11358 = CARTESIAN_POINT('',(-0.7580750278,-0.59803407951,0.228520066326
    ));
#11359 = CARTESIAN_POINT('',(-0.757024808292,-0.596916108957,
    0.229268008227));
#11360 = CARTESIAN_POINT('',(-0.756608479423,-0.596468382744,
    0.229507750031));
#11361 = CARTESIAN_POINT('',(-0.756175984062,-0.595997990463,
    0.229702908448));
#11362 = CARTESIAN_POINT('',(-0.755732846243,-0.595510250891,
    0.229851003885));
#11363 = CARTESIAN_POINT('',(-0.755284531349,-0.595010799002,
    0.229950328834));
#11364 = CARTESIAN_POINT('',(-0.754836286842,-0.59450543944,
    0.229999998261));
#11365 = CARTESIAN_POINT('',(-0.754392982996,-0.593999999997,0.23));
#11366 = ORIENTED_EDGE('',*,*,#11039,.F.);
#11367 = ORIENTED_EDGE('',*,*,#11279,.T.);
#11368 = TOROIDAL_SURFACE('',#11369,4.6E-02,6.E-03);
#11369 = AXIS2_PLACEMENT_3D('',#11370,#11371,#11372);
#11370 = CARTESIAN_POINT('',(-0.8,-0.6,0.224));
#11371 = DIRECTION('',(0.,0.,1.));
#11372 = DIRECTION('',(0.,1.,0.));
#11373 = ADVANCED_FACE('',(#11374),#11385,.T.);
#11374 = FACE_BOUND('',#11375,.T.);
#11375 = EDGE_LOOP('',(#11376,#11382,#11383,#11384));
#11376 = ORIENTED_EDGE('',*,*,#11377,.T.);
#11377 = EDGE_CURVE('',#11342,#11306,#11378,.T.);
#11378 = LINE('',#11379,#11380);
#11379 = CARTESIAN_POINT('',(-0.76,-0.6,0.224));
#11380 = VECTOR('',#11381,1.);
#11381 = DIRECTION('',(1.,0.,0.));
#11382 = ORIENTED_EDGE('',*,*,#11305,.T.);
#11383 = ORIENTED_EDGE('',*,*,#11048,.F.);
#11384 = ORIENTED_EDGE('',*,*,#11350,.F.);
#11385 = CYLINDRICAL_SURFACE('',#11386,6.E-03);
#11386 = AXIS2_PLACEMENT_3D('',#11387,#11388,#11389);
#11387 = CARTESIAN_POINT('',(-0.76,-0.594,0.224));
#11388 = DIRECTION('',(1.,0.,0.));
#11389 = DIRECTION('',(0.,-1.,0.));
#11390 = ADVANCED_FACE('',(#11391),#11448,.F.);
#11391 = FACE_BOUND('',#11392,.F.);
#11392 = EDGE_LOOP('',(#11393,#11401,#11409,#11417,#11425,#11433,#11441,
    #11447));
#11393 = ORIENTED_EDGE('',*,*,#11394,.F.);
#11394 = EDGE_CURVE('',#11395,#11118,#11397,.T.);
#11395 = VERTEX_POINT('',#11396);
#11396 = CARTESIAN_POINT('',(-0.76,0.6,0.1));
#11397 = LINE('',#11398,#11399);
#11398 = CARTESIAN_POINT('',(-0.76,0.6,-7.E-02));
#11399 = VECTOR('',#11400,1.);
#11400 = DIRECTION('',(0.,0.,1.));
#11401 = ORIENTED_EDGE('',*,*,#11402,.T.);
#11402 = EDGE_CURVE('',#11395,#11403,#11405,.T.);
#11403 = VERTEX_POINT('',#11404);
#11404 = CARTESIAN_POINT('',(-0.25,0.6,0.1));
#11405 = LINE('',#11406,#11407);
#11406 = CARTESIAN_POINT('',(0.125,0.6,0.1));
#11407 = VECTOR('',#11408,1.);
#11408 = DIRECTION('',(1.,0.,-0.));
#11409 = ORIENTED_EDGE('',*,*,#11410,.F.);
#11410 = EDGE_CURVE('',#11411,#11403,#11413,.T.);
#11411 = VERTEX_POINT('',#11412);
#11412 = CARTESIAN_POINT('',(-0.25,0.6,3.E-02));
#11413 = LINE('',#11414,#11415);
#11414 = CARTESIAN_POINT('',(-0.25,0.6,1.5E-02));
#11415 = VECTOR('',#11416,1.);
#11416 = DIRECTION('',(0.,0.,1.));
#11417 = ORIENTED_EDGE('',*,*,#11418,.F.);
#11418 = EDGE_CURVE('',#11419,#11411,#11421,.T.);
#11419 = VERTEX_POINT('',#11420);
#11420 = CARTESIAN_POINT('',(0.25,0.6,3.E-02));
#11421 = LINE('',#11422,#11423);
#11422 = CARTESIAN_POINT('',(0.8,0.6,3.E-02));
#11423 = VECTOR('',#11424,1.);
#11424 = DIRECTION('',(-1.,0.,0.));
#11425 = ORIENTED_EDGE('',*,*,#11426,.F.);
#11426 = EDGE_CURVE('',#11427,#11419,#11429,.T.);
#11427 = VERTEX_POINT('',#11428);
#11428 = CARTESIAN_POINT('',(0.25,0.6,0.1));
#11429 = LINE('',#11430,#11431);
#11430 = CARTESIAN_POINT('',(0.25,0.6,1.5E-02));
#11431 = VECTOR('',#11432,1.);
#11432 = DIRECTION('',(0.,0.,-1.));
#11433 = ORIENTED_EDGE('',*,*,#11434,.T.);
#11434 = EDGE_CURVE('',#11427,#11435,#11437,.T.);
#11435 = VERTEX_POINT('',#11436);
#11436 = CARTESIAN_POINT('',(0.76,0.6,0.1));
#11437 = LINE('',#11438,#11439);
#11438 = CARTESIAN_POINT('',(0.675,0.6,0.1));
#11439 = VECTOR('',#11440,1.);
#11440 = DIRECTION('',(1.,0.,-0.));
#11441 = ORIENTED_EDGE('',*,*,#11442,.F.);
#11442 = EDGE_CURVE('',#11099,#11435,#11443,.T.);
#11443 = LINE('',#11444,#11445);
#11444 = CARTESIAN_POINT('',(0.76,0.6,-7.E-02));
#11445 = VECTOR('',#11446,1.);
#11446 = DIRECTION('',(-0.,-0.,-1.));
#11447 = ORIENTED_EDGE('',*,*,#11117,.T.);
#11448 = PLANE('',#11449);
#11449 = AXIS2_PLACEMENT_3D('',#11450,#11451,#11452);
#11450 = CARTESIAN_POINT('',(0.8,0.6,3.E-02));
#11451 = DIRECTION('',(0.,-1.,0.));
#11452 = DIRECTION('',(-1.,0.,0.));
#11453 = ADVANCED_FACE('',(#11454),#11523,.F.);
#11454 = FACE_BOUND('',#11455,.F.);
#11455 = EDGE_LOOP('',(#11456,#11457,#11466,#11474,#11482,#11491,#11499,
    #11507,#11516,#11522));
#11456 = ORIENTED_EDGE('',*,*,#11442,.T.);
#11457 = ORIENTED_EDGE('',*,*,#11458,.F.);
#11458 = EDGE_CURVE('',#11459,#11435,#11461,.T.);
#11459 = VERTEX_POINT('',#11460);
#11460 = CARTESIAN_POINT('',(0.760452560133,0.594,0.1));
#11461 = CIRCLE('',#11462,4.E-02);
#11462 = AXIS2_PLACEMENT_3D('',#11463,#11464,#11465);
#11463 = CARTESIAN_POINT('',(0.8,0.6,0.1));
#11464 = DIRECTION('',(0.,0.,-1.));
#11465 = DIRECTION('',(1.,0.,0.));
#11466 = ORIENTED_EDGE('',*,*,#11467,.F.);
#11467 = EDGE_CURVE('',#11468,#11459,#11470,.T.);
#11468 = VERTEX_POINT('',#11469);
#11469 = CARTESIAN_POINT('',(0.760452560133,0.594,0.17));
#11470 = LINE('',#11471,#11472);
#11471 = CARTESIAN_POINT('',(0.760452560133,0.594,-7.E-02));
#11472 = VECTOR('',#11473,1.);
#11473 = DIRECTION('',(-0.,-0.,-1.));
#11474 = ORIENTED_EDGE('',*,*,#11475,.F.);
#11475 = EDGE_CURVE('',#11476,#11468,#11478,.T.);
#11476 = VERTEX_POINT('',#11477);
#11477 = CARTESIAN_POINT('',(0.760452560133,0.594,0.2));
#11478 = LINE('',#11479,#11480);
#11479 = CARTESIAN_POINT('',(0.760452560133,0.594,-7.E-02));
#11480 = VECTOR('',#11481,1.);
#11481 = DIRECTION('',(-0.,-0.,-1.));
#11482 = ORIENTED_EDGE('',*,*,#11483,.F.);
#11483 = EDGE_CURVE('',#11484,#11476,#11486,.T.);
#11484 = VERTEX_POINT('',#11485);
#11485 = CARTESIAN_POINT('',(0.794,0.560452560133,0.2));
#11486 = CIRCLE('',#11487,4.E-02);
#11487 = AXIS2_PLACEMENT_3D('',#11488,#11489,#11490);
#11488 = CARTESIAN_POINT('',(0.8,0.6,0.2));
#11489 = DIRECTION('',(0.,0.,-1.));
#11490 = DIRECTION('',(1.,0.,0.));
#11491 = ORIENTED_EDGE('',*,*,#11492,.T.);
#11492 = EDGE_CURVE('',#11484,#11493,#11495,.T.);
#11493 = VERTEX_POINT('',#11494);
#11494 = CARTESIAN_POINT('',(0.794,0.560452560133,0.17));
#11495 = LINE('',#11496,#11497);
#11496 = CARTESIAN_POINT('',(0.794,0.560452560133,-7.E-02));
#11497 = VECTOR('',#11498,1.);
#11498 = DIRECTION('',(-0.,-0.,-1.));
#11499 = ORIENTED_EDGE('',*,*,#11500,.T.);
#11500 = EDGE_CURVE('',#11493,#11501,#11503,.T.);
#11501 = VERTEX_POINT('',#11502);
#11502 = CARTESIAN_POINT('',(0.794,0.560452560133,0.1));
#11503 = LINE('',#11504,#11505);
#11504 = CARTESIAN_POINT('',(0.794,0.560452560133,-7.E-02));
#11505 = VECTOR('',#11506,1.);
#11506 = DIRECTION('',(-0.,-0.,-1.));
#11507 = ORIENTED_EDGE('',*,*,#11508,.F.);
#11508 = EDGE_CURVE('',#11509,#11501,#11511,.T.);
#11509 = VERTEX_POINT('',#11510);
#11510 = CARTESIAN_POINT('',(0.8,0.56,0.1));
#11511 = CIRCLE('',#11512,4.E-02);
#11512 = AXIS2_PLACEMENT_3D('',#11513,#11514,#11515);
#11513 = CARTESIAN_POINT('',(0.8,0.6,0.1));
#11514 = DIRECTION('',(0.,0.,-1.));
#11515 = DIRECTION('',(1.,0.,0.));
#11516 = ORIENTED_EDGE('',*,*,#11517,.F.);
#11517 = EDGE_CURVE('',#11152,#11509,#11518,.T.);
#11518 = LINE('',#11519,#11520);
#11519 = CARTESIAN_POINT('',(0.8,0.56,-7.E-02));
#11520 = VECTOR('',#11521,1.);
#11521 = DIRECTION('',(-0.,-0.,-1.));
#11522 = ORIENTED_EDGE('',*,*,#11151,.T.);
#11523 = CYLINDRICAL_SURFACE('',#11524,4.E-02);
#11524 = AXIS2_PLACEMENT_3D('',#11525,#11526,#11527);
#11525 = CARTESIAN_POINT('',(0.8,0.6,-7.E-02));
#11526 = DIRECTION('',(-0.,-0.,-1.));
#11527 = DIRECTION('',(1.,0.,0.));
#11528 = ADVANCED_FACE('',(#11529),#11598,.F.);
#11529 = FACE_BOUND('',#11530,.F.);
#11530 = EDGE_LOOP('',(#11531,#11532,#11540,#11549,#11557,#11565,#11574,
    #11582,#11590,#11597));
#11531 = ORIENTED_EDGE('',*,*,#11189,.T.);
#11532 = ORIENTED_EDGE('',*,*,#11533,.T.);
#11533 = EDGE_CURVE('',#11190,#11534,#11536,.T.);
#11534 = VERTEX_POINT('',#11535);
#11535 = CARTESIAN_POINT('',(-0.8,0.56,0.1));
#11536 = LINE('',#11537,#11538);
#11537 = CARTESIAN_POINT('',(-0.8,0.56,-7.E-02));
#11538 = VECTOR('',#11539,1.);
#11539 = DIRECTION('',(-0.,-0.,-1.));
#11540 = ORIENTED_EDGE('',*,*,#11541,.F.);
#11541 = EDGE_CURVE('',#11542,#11534,#11544,.T.);
#11542 = VERTEX_POINT('',#11543);
#11543 = CARTESIAN_POINT('',(-0.794,0.560452560133,0.1));
#11544 = CIRCLE('',#11545,4.E-02);
#11545 = AXIS2_PLACEMENT_3D('',#11546,#11547,#11548);
#11546 = CARTESIAN_POINT('',(-0.8,0.6,0.1));
#11547 = DIRECTION('',(0.,0.,-1.));
#11548 = DIRECTION('',(1.,0.,0.));
#11549 = ORIENTED_EDGE('',*,*,#11550,.F.);
#11550 = EDGE_CURVE('',#11551,#11542,#11553,.T.);
#11551 = VERTEX_POINT('',#11552);
#11552 = CARTESIAN_POINT('',(-0.794,0.560452560133,0.17));
#11553 = LINE('',#11554,#11555);
#11554 = CARTESIAN_POINT('',(-0.794,0.560452560133,-7.E-02));
#11555 = VECTOR('',#11556,1.);
#11556 = DIRECTION('',(-0.,-0.,-1.));
#11557 = ORIENTED_EDGE('',*,*,#11558,.F.);
#11558 = EDGE_CURVE('',#11559,#11551,#11561,.T.);
#11559 = VERTEX_POINT('',#11560);
#11560 = CARTESIAN_POINT('',(-0.794,0.560452560133,0.2));
#11561 = LINE('',#11562,#11563);
#11562 = CARTESIAN_POINT('',(-0.794,0.560452560133,-7.E-02));
#11563 = VECTOR('',#11564,1.);
#11564 = DIRECTION('',(-0.,-0.,-1.));
#11565 = ORIENTED_EDGE('',*,*,#11566,.F.);
#11566 = EDGE_CURVE('',#11567,#11559,#11569,.T.);
#11567 = VERTEX_POINT('',#11568);
#11568 = CARTESIAN_POINT('',(-0.760452560133,0.594,0.2));
#11569 = CIRCLE('',#11570,4.E-02);
#11570 = AXIS2_PLACEMENT_3D('',#11571,#11572,#11573);
#11571 = CARTESIAN_POINT('',(-0.8,0.6,0.2));
#11572 = DIRECTION('',(0.,0.,-1.));
#11573 = DIRECTION('',(1.,0.,0.));
#11574 = ORIENTED_EDGE('',*,*,#11575,.T.);
#11575 = EDGE_CURVE('',#11567,#11576,#11578,.T.);
#11576 = VERTEX_POINT('',#11577);
#11577 = CARTESIAN_POINT('',(-0.760452560133,0.594,0.17));
#11578 = LINE('',#11579,#11580);
#11579 = CARTESIAN_POINT('',(-0.760452560133,0.594,-7.E-02));
#11580 = VECTOR('',#11581,1.);
#11581 = DIRECTION('',(-0.,-0.,-1.));
#11582 = ORIENTED_EDGE('',*,*,#11583,.T.);
#11583 = EDGE_CURVE('',#11576,#11584,#11586,.T.);
#11584 = VERTEX_POINT('',#11585);
#11585 = CARTESIAN_POINT('',(-0.760452560133,0.594,0.1));
#11586 = LINE('',#11587,#11588);
#11587 = CARTESIAN_POINT('',(-0.760452560133,0.594,-7.E-02));
#11588 = VECTOR('',#11589,1.);
#11589 = DIRECTION('',(-0.,-0.,-1.));
#11590 = ORIENTED_EDGE('',*,*,#11591,.F.);
#11591 = EDGE_CURVE('',#11395,#11584,#11592,.T.);
#11592 = CIRCLE('',#11593,4.E-02);
#11593 = AXIS2_PLACEMENT_3D('',#11594,#11595,#11596);
#11594 = CARTESIAN_POINT('',(-0.8,0.6,0.1));
#11595 = DIRECTION('',(0.,0.,-1.));
#11596 = DIRECTION('',(1.,0.,0.));
#11597 = ORIENTED_EDGE('',*,*,#11394,.T.);
#11598 = CYLINDRICAL_SURFACE('',#11599,4.E-02);
#11599 = AXIS2_PLACEMENT_3D('',#11600,#11601,#11602);
#11600 = CARTESIAN_POINT('',(-0.8,0.6,-7.E-02));
#11601 = DIRECTION('',(-0.,-0.,-1.));
#11602 = DIRECTION('',(1.,0.,0.));
#11603 = ADVANCED_FACE('',(#11604),#11654,.F.);
#11604 = FACE_BOUND('',#11605,.F.);
#11605 = EDGE_LOOP('',(#11606,#11607,#11608,#11616,#11624,#11632,#11640,
    #11648));
#11606 = ORIENTED_EDGE('',*,*,#11254,.T.);
#11607 = ORIENTED_EDGE('',*,*,#11517,.T.);
#11608 = ORIENTED_EDGE('',*,*,#11609,.T.);
#11609 = EDGE_CURVE('',#11509,#11610,#11612,.T.);
#11610 = VERTEX_POINT('',#11611);
#11611 = CARTESIAN_POINT('',(0.8,0.15,0.1));
#11612 = LINE('',#11613,#11614);
#11613 = CARTESIAN_POINT('',(0.8,-0.1,0.1));
#11614 = VECTOR('',#11615,1.);
#11615 = DIRECTION('',(0.,-1.,0.));
#11616 = ORIENTED_EDGE('',*,*,#11617,.F.);
#11617 = EDGE_CURVE('',#11618,#11610,#11620,.T.);
#11618 = VERTEX_POINT('',#11619);
#11619 = CARTESIAN_POINT('',(0.8,0.15,3.E-02));
#11620 = LINE('',#11621,#11622);
#11621 = CARTESIAN_POINT('',(0.8,0.15,1.5E-02));
#11622 = VECTOR('',#11623,1.);
#11623 = DIRECTION('',(0.,-0.,1.));
#11624 = ORIENTED_EDGE('',*,*,#11625,.F.);
#11625 = EDGE_CURVE('',#11626,#11618,#11628,.T.);
#11626 = VERTEX_POINT('',#11627);
#11627 = CARTESIAN_POINT('',(0.8,-0.15,3.E-02));
#11628 = LINE('',#11629,#11630);
#11629 = CARTESIAN_POINT('',(0.8,-0.6,3.E-02));
#11630 = VECTOR('',#11631,1.);
#11631 = DIRECTION('',(0.,1.,0.));
#11632 = ORIENTED_EDGE('',*,*,#11633,.F.);
#11633 = EDGE_CURVE('',#11634,#11626,#11636,.T.);
#11634 = VERTEX_POINT('',#11635);
#11635 = CARTESIAN_POINT('',(0.8,-0.15,0.1));
#11636 = LINE('',#11637,#11638);
#11637 = CARTESIAN_POINT('',(0.8,-0.15,1.5E-02));
#11638 = VECTOR('',#11639,1.);
#11639 = DIRECTION('',(-0.,-0.,-1.));
#11640 = ORIENTED_EDGE('',*,*,#11641,.T.);
#11641 = EDGE_CURVE('',#11634,#11642,#11644,.T.);
#11642 = VERTEX_POINT('',#11643);
#11643 = CARTESIAN_POINT('',(0.8,-0.56,0.1));
#11644 = LINE('',#11645,#11646);
#11645 = CARTESIAN_POINT('',(0.8,-0.5,0.1));
#11646 = VECTOR('',#11647,1.);
#11647 = DIRECTION('',(0.,-1.,0.));
#11648 = ORIENTED_EDGE('',*,*,#11649,.F.);
#11649 = EDGE_CURVE('',#11236,#11642,#11650,.T.);
#11650 = LINE('',#11651,#11652);
#11651 = CARTESIAN_POINT('',(0.8,-0.56,-7.E-02));
#11652 = VECTOR('',#11653,1.);
#11653 = DIRECTION('',(-0.,-0.,-1.));
#11654 = PLANE('',#11655);
#11655 = AXIS2_PLACEMENT_3D('',#11656,#11657,#11658);
#11656 = CARTESIAN_POINT('',(0.8,-0.6,3.E-02));
#11657 = DIRECTION('',(-1.,0.,0.));
#11658 = DIRECTION('',(0.,1.,0.));
#11659 = ADVANCED_FACE('',(#11660),#11710,.F.);
#11660 = FACE_BOUND('',#11661,.F.);
#11661 = EDGE_LOOP('',(#11662,#11663,#11671,#11679,#11687,#11695,#11703,
    #11709));
#11662 = ORIENTED_EDGE('',*,*,#11271,.T.);
#11663 = ORIENTED_EDGE('',*,*,#11664,.T.);
#11664 = EDGE_CURVE('',#11272,#11665,#11667,.T.);
#11665 = VERTEX_POINT('',#11666);
#11666 = CARTESIAN_POINT('',(-0.8,-0.56,0.1));
#11667 = LINE('',#11668,#11669);
#11668 = CARTESIAN_POINT('',(-0.8,-0.56,-7.E-02));
#11669 = VECTOR('',#11670,1.);
#11670 = DIRECTION('',(-0.,-0.,-1.));
#11671 = ORIENTED_EDGE('',*,*,#11672,.T.);
#11672 = EDGE_CURVE('',#11665,#11673,#11675,.T.);
#11673 = VERTEX_POINT('',#11674);
#11674 = CARTESIAN_POINT('',(-0.8,-0.15,0.1));
#11675 = LINE('',#11676,#11677);
#11676 = CARTESIAN_POINT('',(-0.8,0.1,0.1));
#11677 = VECTOR('',#11678,1.);
#11678 = DIRECTION('',(0.,1.,0.));
#11679 = ORIENTED_EDGE('',*,*,#11680,.F.);
#11680 = EDGE_CURVE('',#11681,#11673,#11683,.T.);
#11681 = VERTEX_POINT('',#11682);
#11682 = CARTESIAN_POINT('',(-0.8,-0.15,3.E-02));
#11683 = LINE('',#11684,#11685);
#11684 = CARTESIAN_POINT('',(-0.8,-0.15,1.5E-02));
#11685 = VECTOR('',#11686,1.);
#11686 = DIRECTION('',(-0.,0.,1.));
#11687 = ORIENTED_EDGE('',*,*,#11688,.F.);
#11688 = EDGE_CURVE('',#11689,#11681,#11691,.T.);
#11689 = VERTEX_POINT('',#11690);
#11690 = CARTESIAN_POINT('',(-0.8,0.15,3.E-02));
#11691 = LINE('',#11692,#11693);
#11692 = CARTESIAN_POINT('',(-0.8,0.6,3.E-02));
#11693 = VECTOR('',#11694,1.);
#11694 = DIRECTION('',(0.,-1.,0.));
#11695 = ORIENTED_EDGE('',*,*,#11696,.F.);
#11696 = EDGE_CURVE('',#11697,#11689,#11699,.T.);
#11697 = VERTEX_POINT('',#11698);
#11698 = CARTESIAN_POINT('',(-0.8,0.15,0.1));
#11699 = LINE('',#11700,#11701);
#11700 = CARTESIAN_POINT('',(-0.8,0.15,1.5E-02));
#11701 = VECTOR('',#11702,1.);
#11702 = DIRECTION('',(0.,0.,-1.));
#11703 = ORIENTED_EDGE('',*,*,#11704,.T.);
#11704 = EDGE_CURVE('',#11697,#11534,#11705,.T.);
#11705 = LINE('',#11706,#11707);
#11706 = CARTESIAN_POINT('',(-0.8,0.5,0.1));
#11707 = VECTOR('',#11708,1.);
#11708 = DIRECTION('',(0.,1.,0.));
#11709 = ORIENTED_EDGE('',*,*,#11533,.F.);
#11710 = PLANE('',#11711);
#11711 = AXIS2_PLACEMENT_3D('',#11712,#11713,#11714);
#11712 = CARTESIAN_POINT('',(-0.8,0.6,3.E-02));
#11713 = DIRECTION('',(1.,0.,0.));
#11714 = DIRECTION('',(0.,-1.,0.));
#11715 = ADVANCED_FACE('',(#11716),#11785,.F.);
#11716 = FACE_BOUND('',#11717,.F.);
#11717 = EDGE_LOOP('',(#11718,#11727,#11735,#11743,#11752,#11760,#11768,
    #11777,#11783,#11784));
#11718 = ORIENTED_EDGE('',*,*,#11719,.F.);
#11719 = EDGE_CURVE('',#11720,#11642,#11722,.T.);
#11720 = VERTEX_POINT('',#11721);
#11721 = CARTESIAN_POINT('',(0.794,-0.560452560133,0.1));
#11722 = CIRCLE('',#11723,4.E-02);
#11723 = AXIS2_PLACEMENT_3D('',#11724,#11725,#11726);
#11724 = CARTESIAN_POINT('',(0.8,-0.6,0.1));
#11725 = DIRECTION('',(0.,0.,-1.));
#11726 = DIRECTION('',(1.,0.,0.));
#11727 = ORIENTED_EDGE('',*,*,#11728,.F.);
#11728 = EDGE_CURVE('',#11729,#11720,#11731,.T.);
#11729 = VERTEX_POINT('',#11730);
#11730 = CARTESIAN_POINT('',(0.794,-0.560452560133,0.17));
#11731 = LINE('',#11732,#11733);
#11732 = CARTESIAN_POINT('',(0.794,-0.560452560133,-7.E-02));
#11733 = VECTOR('',#11734,1.);
#11734 = DIRECTION('',(-0.,-0.,-1.));
#11735 = ORIENTED_EDGE('',*,*,#11736,.F.);
#11736 = EDGE_CURVE('',#11737,#11729,#11739,.T.);
#11737 = VERTEX_POINT('',#11738);
#11738 = CARTESIAN_POINT('',(0.794,-0.560452560133,0.2));
#11739 = LINE('',#11740,#11741);
#11740 = CARTESIAN_POINT('',(0.794,-0.560452560133,-7.E-02));
#11741 = VECTOR('',#11742,1.);
#11742 = DIRECTION('',(-0.,-0.,-1.));
#11743 = ORIENTED_EDGE('',*,*,#11744,.F.);
#11744 = EDGE_CURVE('',#11745,#11737,#11747,.T.);
#11745 = VERTEX_POINT('',#11746);
#11746 = CARTESIAN_POINT('',(0.760452560133,-0.594,0.2));
#11747 = CIRCLE('',#11748,4.E-02);
#11748 = AXIS2_PLACEMENT_3D('',#11749,#11750,#11751);
#11749 = CARTESIAN_POINT('',(0.8,-0.6,0.2));
#11750 = DIRECTION('',(0.,0.,-1.));
#11751 = DIRECTION('',(1.,0.,0.));
#11752 = ORIENTED_EDGE('',*,*,#11753,.T.);
#11753 = EDGE_CURVE('',#11745,#11754,#11756,.T.);
#11754 = VERTEX_POINT('',#11755);
#11755 = CARTESIAN_POINT('',(0.760452560133,-0.594,0.17));
#11756 = LINE('',#11757,#11758);
#11757 = CARTESIAN_POINT('',(0.760452560133,-0.594,-7.E-02));
#11758 = VECTOR('',#11759,1.);
#11759 = DIRECTION('',(-0.,-0.,-1.));
#11760 = ORIENTED_EDGE('',*,*,#11761,.T.);
#11761 = EDGE_CURVE('',#11754,#11762,#11764,.T.);
#11762 = VERTEX_POINT('',#11763);
#11763 = CARTESIAN_POINT('',(0.760452560133,-0.594,0.1));
#11764 = LINE('',#11765,#11766);
#11765 = CARTESIAN_POINT('',(0.760452560133,-0.594,-7.E-02));
#11766 = VECTOR('',#11767,1.);
#11767 = DIRECTION('',(-0.,-0.,-1.));
#11768 = ORIENTED_EDGE('',*,*,#11769,.F.);
#11769 = EDGE_CURVE('',#11770,#11762,#11772,.T.);
#11770 = VERTEX_POINT('',#11771);
#11771 = CARTESIAN_POINT('',(0.76,-0.6,0.1));
#11772 = CIRCLE('',#11773,4.E-02);
#11773 = AXIS2_PLACEMENT_3D('',#11774,#11775,#11776);
#11774 = CARTESIAN_POINT('',(0.8,-0.6,0.1));
#11775 = DIRECTION('',(0.,0.,-1.));
#11776 = DIRECTION('',(1.,0.,0.));
#11777 = ORIENTED_EDGE('',*,*,#11778,.F.);
#11778 = EDGE_CURVE('',#11306,#11770,#11779,.T.);
#11779 = LINE('',#11780,#11781);
#11780 = CARTESIAN_POINT('',(0.76,-0.6,-7.E-02));
#11781 = VECTOR('',#11782,1.);
#11782 = DIRECTION('',(-0.,-0.,-1.));
#11783 = ORIENTED_EDGE('',*,*,#11324,.T.);
#11784 = ORIENTED_EDGE('',*,*,#11649,.T.);
#11785 = CYLINDRICAL_SURFACE('',#11786,4.E-02);
#11786 = AXIS2_PLACEMENT_3D('',#11787,#11788,#11789);
#11787 = CARTESIAN_POINT('',(0.8,-0.6,-7.E-02));
#11788 = DIRECTION('',(-0.,-0.,-1.));
#11789 = DIRECTION('',(1.,0.,0.));
#11790 = ADVANCED_FACE('',(#11791),#11860,.F.);
#11791 = FACE_BOUND('',#11792,.F.);
#11792 = EDGE_LOOP('',(#11793,#11801,#11810,#11818,#11826,#11835,#11843,
    #11851,#11858,#11859));
#11793 = ORIENTED_EDGE('',*,*,#11794,.F.);
#11794 = EDGE_CURVE('',#11795,#11342,#11797,.T.);
#11795 = VERTEX_POINT('',#11796);
#11796 = CARTESIAN_POINT('',(-0.76,-0.6,0.1));
#11797 = LINE('',#11798,#11799);
#11798 = CARTESIAN_POINT('',(-0.76,-0.6,-7.E-02));
#11799 = VECTOR('',#11800,1.);
#11800 = DIRECTION('',(0.,0.,1.));
#11801 = ORIENTED_EDGE('',*,*,#11802,.F.);
#11802 = EDGE_CURVE('',#11803,#11795,#11805,.T.);
#11803 = VERTEX_POINT('',#11804);
#11804 = CARTESIAN_POINT('',(-0.760452560133,-0.594,0.1));
#11805 = CIRCLE('',#11806,4.E-02);
#11806 = AXIS2_PLACEMENT_3D('',#11807,#11808,#11809);
#11807 = CARTESIAN_POINT('',(-0.8,-0.6,0.1));
#11808 = DIRECTION('',(0.,0.,-1.));
#11809 = DIRECTION('',(1.,0.,0.));
#11810 = ORIENTED_EDGE('',*,*,#11811,.F.);
#11811 = EDGE_CURVE('',#11812,#11803,#11814,.T.);
#11812 = VERTEX_POINT('',#11813);
#11813 = CARTESIAN_POINT('',(-0.760452560133,-0.594,0.17));
#11814 = LINE('',#11815,#11816);
#11815 = CARTESIAN_POINT('',(-0.760452560133,-0.594,-7.E-02));
#11816 = VECTOR('',#11817,1.);
#11817 = DIRECTION('',(-0.,-0.,-1.));
#11818 = ORIENTED_EDGE('',*,*,#11819,.F.);
#11819 = EDGE_CURVE('',#11820,#11812,#11822,.T.);
#11820 = VERTEX_POINT('',#11821);
#11821 = CARTESIAN_POINT('',(-0.760452560133,-0.594,0.2));
#11822 = LINE('',#11823,#11824);
#11823 = CARTESIAN_POINT('',(-0.760452560133,-0.594,-7.E-02));
#11824 = VECTOR('',#11825,1.);
#11825 = DIRECTION('',(-0.,-0.,-1.));
#11826 = ORIENTED_EDGE('',*,*,#11827,.F.);
#11827 = EDGE_CURVE('',#11828,#11820,#11830,.T.);
#11828 = VERTEX_POINT('',#11829);
#11829 = CARTESIAN_POINT('',(-0.794,-0.560452560133,0.2));
#11830 = CIRCLE('',#11831,4.E-02);
#11831 = AXIS2_PLACEMENT_3D('',#11832,#11833,#11834);
#11832 = CARTESIAN_POINT('',(-0.8,-0.6,0.2));
#11833 = DIRECTION('',(0.,0.,-1.));
#11834 = DIRECTION('',(1.,0.,0.));
#11835 = ORIENTED_EDGE('',*,*,#11836,.T.);
#11836 = EDGE_CURVE('',#11828,#11837,#11839,.T.);
#11837 = VERTEX_POINT('',#11838);
#11838 = CARTESIAN_POINT('',(-0.794,-0.560452560133,0.17));
#11839 = LINE('',#11840,#11841);
#11840 = CARTESIAN_POINT('',(-0.794,-0.560452560133,-7.E-02));
#11841 = VECTOR('',#11842,1.);
#11842 = DIRECTION('',(-0.,-0.,-1.));
#11843 = ORIENTED_EDGE('',*,*,#11844,.T.);
#11844 = EDGE_CURVE('',#11837,#11845,#11847,.T.);
#11845 = VERTEX_POINT('',#11846);
#11846 = CARTESIAN_POINT('',(-0.794,-0.560452560133,0.1));
#11847 = LINE('',#11848,#11849);
#11848 = CARTESIAN_POINT('',(-0.794,-0.560452560133,-7.E-02));
#11849 = VECTOR('',#11850,1.);
#11850 = DIRECTION('',(-0.,-0.,-1.));
#11851 = ORIENTED_EDGE('',*,*,#11852,.F.);
#11852 = EDGE_CURVE('',#11665,#11845,#11853,.T.);
#11853 = CIRCLE('',#11854,4.E-02);
#11854 = AXIS2_PLACEMENT_3D('',#11855,#11856,#11857);
#11855 = CARTESIAN_POINT('',(-0.8,-0.6,0.1));
#11856 = DIRECTION('',(0.,0.,-1.));
#11857 = DIRECTION('',(1.,0.,0.));
#11858 = ORIENTED_EDGE('',*,*,#11664,.F.);
#11859 = ORIENTED_EDGE('',*,*,#11341,.T.);
#11860 = CYLINDRICAL_SURFACE('',#11861,4.E-02);
#11861 = AXIS2_PLACEMENT_3D('',#11862,#11863,#11864);
#11862 = CARTESIAN_POINT('',(-0.8,-0.6,-7.E-02));
#11863 = DIRECTION('',(-0.,-0.,-1.));
#11864 = DIRECTION('',(1.,0.,0.));
#11865 = ADVANCED_FACE('',(#11866),#11909,.F.);
#11866 = FACE_BOUND('',#11867,.F.);
#11867 = EDGE_LOOP('',(#11868,#11869,#11870,#11878,#11886,#11894,#11902,
    #11908));
#11868 = ORIENTED_EDGE('',*,*,#11377,.T.);
#11869 = ORIENTED_EDGE('',*,*,#11778,.T.);
#11870 = ORIENTED_EDGE('',*,*,#11871,.T.);
#11871 = EDGE_CURVE('',#11770,#11872,#11874,.T.);
#11872 = VERTEX_POINT('',#11873);
#11873 = CARTESIAN_POINT('',(0.25,-0.6,0.1));
#11874 = LINE('',#11875,#11876);
#11875 = CARTESIAN_POINT('',(-0.125,-0.6,0.1));
#11876 = VECTOR('',#11877,1.);
#11877 = DIRECTION('',(-1.,0.,0.));
#11878 = ORIENTED_EDGE('',*,*,#11879,.F.);
#11879 = EDGE_CURVE('',#11880,#11872,#11882,.T.);
#11880 = VERTEX_POINT('',#11881);
#11881 = CARTESIAN_POINT('',(0.25,-0.6,3.E-02));
#11882 = LINE('',#11883,#11884);
#11883 = CARTESIAN_POINT('',(0.25,-0.6,1.5E-02));
#11884 = VECTOR('',#11885,1.);
#11885 = DIRECTION('',(0.,0.,1.));
#11886 = ORIENTED_EDGE('',*,*,#11887,.F.);
#11887 = EDGE_CURVE('',#11888,#11880,#11890,.T.);
#11888 = VERTEX_POINT('',#11889);
#11889 = CARTESIAN_POINT('',(-0.25,-0.6,3.E-02));
#11890 = LINE('',#11891,#11892);
#11891 = CARTESIAN_POINT('',(-0.8,-0.6,3.E-02));
#11892 = VECTOR('',#11893,1.);
#11893 = DIRECTION('',(1.,0.,0.));
#11894 = ORIENTED_EDGE('',*,*,#11895,.F.);
#11895 = EDGE_CURVE('',#11896,#11888,#11898,.T.);
#11896 = VERTEX_POINT('',#11897);
#11897 = CARTESIAN_POINT('',(-0.25,-0.6,0.1));
#11898 = LINE('',#11899,#11900);
#11899 = CARTESIAN_POINT('',(-0.25,-0.6,1.5E-02));
#11900 = VECTOR('',#11901,1.);
#11901 = DIRECTION('',(0.,0.,-1.));
#11902 = ORIENTED_EDGE('',*,*,#11903,.T.);
#11903 = EDGE_CURVE('',#11896,#11795,#11904,.T.);
#11904 = LINE('',#11905,#11906);
#11905 = CARTESIAN_POINT('',(-0.675,-0.6,0.1));
#11906 = VECTOR('',#11907,1.);
#11907 = DIRECTION('',(-1.,0.,0.));
#11908 = ORIENTED_EDGE('',*,*,#11794,.T.);
#11909 = PLANE('',#11910);
#11910 = AXIS2_PLACEMENT_3D('',#11911,#11912,#11913);
#11911 = CARTESIAN_POINT('',(-0.8,-0.6,3.E-02));
#11912 = DIRECTION('',(0.,1.,0.));
#11913 = DIRECTION('',(1.,0.,0.));
#11914 = ADVANCED_FACE('',(#11915),#11965,.T.);
#11915 = FACE_BOUND('',#11916,.T.);
#11916 = EDGE_LOOP('',(#11917,#11918,#11926,#11934,#11942,#11948,#11949,
    #11950,#11958,#11964));
#11917 = ORIENTED_EDGE('',*,*,#11609,.T.);
#11918 = ORIENTED_EDGE('',*,*,#11919,.T.);
#11919 = EDGE_CURVE('',#11610,#11920,#11922,.T.);
#11920 = VERTEX_POINT('',#11921);
#11921 = CARTESIAN_POINT('',(0.85,0.15,0.1));
#11922 = LINE('',#11923,#11924);
#11923 = CARTESIAN_POINT('',(0.25,0.15,0.1));
#11924 = VECTOR('',#11925,1.);
#11925 = DIRECTION('',(1.,0.,0.));
#11926 = ORIENTED_EDGE('',*,*,#11927,.T.);
#11927 = EDGE_CURVE('',#11920,#11928,#11930,.T.);
#11928 = VERTEX_POINT('',#11929);
#11929 = CARTESIAN_POINT('',(0.85,0.65,0.1));
#11930 = LINE('',#11931,#11932);
#11931 = CARTESIAN_POINT('',(0.85,0.15,0.1));
#11932 = VECTOR('',#11933,1.);
#11933 = DIRECTION('',(0.,1.,0.));
#11934 = ORIENTED_EDGE('',*,*,#11935,.T.);
#11935 = EDGE_CURVE('',#11928,#11936,#11938,.T.);
#11936 = VERTEX_POINT('',#11937);
#11937 = CARTESIAN_POINT('',(0.25,0.65,0.1));
#11938 = LINE('',#11939,#11940);
#11939 = CARTESIAN_POINT('',(0.85,0.65,0.1));
#11940 = VECTOR('',#11941,1.);
#11941 = DIRECTION('',(-1.,0.,0.));
#11942 = ORIENTED_EDGE('',*,*,#11943,.T.);
#11943 = EDGE_CURVE('',#11936,#11427,#11944,.T.);
#11944 = LINE('',#11945,#11946);
#11945 = CARTESIAN_POINT('',(0.25,0.65,0.1));
#11946 = VECTOR('',#11947,1.);
#11947 = DIRECTION('',(0.,-1.,0.));
#11948 = ORIENTED_EDGE('',*,*,#11434,.T.);
#11949 = ORIENTED_EDGE('',*,*,#11458,.F.);
#11950 = ORIENTED_EDGE('',*,*,#11951,.F.);
#11951 = EDGE_CURVE('',#11952,#11459,#11954,.T.);
#11952 = VERTEX_POINT('',#11953);
#11953 = CARTESIAN_POINT('',(0.794,0.594,0.1));
#11954 = LINE('',#11955,#11956);
#11955 = CARTESIAN_POINT('',(0.672,0.594,0.1));
#11956 = VECTOR('',#11957,1.);
#11957 = DIRECTION('',(-1.,0.,0.));
#11958 = ORIENTED_EDGE('',*,*,#11959,.F.);
#11959 = EDGE_CURVE('',#11501,#11952,#11960,.T.);
#11960 = LINE('',#11961,#11962);
#11961 = CARTESIAN_POINT('',(0.794,-9.7E-02,0.1));
#11962 = VECTOR('',#11963,1.);
#11963 = DIRECTION('',(0.,1.,-0.));
#11964 = ORIENTED_EDGE('',*,*,#11508,.F.);
#11965 = PLANE('',#11966);
#11966 = AXIS2_PLACEMENT_3D('',#11967,#11968,#11969);
#11967 = CARTESIAN_POINT('',(0.55,0.4,0.1));
#11968 = DIRECTION('',(0.,0.,1.));
#11969 = DIRECTION('',(1.,0.,-0.));
#11970 = ADVANCED_FACE('',(#11971),#12013,.F.);
#11971 = FACE_BOUND('',#11972,.F.);
#11972 = EDGE_LOOP('',(#11973,#11983,#11989,#11990,#11991,#11999,#12007)
  );
#11973 = ORIENTED_EDGE('',*,*,#11974,.F.);
#11974 = EDGE_CURVE('',#11975,#11977,#11979,.T.);
#11975 = VERTEX_POINT('',#11976);
#11976 = CARTESIAN_POINT('',(0.25,0.65,0.));
#11977 = VERTEX_POINT('',#11978);
#11978 = CARTESIAN_POINT('',(0.25,0.15,0.));
#11979 = LINE('',#11980,#11981);
#11980 = CARTESIAN_POINT('',(0.25,0.65,0.));
#11981 = VECTOR('',#11982,1.);
#11982 = DIRECTION('',(0.,-1.,0.));
#11983 = ORIENTED_EDGE('',*,*,#11984,.T.);
#11984 = EDGE_CURVE('',#11975,#11936,#11985,.T.);
#11985 = LINE('',#11986,#11987);
#11986 = CARTESIAN_POINT('',(0.25,0.65,0.));
#11987 = VECTOR('',#11988,1.);
#11988 = DIRECTION('',(0.,0.,1.));
#11989 = ORIENTED_EDGE('',*,*,#11943,.T.);
#11990 = ORIENTED_EDGE('',*,*,#11426,.T.);
#11991 = ORIENTED_EDGE('',*,*,#11992,.T.);
#11992 = EDGE_CURVE('',#11419,#11993,#11995,.T.);
#11993 = VERTEX_POINT('',#11994);
#11994 = CARTESIAN_POINT('',(0.25,0.594,3.E-02));
#11995 = LINE('',#11996,#11997);
#11996 = CARTESIAN_POINT('',(0.25,0.325,3.E-02));
#11997 = VECTOR('',#11998,1.);
#11998 = DIRECTION('',(0.,-1.,0.));
#11999 = ORIENTED_EDGE('',*,*,#12000,.T.);
#12000 = EDGE_CURVE('',#11993,#12001,#12003,.T.);
#12001 = VERTEX_POINT('',#12002);
#12002 = CARTESIAN_POINT('',(0.25,0.15,3.E-02));
#12003 = LINE('',#12004,#12005);
#12004 = CARTESIAN_POINT('',(0.25,0.325,3.E-02));
#12005 = VECTOR('',#12006,1.);
#12006 = DIRECTION('',(0.,-1.,0.));
#12007 = ORIENTED_EDGE('',*,*,#12008,.F.);
#12008 = EDGE_CURVE('',#11977,#12001,#12009,.T.);
#12009 = LINE('',#12010,#12011);
#12010 = CARTESIAN_POINT('',(0.25,0.15,0.));
#12011 = VECTOR('',#12012,1.);
#12012 = DIRECTION('',(0.,0.,1.));
#12013 = PLANE('',#12014);
#12014 = AXIS2_PLACEMENT_3D('',#12015,#12016,#12017);
#12015 = CARTESIAN_POINT('',(0.25,0.65,0.));
#12016 = DIRECTION('',(1.,0.,0.));
#12017 = DIRECTION('',(0.,-1.,0.));
#12018 = ADVANCED_FACE('',(#12019),#12037,.F.);
#12019 = FACE_BOUND('',#12020,.F.);
#12020 = EDGE_LOOP('',(#12021,#12022,#12023,#12031));
#12021 = ORIENTED_EDGE('',*,*,#11992,.F.);
#12022 = ORIENTED_EDGE('',*,*,#11418,.T.);
#12023 = ORIENTED_EDGE('',*,*,#12024,.F.);
#12024 = EDGE_CURVE('',#12025,#11411,#12027,.T.);
#12025 = VERTEX_POINT('',#12026);
#12026 = CARTESIAN_POINT('',(-0.25,0.594,3.E-02));
#12027 = LINE('',#12028,#12029);
#12028 = CARTESIAN_POINT('',(-0.25,7.5E-02,3.E-02));
#12029 = VECTOR('',#12030,1.);
#12030 = DIRECTION('',(0.,1.,-0.));
#12031 = ORIENTED_EDGE('',*,*,#12032,.F.);
#12032 = EDGE_CURVE('',#11993,#12025,#12033,.T.);
#12033 = LINE('',#12034,#12035);
#12034 = CARTESIAN_POINT('',(0.794,0.594,3.E-02));
#12035 = VECTOR('',#12036,1.);
#12036 = DIRECTION('',(-1.,0.,0.));
#12037 = PLANE('',#12038);
#12038 = AXIS2_PLACEMENT_3D('',#12039,#12040,#12041);
#12039 = CARTESIAN_POINT('',(0.,1.982541115402E-17,3.E-02));
#12040 = DIRECTION('',(0.,0.,1.));
#12041 = DIRECTION('',(1.,0.,-0.));
#12042 = ADVANCED_FACE('',(#12043),#12085,.F.);
#12043 = FACE_BOUND('',#12044,.F.);
#12044 = EDGE_LOOP('',(#12045,#12055,#12063,#12069,#12070,#12071,#12079)
  );
#12045 = ORIENTED_EDGE('',*,*,#12046,.F.);
#12046 = EDGE_CURVE('',#12047,#12049,#12051,.T.);
#12047 = VERTEX_POINT('',#12048);
#12048 = CARTESIAN_POINT('',(-0.25,0.15,0.));
#12049 = VERTEX_POINT('',#12050);
#12050 = CARTESIAN_POINT('',(-0.25,0.65,0.));
#12051 = LINE('',#12052,#12053);
#12052 = CARTESIAN_POINT('',(-0.25,0.15,0.));
#12053 = VECTOR('',#12054,1.);
#12054 = DIRECTION('',(0.,1.,0.));
#12055 = ORIENTED_EDGE('',*,*,#12056,.T.);
#12056 = EDGE_CURVE('',#12047,#12057,#12059,.T.);
#12057 = VERTEX_POINT('',#12058);
#12058 = CARTESIAN_POINT('',(-0.25,0.15,3.E-02));
#12059 = LINE('',#12060,#12061);
#12060 = CARTESIAN_POINT('',(-0.25,0.15,0.));
#12061 = VECTOR('',#12062,1.);
#12062 = DIRECTION('',(0.,0.,1.));
#12063 = ORIENTED_EDGE('',*,*,#12064,.T.);
#12064 = EDGE_CURVE('',#12057,#12025,#12065,.T.);
#12065 = LINE('',#12066,#12067);
#12066 = CARTESIAN_POINT('',(-0.25,7.5E-02,3.E-02));
#12067 = VECTOR('',#12068,1.);
#12068 = DIRECTION('',(0.,1.,-0.));
#12069 = ORIENTED_EDGE('',*,*,#12024,.T.);
#12070 = ORIENTED_EDGE('',*,*,#11410,.T.);
#12071 = ORIENTED_EDGE('',*,*,#12072,.T.);
#12072 = EDGE_CURVE('',#11403,#12073,#12075,.T.);
#12073 = VERTEX_POINT('',#12074);
#12074 = CARTESIAN_POINT('',(-0.25,0.65,0.1));
#12075 = LINE('',#12076,#12077);
#12076 = CARTESIAN_POINT('',(-0.25,0.15,0.1));
#12077 = VECTOR('',#12078,1.);
#12078 = DIRECTION('',(0.,1.,0.));
#12079 = ORIENTED_EDGE('',*,*,#12080,.F.);
#12080 = EDGE_CURVE('',#12049,#12073,#12081,.T.);
#12081 = LINE('',#12082,#12083);
#12082 = CARTESIAN_POINT('',(-0.25,0.65,0.));
#12083 = VECTOR('',#12084,1.);
#12084 = DIRECTION('',(0.,0.,1.));
#12085 = PLANE('',#12086);
#12086 = AXIS2_PLACEMENT_3D('',#12087,#12088,#12089);
#12087 = CARTESIAN_POINT('',(-0.25,0.15,0.));
#12088 = DIRECTION('',(-1.,0.,0.));
#12089 = DIRECTION('',(0.,1.,0.));
#12090 = ADVANCED_FACE('',(#12091),#12134,.T.);
#12091 = FACE_BOUND('',#12092,.T.);
#12092 = EDGE_LOOP('',(#12093,#12103,#12109,#12110,#12111,#12119,#12125,
    #12126,#12127,#12128));
#12093 = ORIENTED_EDGE('',*,*,#12094,.T.);
#12094 = EDGE_CURVE('',#12095,#12097,#12099,.T.);
#12095 = VERTEX_POINT('',#12096);
#12096 = CARTESIAN_POINT('',(-0.85,0.65,0.1));
#12097 = VERTEX_POINT('',#12098);
#12098 = CARTESIAN_POINT('',(-0.85,0.15,0.1));
#12099 = LINE('',#12100,#12101);
#12100 = CARTESIAN_POINT('',(-0.85,0.65,0.1));
#12101 = VECTOR('',#12102,1.);
#12102 = DIRECTION('',(0.,-1.,0.));
#12103 = ORIENTED_EDGE('',*,*,#12104,.T.);
#12104 = EDGE_CURVE('',#12097,#11697,#12105,.T.);
#12105 = LINE('',#12106,#12107);
#12106 = CARTESIAN_POINT('',(-0.85,0.15,0.1));
#12107 = VECTOR('',#12108,1.);
#12108 = DIRECTION('',(1.,0.,0.));
#12109 = ORIENTED_EDGE('',*,*,#11704,.T.);
#12110 = ORIENTED_EDGE('',*,*,#11541,.F.);
#12111 = ORIENTED_EDGE('',*,*,#12112,.F.);
#12112 = EDGE_CURVE('',#12113,#11542,#12115,.T.);
#12113 = VERTEX_POINT('',#12114);
#12114 = CARTESIAN_POINT('',(-0.794,0.594,0.1));
#12115 = LINE('',#12116,#12117);
#12116 = CARTESIAN_POINT('',(-0.794,0.497,0.1));
#12117 = VECTOR('',#12118,1.);
#12118 = DIRECTION('',(0.,-1.,0.));
#12119 = ORIENTED_EDGE('',*,*,#12120,.F.);
#12120 = EDGE_CURVE('',#11584,#12113,#12121,.T.);
#12121 = LINE('',#12122,#12123);
#12122 = CARTESIAN_POINT('',(0.122,0.594,0.1));
#12123 = VECTOR('',#12124,1.);
#12124 = DIRECTION('',(-1.,0.,0.));
#12125 = ORIENTED_EDGE('',*,*,#11591,.F.);
#12126 = ORIENTED_EDGE('',*,*,#11402,.T.);
#12127 = ORIENTED_EDGE('',*,*,#12072,.T.);
#12128 = ORIENTED_EDGE('',*,*,#12129,.T.);
#12129 = EDGE_CURVE('',#12073,#12095,#12130,.T.);
#12130 = LINE('',#12131,#12132);
#12131 = CARTESIAN_POINT('',(-0.25,0.65,0.1));
#12132 = VECTOR('',#12133,1.);
#12133 = DIRECTION('',(-1.,0.,0.));
#12134 = PLANE('',#12135);
#12135 = AXIS2_PLACEMENT_3D('',#12136,#12137,#12138);
#12136 = CARTESIAN_POINT('',(-0.55,0.4,0.1));
#12137 = DIRECTION('',(0.,0.,1.));
#12138 = DIRECTION('',(1.,0.,-0.));
#12139 = ADVANCED_FACE('',(#12140),#12158,.F.);
#12140 = FACE_BOUND('',#12141,.F.);
#12141 = EDGE_LOOP('',(#12142,#12143,#12151,#12157));
#12142 = ORIENTED_EDGE('',*,*,#11951,.F.);
#12143 = ORIENTED_EDGE('',*,*,#12144,.T.);
#12144 = EDGE_CURVE('',#11952,#12145,#12147,.T.);
#12145 = VERTEX_POINT('',#12146);
#12146 = CARTESIAN_POINT('',(0.794,0.594,0.17));
#12147 = LINE('',#12148,#12149);
#12148 = CARTESIAN_POINT('',(0.794,0.594,3.E-02));
#12149 = VECTOR('',#12150,1.);
#12150 = DIRECTION('',(0.,0.,1.));
#12151 = ORIENTED_EDGE('',*,*,#12152,.T.);
#12152 = EDGE_CURVE('',#12145,#11468,#12153,.T.);
#12153 = LINE('',#12154,#12155);
#12154 = CARTESIAN_POINT('',(0.794,0.594,0.17));
#12155 = VECTOR('',#12156,1.);
#12156 = DIRECTION('',(-1.,0.,0.));
#12157 = ORIENTED_EDGE('',*,*,#11467,.T.);
#12158 = PLANE('',#12159);
#12159 = AXIS2_PLACEMENT_3D('',#12160,#12161,#12162);
#12160 = CARTESIAN_POINT('',(0.794,0.594,3.E-02));
#12161 = DIRECTION('',(0.,-1.,0.));
#12162 = DIRECTION('',(-1.,0.,0.));
#12163 = ADVANCED_FACE('',(#12164),#12180,.T.);
#12164 = FACE_BOUND('',#12165,.T.);
#12165 = EDGE_LOOP('',(#12166,#12172,#12173,#12179));
#12166 = ORIENTED_EDGE('',*,*,#12167,.F.);
#12167 = EDGE_CURVE('',#11468,#11576,#12168,.T.);
#12168 = LINE('',#12169,#12170);
#12169 = CARTESIAN_POINT('',(0.794,0.594,0.17));
#12170 = VECTOR('',#12171,1.);
#12171 = DIRECTION('',(-1.,0.,0.));
#12172 = ORIENTED_EDGE('',*,*,#11475,.F.);
#12173 = ORIENTED_EDGE('',*,*,#12174,.T.);
#12174 = EDGE_CURVE('',#11476,#11567,#12175,.T.);
#12175 = LINE('',#12176,#12177);
#12176 = CARTESIAN_POINT('',(0.794,0.594,0.2));
#12177 = VECTOR('',#12178,1.);
#12178 = DIRECTION('',(-1.,0.,0.));
#12179 = ORIENTED_EDGE('',*,*,#11575,.T.);
#12180 = PLANE('',#12181);
#12181 = AXIS2_PLACEMENT_3D('',#12182,#12183,#12184);
#12182 = CARTESIAN_POINT('',(0.794,0.594,6.E-02));
#12183 = DIRECTION('',(0.,-1.,0.));
#12184 = DIRECTION('',(-1.,0.,0.));
#12185 = ADVANCED_FACE('',(#12186,#12211),#12281,.F.);
#12186 = FACE_BOUND('',#12187,.F.);
#12187 = EDGE_LOOP('',(#12188,#12189,#12190,#12196,#12197,#12203,#12204,
    #12210));
#12188 = ORIENTED_EDGE('',*,*,#12174,.T.);
#12189 = ORIENTED_EDGE('',*,*,#11566,.T.);
#12190 = ORIENTED_EDGE('',*,*,#12191,.T.);
#12191 = EDGE_CURVE('',#11559,#11828,#12192,.T.);
#12192 = LINE('',#12193,#12194);
#12193 = CARTESIAN_POINT('',(-0.794,0.594,0.2));
#12194 = VECTOR('',#12195,1.);
#12195 = DIRECTION('',(0.,-1.,0.));
#12196 = ORIENTED_EDGE('',*,*,#11827,.T.);
#12197 = ORIENTED_EDGE('',*,*,#12198,.T.);
#12198 = EDGE_CURVE('',#11820,#11745,#12199,.T.);
#12199 = LINE('',#12200,#12201);
#12200 = CARTESIAN_POINT('',(-0.794,-0.594,0.2));
#12201 = VECTOR('',#12202,1.);
#12202 = DIRECTION('',(1.,0.,0.));
#12203 = ORIENTED_EDGE('',*,*,#11744,.T.);
#12204 = ORIENTED_EDGE('',*,*,#12205,.T.);
#12205 = EDGE_CURVE('',#11737,#11484,#12206,.T.);
#12206 = LINE('',#12207,#12208);
#12207 = CARTESIAN_POINT('',(0.794,-0.594,0.2));
#12208 = VECTOR('',#12209,1.);
#12209 = DIRECTION('',(0.,1.,0.));
#12210 = ORIENTED_EDGE('',*,*,#11483,.T.);
#12211 = FACE_BOUND('',#12212,.F.);
#12212 = EDGE_LOOP('',(#12213,#12223,#12232,#12240,#12249,#12257,#12266,
    #12274));
#12213 = ORIENTED_EDGE('',*,*,#12214,.T.);
#12214 = EDGE_CURVE('',#12215,#12217,#12219,.T.);
#12215 = VERTEX_POINT('',#12216);
#12216 = CARTESIAN_POINT('',(0.764,0.458,0.2));
#12217 = VERTEX_POINT('',#12218);
#12218 = CARTESIAN_POINT('',(0.764,-0.458,0.2));
#12219 = LINE('',#12220,#12221);
#12220 = CARTESIAN_POINT('',(0.764,0.458,0.2));
#12221 = VECTOR('',#12222,1.);
#12222 = DIRECTION('',(0.,-1.,0.));
#12223 = ORIENTED_EDGE('',*,*,#12224,.T.);
#12224 = EDGE_CURVE('',#12217,#12225,#12227,.T.);
#12225 = VERTEX_POINT('',#12226);
#12226 = CARTESIAN_POINT('',(0.658,-0.564,0.2));
#12227 = CIRCLE('',#12228,0.106);
#12228 = AXIS2_PLACEMENT_3D('',#12229,#12230,#12231);
#12229 = CARTESIAN_POINT('',(0.658,-0.458,0.2));
#12230 = DIRECTION('',(0.,0.,-1.));
#12231 = DIRECTION('',(1.,0.,0.));
#12232 = ORIENTED_EDGE('',*,*,#12233,.T.);
#12233 = EDGE_CURVE('',#12225,#12234,#12236,.T.);
#12234 = VERTEX_POINT('',#12235);
#12235 = CARTESIAN_POINT('',(-0.658,-0.564,0.2));
#12236 = LINE('',#12237,#12238);
#12237 = CARTESIAN_POINT('',(0.658,-0.564,0.2));
#12238 = VECTOR('',#12239,1.);
#12239 = DIRECTION('',(-1.,0.,0.));
#12240 = ORIENTED_EDGE('',*,*,#12241,.T.);
#12241 = EDGE_CURVE('',#12234,#12242,#12244,.T.);
#12242 = VERTEX_POINT('',#12243);
#12243 = CARTESIAN_POINT('',(-0.764,-0.458,0.2));
#12244 = CIRCLE('',#12245,0.106);
#12245 = AXIS2_PLACEMENT_3D('',#12246,#12247,#12248);
#12246 = CARTESIAN_POINT('',(-0.658,-0.458,0.2));
#12247 = DIRECTION('',(-0.,-0.,-1.));
#12248 = DIRECTION('',(0.,-1.,0.));
#12249 = ORIENTED_EDGE('',*,*,#12250,.T.);
#12250 = EDGE_CURVE('',#12242,#12251,#12253,.T.);
#12251 = VERTEX_POINT('',#12252);
#12252 = CARTESIAN_POINT('',(-0.764,0.458,0.2));
#12253 = LINE('',#12254,#12255);
#12254 = CARTESIAN_POINT('',(-0.764,-0.458,0.2));
#12255 = VECTOR('',#12256,1.);
#12256 = DIRECTION('',(0.,1.,0.));
#12257 = ORIENTED_EDGE('',*,*,#12258,.T.);
#12258 = EDGE_CURVE('',#12251,#12259,#12261,.T.);
#12259 = VERTEX_POINT('',#12260);
#12260 = CARTESIAN_POINT('',(-0.658,0.564,0.2));
#12261 = CIRCLE('',#12262,0.106);
#12262 = AXIS2_PLACEMENT_3D('',#12263,#12264,#12265);
#12263 = CARTESIAN_POINT('',(-0.658,0.458,0.2));
#12264 = DIRECTION('',(0.,0.,-1.));
#12265 = DIRECTION('',(-1.,0.,0.));
#12266 = ORIENTED_EDGE('',*,*,#12267,.T.);
#12267 = EDGE_CURVE('',#12259,#12268,#12270,.T.);
#12268 = VERTEX_POINT('',#12269);
#12269 = CARTESIAN_POINT('',(0.658,0.564,0.2));
#12270 = LINE('',#12271,#12272);
#12271 = CARTESIAN_POINT('',(-0.658,0.564,0.2));
#12272 = VECTOR('',#12273,1.);
#12273 = DIRECTION('',(1.,0.,0.));
#12274 = ORIENTED_EDGE('',*,*,#12275,.T.);
#12275 = EDGE_CURVE('',#12268,#12215,#12276,.T.);
#12276 = CIRCLE('',#12277,0.106);
#12277 = AXIS2_PLACEMENT_3D('',#12278,#12279,#12280);
#12278 = CARTESIAN_POINT('',(0.658,0.458,0.2));
#12279 = DIRECTION('',(0.,0.,-1.));
#12280 = DIRECTION('',(0.,1.,0.));
#12281 = PLANE('',#12282);
#12282 = AXIS2_PLACEMENT_3D('',#12283,#12284,#12285);
#12283 = CARTESIAN_POINT('',(0.,-1.999681240319E-17,0.2));
#12284 = DIRECTION('',(0.,0.,1.));
#12285 = DIRECTION('',(1.,0.,-0.));
#12286 = ADVANCED_FACE('',(#12287),#12298,.T.);
#12287 = FACE_BOUND('',#12288,.T.);
#12288 = EDGE_LOOP('',(#12289,#12295,#12296,#12297));
#12289 = ORIENTED_EDGE('',*,*,#12290,.F.);
#12290 = EDGE_CURVE('',#11729,#11493,#12291,.T.);
#12291 = LINE('',#12292,#12293);
#12292 = CARTESIAN_POINT('',(0.794,-0.594,0.17));
#12293 = VECTOR('',#12294,1.);
#12294 = DIRECTION('',(0.,1.,0.));
#12295 = ORIENTED_EDGE('',*,*,#11736,.F.);
#12296 = ORIENTED_EDGE('',*,*,#12205,.T.);
#12297 = ORIENTED_EDGE('',*,*,#11492,.T.);
#12298 = PLANE('',#12299);
#12299 = AXIS2_PLACEMENT_3D('',#12300,#12301,#12302);
#12300 = CARTESIAN_POINT('',(0.794,-0.594,6.E-02));
#12301 = DIRECTION('',(-1.,0.,0.));
#12302 = DIRECTION('',(0.,1.,0.));
#12303 = ADVANCED_FACE('',(#12304),#12315,.F.);
#12304 = FACE_BOUND('',#12305,.F.);
#12305 = EDGE_LOOP('',(#12306,#12307,#12313,#12314));
#12306 = ORIENTED_EDGE('',*,*,#11500,.F.);
#12307 = ORIENTED_EDGE('',*,*,#12308,.T.);
#12308 = EDGE_CURVE('',#11493,#12145,#12309,.T.);
#12309 = LINE('',#12310,#12311);
#12310 = CARTESIAN_POINT('',(0.794,-0.594,0.17));
#12311 = VECTOR('',#12312,1.);
#12312 = DIRECTION('',(0.,1.,0.));
#12313 = ORIENTED_EDGE('',*,*,#12144,.F.);
#12314 = ORIENTED_EDGE('',*,*,#11959,.F.);
#12315 = PLANE('',#12316);
#12316 = AXIS2_PLACEMENT_3D('',#12317,#12318,#12319);
#12317 = CARTESIAN_POINT('',(0.794,-0.594,3.E-02));
#12318 = DIRECTION('',(-1.,0.,0.));
#12319 = DIRECTION('',(0.,1.,0.));
#12320 = ADVANCED_FACE('',(#12321),#12339,.F.);
#12321 = FACE_BOUND('',#12322,.F.);
#12322 = EDGE_LOOP('',(#12323,#12324,#12332,#12338));
#12323 = ORIENTED_EDGE('',*,*,#12112,.F.);
#12324 = ORIENTED_EDGE('',*,*,#12325,.T.);
#12325 = EDGE_CURVE('',#12113,#12326,#12328,.T.);
#12326 = VERTEX_POINT('',#12327);
#12327 = CARTESIAN_POINT('',(-0.794,0.594,0.17));
#12328 = LINE('',#12329,#12330);
#12329 = CARTESIAN_POINT('',(-0.794,0.594,3.E-02));
#12330 = VECTOR('',#12331,1.);
#12331 = DIRECTION('',(0.,0.,1.));
#12332 = ORIENTED_EDGE('',*,*,#12333,.T.);
#12333 = EDGE_CURVE('',#12326,#11551,#12334,.T.);
#12334 = LINE('',#12335,#12336);
#12335 = CARTESIAN_POINT('',(-0.794,0.594,0.17));
#12336 = VECTOR('',#12337,1.);
#12337 = DIRECTION('',(0.,-1.,0.));
#12338 = ORIENTED_EDGE('',*,*,#11550,.T.);
#12339 = PLANE('',#12340);
#12340 = AXIS2_PLACEMENT_3D('',#12341,#12342,#12343);
#12341 = CARTESIAN_POINT('',(-0.794,0.594,3.E-02));
#12342 = DIRECTION('',(1.,0.,0.));
#12343 = DIRECTION('',(0.,-1.,0.));
#12344 = ADVANCED_FACE('',(#12345),#12356,.T.);
#12345 = FACE_BOUND('',#12346,.T.);
#12346 = EDGE_LOOP('',(#12347,#12353,#12354,#12355));
#12347 = ORIENTED_EDGE('',*,*,#12348,.F.);
#12348 = EDGE_CURVE('',#11551,#11837,#12349,.T.);
#12349 = LINE('',#12350,#12351);
#12350 = CARTESIAN_POINT('',(-0.794,0.594,0.17));
#12351 = VECTOR('',#12352,1.);
#12352 = DIRECTION('',(0.,-1.,0.));
#12353 = ORIENTED_EDGE('',*,*,#11558,.F.);
#12354 = ORIENTED_EDGE('',*,*,#12191,.T.);
#12355 = ORIENTED_EDGE('',*,*,#11836,.T.);
#12356 = PLANE('',#12357);
#12357 = AXIS2_PLACEMENT_3D('',#12358,#12359,#12360);
#12358 = CARTESIAN_POINT('',(-0.794,0.594,6.E-02));
#12359 = DIRECTION('',(1.,0.,0.));
#12360 = DIRECTION('',(0.,-1.,0.));
#12361 = ADVANCED_FACE('',(#12362),#12373,.F.);
#12362 = FACE_BOUND('',#12363,.F.);
#12363 = EDGE_LOOP('',(#12364,#12365,#12371,#12372));
#12364 = ORIENTED_EDGE('',*,*,#11583,.F.);
#12365 = ORIENTED_EDGE('',*,*,#12366,.T.);
#12366 = EDGE_CURVE('',#11576,#12326,#12367,.T.);
#12367 = LINE('',#12368,#12369);
#12368 = CARTESIAN_POINT('',(0.794,0.594,0.17));
#12369 = VECTOR('',#12370,1.);
#12370 = DIRECTION('',(-1.,0.,0.));
#12371 = ORIENTED_EDGE('',*,*,#12325,.F.);
#12372 = ORIENTED_EDGE('',*,*,#12120,.F.);
#12373 = PLANE('',#12374);
#12374 = AXIS2_PLACEMENT_3D('',#12375,#12376,#12377);
#12375 = CARTESIAN_POINT('',(0.794,0.594,3.E-02));
#12376 = DIRECTION('',(0.,-1.,0.));
#12377 = DIRECTION('',(-1.,0.,0.));
#12378 = ADVANCED_FACE('',(#12379),#12429,.T.);
#12379 = FACE_BOUND('',#12380,.T.);
#12380 = EDGE_LOOP('',(#12381,#12389,#12397,#12405,#12411,#12412,#12413,
    #12421,#12427,#12428));
#12381 = ORIENTED_EDGE('',*,*,#12382,.T.);
#12382 = EDGE_CURVE('',#11872,#12383,#12385,.T.);
#12383 = VERTEX_POINT('',#12384);
#12384 = CARTESIAN_POINT('',(0.25,-0.65,0.1));
#12385 = LINE('',#12386,#12387);
#12386 = CARTESIAN_POINT('',(0.25,-0.15,0.1));
#12387 = VECTOR('',#12388,1.);
#12388 = DIRECTION('',(0.,-1.,0.));
#12389 = ORIENTED_EDGE('',*,*,#12390,.T.);
#12390 = EDGE_CURVE('',#12383,#12391,#12393,.T.);
#12391 = VERTEX_POINT('',#12392);
#12392 = CARTESIAN_POINT('',(0.85,-0.65,0.1));
#12393 = LINE('',#12394,#12395);
#12394 = CARTESIAN_POINT('',(0.25,-0.65,0.1));
#12395 = VECTOR('',#12396,1.);
#12396 = DIRECTION('',(1.,0.,0.));
#12397 = ORIENTED_EDGE('',*,*,#12398,.T.);
#12398 = EDGE_CURVE('',#12391,#12399,#12401,.T.);
#12399 = VERTEX_POINT('',#12400);
#12400 = CARTESIAN_POINT('',(0.85,-0.15,0.1));
#12401 = LINE('',#12402,#12403);
#12402 = CARTESIAN_POINT('',(0.85,-0.65,0.1));
#12403 = VECTOR('',#12404,1.);
#12404 = DIRECTION('',(0.,1.,0.));
#12405 = ORIENTED_EDGE('',*,*,#12406,.T.);
#12406 = EDGE_CURVE('',#12399,#11634,#12407,.T.);
#12407 = LINE('',#12408,#12409);
#12408 = CARTESIAN_POINT('',(0.85,-0.15,0.1));
#12409 = VECTOR('',#12410,1.);
#12410 = DIRECTION('',(-1.,0.,0.));
#12411 = ORIENTED_EDGE('',*,*,#11641,.T.);
#12412 = ORIENTED_EDGE('',*,*,#11719,.F.);
#12413 = ORIENTED_EDGE('',*,*,#12414,.F.);
#12414 = EDGE_CURVE('',#12415,#11720,#12417,.T.);
#12415 = VERTEX_POINT('',#12416);
#12416 = CARTESIAN_POINT('',(0.794,-0.594,0.1));
#12417 = LINE('',#12418,#12419);
#12418 = CARTESIAN_POINT('',(0.794,-0.497,0.1));
#12419 = VECTOR('',#12420,1.);
#12420 = DIRECTION('',(0.,1.,-0.));
#12421 = ORIENTED_EDGE('',*,*,#12422,.F.);
#12422 = EDGE_CURVE('',#11762,#12415,#12423,.T.);
#12423 = LINE('',#12424,#12425);
#12424 = CARTESIAN_POINT('',(-0.122,-0.594,0.1));
#12425 = VECTOR('',#12426,1.);
#12426 = DIRECTION('',(1.,0.,0.));
#12427 = ORIENTED_EDGE('',*,*,#11769,.F.);
#12428 = ORIENTED_EDGE('',*,*,#11871,.T.);
#12429 = PLANE('',#12430);
#12430 = AXIS2_PLACEMENT_3D('',#12431,#12432,#12433);
#12431 = CARTESIAN_POINT('',(0.55,-0.4,0.1));
#12432 = DIRECTION('',(0.,0.,1.));
#12433 = DIRECTION('',(1.,0.,-0.));
#12434 = ADVANCED_FACE('',(#12435),#12477,.F.);
#12435 = FACE_BOUND('',#12436,.F.);
#12436 = EDGE_LOOP('',(#12437,#12447,#12453,#12454,#12455,#12463,#12471)
  );
#12437 = ORIENTED_EDGE('',*,*,#12438,.F.);
#12438 = EDGE_CURVE('',#12439,#12441,#12443,.T.);
#12439 = VERTEX_POINT('',#12440);
#12440 = CARTESIAN_POINT('',(0.85,-0.15,0.));
#12441 = VERTEX_POINT('',#12442);
#12442 = CARTESIAN_POINT('',(0.25,-0.15,0.));
#12443 = LINE('',#12444,#12445);
#12444 = CARTESIAN_POINT('',(0.85,-0.15,0.));
#12445 = VECTOR('',#12446,1.);
#12446 = DIRECTION('',(-1.,0.,0.));
#12447 = ORIENTED_EDGE('',*,*,#12448,.T.);
#12448 = EDGE_CURVE('',#12439,#12399,#12449,.T.);
#12449 = LINE('',#12450,#12451);
#12450 = CARTESIAN_POINT('',(0.85,-0.15,0.));
#12451 = VECTOR('',#12452,1.);
#12452 = DIRECTION('',(0.,0.,1.));
#12453 = ORIENTED_EDGE('',*,*,#12406,.T.);
#12454 = ORIENTED_EDGE('',*,*,#11633,.T.);
#12455 = ORIENTED_EDGE('',*,*,#12456,.T.);
#12456 = EDGE_CURVE('',#11626,#12457,#12459,.T.);
#12457 = VERTEX_POINT('',#12458);
#12458 = CARTESIAN_POINT('',(0.794,-0.15,3.E-02));
#12459 = LINE('',#12460,#12461);
#12460 = CARTESIAN_POINT('',(0.425,-0.15,3.E-02));
#12461 = VECTOR('',#12462,1.);
#12462 = DIRECTION('',(-1.,0.,0.));
#12463 = ORIENTED_EDGE('',*,*,#12464,.T.);
#12464 = EDGE_CURVE('',#12457,#12465,#12467,.T.);
#12465 = VERTEX_POINT('',#12466);
#12466 = CARTESIAN_POINT('',(0.25,-0.15,3.E-02));
#12467 = LINE('',#12468,#12469);
#12468 = CARTESIAN_POINT('',(0.425,-0.15,3.E-02));
#12469 = VECTOR('',#12470,1.);
#12470 = DIRECTION('',(-1.,0.,0.));
#12471 = ORIENTED_EDGE('',*,*,#12472,.F.);
#12472 = EDGE_CURVE('',#12441,#12465,#12473,.T.);
#12473 = LINE('',#12474,#12475);
#12474 = CARTESIAN_POINT('',(0.25,-0.15,0.));
#12475 = VECTOR('',#12476,1.);
#12476 = DIRECTION('',(0.,0.,1.));
#12477 = PLANE('',#12478);
#12478 = AXIS2_PLACEMENT_3D('',#12479,#12480,#12481);
#12479 = CARTESIAN_POINT('',(0.85,-0.15,0.));
#12480 = DIRECTION('',(0.,-1.,0.));
#12481 = DIRECTION('',(-1.,0.,0.));
#12482 = ADVANCED_FACE('',(#12483),#12501,.F.);
#12483 = FACE_BOUND('',#12484,.F.);
#12484 = EDGE_LOOP('',(#12485,#12493,#12499,#12500));
#12485 = ORIENTED_EDGE('',*,*,#12486,.F.);
#12486 = EDGE_CURVE('',#12487,#11618,#12489,.T.);
#12487 = VERTEX_POINT('',#12488);
#12488 = CARTESIAN_POINT('',(0.794,0.15,3.E-02));
#12489 = LINE('',#12490,#12491);
#12490 = CARTESIAN_POINT('',(0.125,0.15,3.E-02));
#12491 = VECTOR('',#12492,1.);
#12492 = DIRECTION('',(1.,0.,0.));
#12493 = ORIENTED_EDGE('',*,*,#12494,.F.);
#12494 = EDGE_CURVE('',#12457,#12487,#12495,.T.);
#12495 = LINE('',#12496,#12497);
#12496 = CARTESIAN_POINT('',(0.794,-0.594,3.E-02));
#12497 = VECTOR('',#12498,1.);
#12498 = DIRECTION('',(0.,1.,0.));
#12499 = ORIENTED_EDGE('',*,*,#12456,.F.);
#12500 = ORIENTED_EDGE('',*,*,#11625,.T.);
#12501 = PLANE('',#12502);
#12502 = AXIS2_PLACEMENT_3D('',#12503,#12504,#12505);
#12503 = CARTESIAN_POINT('',(0.,1.982541115402E-17,3.E-02));
#12504 = DIRECTION('',(0.,0.,1.));
#12505 = DIRECTION('',(1.,0.,-0.));
#12506 = ADVANCED_FACE('',(#12507),#12533,.F.);
#12507 = FACE_BOUND('',#12508,.F.);
#12508 = EDGE_LOOP('',(#12509,#12517,#12518,#12524,#12525,#12526,#12527)
  );
#12509 = ORIENTED_EDGE('',*,*,#12510,.F.);
#12510 = EDGE_CURVE('',#11977,#12511,#12513,.T.);
#12511 = VERTEX_POINT('',#12512);
#12512 = CARTESIAN_POINT('',(0.85,0.15,0.));
#12513 = LINE('',#12514,#12515);
#12514 = CARTESIAN_POINT('',(0.25,0.15,0.));
#12515 = VECTOR('',#12516,1.);
#12516 = DIRECTION('',(1.,0.,0.));
#12517 = ORIENTED_EDGE('',*,*,#12008,.T.);
#12518 = ORIENTED_EDGE('',*,*,#12519,.T.);
#12519 = EDGE_CURVE('',#12001,#12487,#12520,.T.);
#12520 = LINE('',#12521,#12522);
#12521 = CARTESIAN_POINT('',(0.125,0.15,3.E-02));
#12522 = VECTOR('',#12523,1.);
#12523 = DIRECTION('',(1.,0.,0.));
#12524 = ORIENTED_EDGE('',*,*,#12486,.T.);
#12525 = ORIENTED_EDGE('',*,*,#11617,.T.);
#12526 = ORIENTED_EDGE('',*,*,#11919,.T.);
#12527 = ORIENTED_EDGE('',*,*,#12528,.F.);
#12528 = EDGE_CURVE('',#12511,#11920,#12529,.T.);
#12529 = LINE('',#12530,#12531);
#12530 = CARTESIAN_POINT('',(0.85,0.15,0.));
#12531 = VECTOR('',#12532,1.);
#12532 = DIRECTION('',(0.,0.,1.));
#12533 = PLANE('',#12534);
#12534 = AXIS2_PLACEMENT_3D('',#12535,#12536,#12537);
#12535 = CARTESIAN_POINT('',(0.25,0.15,0.));
#12536 = DIRECTION('',(0.,1.,0.));
#12537 = DIRECTION('',(1.,0.,0.));
#12538 = ADVANCED_FACE('',(#12539),#12572,.F.);
#12539 = FACE_BOUND('',#12540,.F.);
#12540 = EDGE_LOOP('',(#12541,#12549,#12555,#12556,#12557,#12565,#12571)
  );
#12541 = ORIENTED_EDGE('',*,*,#12542,.F.);
#12542 = EDGE_CURVE('',#12543,#12047,#12545,.T.);
#12543 = VERTEX_POINT('',#12544);
#12544 = CARTESIAN_POINT('',(-0.85,0.15,0.));
#12545 = LINE('',#12546,#12547);
#12546 = CARTESIAN_POINT('',(-0.85,0.15,0.));
#12547 = VECTOR('',#12548,1.);
#12548 = DIRECTION('',(1.,0.,0.));
#12549 = ORIENTED_EDGE('',*,*,#12550,.T.);
#12550 = EDGE_CURVE('',#12543,#12097,#12551,.T.);
#12551 = LINE('',#12552,#12553);
#12552 = CARTESIAN_POINT('',(-0.85,0.15,0.));
#12553 = VECTOR('',#12554,1.);
#12554 = DIRECTION('',(0.,0.,1.));
#12555 = ORIENTED_EDGE('',*,*,#12104,.T.);
#12556 = ORIENTED_EDGE('',*,*,#11696,.T.);
#12557 = ORIENTED_EDGE('',*,*,#12558,.T.);
#12558 = EDGE_CURVE('',#11689,#12559,#12561,.T.);
#12559 = VERTEX_POINT('',#12560);
#12560 = CARTESIAN_POINT('',(-0.794,0.15,3.E-02));
#12561 = LINE('',#12562,#12563);
#12562 = CARTESIAN_POINT('',(-0.425,0.15,3.E-02));
#12563 = VECTOR('',#12564,1.);
#12564 = DIRECTION('',(1.,0.,0.));
#12565 = ORIENTED_EDGE('',*,*,#12566,.T.);
#12566 = EDGE_CURVE('',#12559,#12057,#12567,.T.);
#12567 = LINE('',#12568,#12569);
#12568 = CARTESIAN_POINT('',(-0.425,0.15,3.E-02));
#12569 = VECTOR('',#12570,1.);
#12570 = DIRECTION('',(1.,0.,0.));
#12571 = ORIENTED_EDGE('',*,*,#12056,.F.);
#12572 = PLANE('',#12573);
#12573 = AXIS2_PLACEMENT_3D('',#12574,#12575,#12576);
#12574 = CARTESIAN_POINT('',(-0.85,0.15,0.));
#12575 = DIRECTION('',(0.,1.,0.));
#12576 = DIRECTION('',(1.,0.,0.));
#12577 = ADVANCED_FACE('',(#12578),#12596,.F.);
#12578 = FACE_BOUND('',#12579,.F.);
#12579 = EDGE_LOOP('',(#12580,#12588,#12589,#12590));
#12580 = ORIENTED_EDGE('',*,*,#12581,.F.);
#12581 = EDGE_CURVE('',#12559,#12582,#12584,.T.);
#12582 = VERTEX_POINT('',#12583);
#12583 = CARTESIAN_POINT('',(-0.794,-0.15,3.E-02));
#12584 = LINE('',#12585,#12586);
#12585 = CARTESIAN_POINT('',(-0.794,0.594,3.E-02));
#12586 = VECTOR('',#12587,1.);
#12587 = DIRECTION('',(0.,-1.,0.));
#12588 = ORIENTED_EDGE('',*,*,#12558,.F.);
#12589 = ORIENTED_EDGE('',*,*,#11688,.T.);
#12590 = ORIENTED_EDGE('',*,*,#12591,.F.);
#12591 = EDGE_CURVE('',#12582,#11681,#12592,.T.);
#12592 = LINE('',#12593,#12594);
#12593 = CARTESIAN_POINT('',(-0.125,-0.15,3.E-02));
#12594 = VECTOR('',#12595,1.);
#12595 = DIRECTION('',(-1.,0.,0.));
#12596 = PLANE('',#12597);
#12597 = AXIS2_PLACEMENT_3D('',#12598,#12599,#12600);
#12598 = CARTESIAN_POINT('',(0.,1.982541115402E-17,3.E-02));
#12599 = DIRECTION('',(0.,0.,1.));
#12600 = DIRECTION('',(1.,0.,-0.));
#12601 = ADVANCED_FACE('',(#12602),#12644,.F.);
#12602 = FACE_BOUND('',#12603,.F.);
#12603 = EDGE_LOOP('',(#12604,#12614,#12622,#12628,#12629,#12630,#12638)
  );
#12604 = ORIENTED_EDGE('',*,*,#12605,.F.);
#12605 = EDGE_CURVE('',#12606,#12608,#12610,.T.);
#12606 = VERTEX_POINT('',#12607);
#12607 = CARTESIAN_POINT('',(-0.25,-0.15,0.));
#12608 = VERTEX_POINT('',#12609);
#12609 = CARTESIAN_POINT('',(-0.85,-0.15,0.));
#12610 = LINE('',#12611,#12612);
#12611 = CARTESIAN_POINT('',(-0.25,-0.15,0.));
#12612 = VECTOR('',#12613,1.);
#12613 = DIRECTION('',(-1.,0.,0.));
#12614 = ORIENTED_EDGE('',*,*,#12615,.T.);
#12615 = EDGE_CURVE('',#12606,#12616,#12618,.T.);
#12616 = VERTEX_POINT('',#12617);
#12617 = CARTESIAN_POINT('',(-0.25,-0.15,3.E-02));
#12618 = LINE('',#12619,#12620);
#12619 = CARTESIAN_POINT('',(-0.25,-0.15,0.));
#12620 = VECTOR('',#12621,1.);
#12621 = DIRECTION('',(0.,0.,1.));
#12622 = ORIENTED_EDGE('',*,*,#12623,.T.);
#12623 = EDGE_CURVE('',#12616,#12582,#12624,.T.);
#12624 = LINE('',#12625,#12626);
#12625 = CARTESIAN_POINT('',(-0.125,-0.15,3.E-02));
#12626 = VECTOR('',#12627,1.);
#12627 = DIRECTION('',(-1.,0.,0.));
#12628 = ORIENTED_EDGE('',*,*,#12591,.T.);
#12629 = ORIENTED_EDGE('',*,*,#11680,.T.);
#12630 = ORIENTED_EDGE('',*,*,#12631,.T.);
#12631 = EDGE_CURVE('',#11673,#12632,#12634,.T.);
#12632 = VERTEX_POINT('',#12633);
#12633 = CARTESIAN_POINT('',(-0.85,-0.15,0.1));
#12634 = LINE('',#12635,#12636);
#12635 = CARTESIAN_POINT('',(-0.25,-0.15,0.1));
#12636 = VECTOR('',#12637,1.);
#12637 = DIRECTION('',(-1.,0.,0.));
#12638 = ORIENTED_EDGE('',*,*,#12639,.F.);
#12639 = EDGE_CURVE('',#12608,#12632,#12640,.T.);
#12640 = LINE('',#12641,#12642);
#12641 = CARTESIAN_POINT('',(-0.85,-0.15,0.));
#12642 = VECTOR('',#12643,1.);
#12643 = DIRECTION('',(0.,0.,1.));
#12644 = PLANE('',#12645);
#12645 = AXIS2_PLACEMENT_3D('',#12646,#12647,#12648);
#12646 = CARTESIAN_POINT('',(-0.25,-0.15,0.));
#12647 = DIRECTION('',(0.,-1.,0.));
#12648 = DIRECTION('',(-1.,0.,0.));
#12649 = ADVANCED_FACE('',(#12650),#12693,.T.);
#12650 = FACE_BOUND('',#12651,.T.);
#12651 = EDGE_LOOP('',(#12652,#12660,#12668,#12674,#12675,#12676,#12684,
    #12690,#12691,#12692));
#12652 = ORIENTED_EDGE('',*,*,#12653,.T.);
#12653 = EDGE_CURVE('',#12632,#12654,#12656,.T.);
#12654 = VERTEX_POINT('',#12655);
#12655 = CARTESIAN_POINT('',(-0.85,-0.65,0.1));
#12656 = LINE('',#12657,#12658);
#12657 = CARTESIAN_POINT('',(-0.85,-0.15,0.1));
#12658 = VECTOR('',#12659,1.);
#12659 = DIRECTION('',(0.,-1.,0.));
#12660 = ORIENTED_EDGE('',*,*,#12661,.T.);
#12661 = EDGE_CURVE('',#12654,#12662,#12664,.T.);
#12662 = VERTEX_POINT('',#12663);
#12663 = CARTESIAN_POINT('',(-0.25,-0.65,0.1));
#12664 = LINE('',#12665,#12666);
#12665 = CARTESIAN_POINT('',(-0.85,-0.65,0.1));
#12666 = VECTOR('',#12667,1.);
#12667 = DIRECTION('',(1.,0.,0.));
#12668 = ORIENTED_EDGE('',*,*,#12669,.T.);
#12669 = EDGE_CURVE('',#12662,#11896,#12670,.T.);
#12670 = LINE('',#12671,#12672);
#12671 = CARTESIAN_POINT('',(-0.25,-0.65,0.1));
#12672 = VECTOR('',#12673,1.);
#12673 = DIRECTION('',(0.,1.,0.));
#12674 = ORIENTED_EDGE('',*,*,#11903,.T.);
#12675 = ORIENTED_EDGE('',*,*,#11802,.F.);
#12676 = ORIENTED_EDGE('',*,*,#12677,.F.);
#12677 = EDGE_CURVE('',#12678,#11803,#12680,.T.);
#12678 = VERTEX_POINT('',#12679);
#12679 = CARTESIAN_POINT('',(-0.794,-0.594,0.1));
#12680 = LINE('',#12681,#12682);
#12681 = CARTESIAN_POINT('',(-0.672,-0.594,0.1));
#12682 = VECTOR('',#12683,1.);
#12683 = DIRECTION('',(1.,0.,0.));
#12684 = ORIENTED_EDGE('',*,*,#12685,.F.);
#12685 = EDGE_CURVE('',#11845,#12678,#12686,.T.);
#12686 = LINE('',#12687,#12688);
#12687 = CARTESIAN_POINT('',(-0.794,9.7E-02,0.1));
#12688 = VECTOR('',#12689,1.);
#12689 = DIRECTION('',(0.,-1.,0.));
#12690 = ORIENTED_EDGE('',*,*,#11852,.F.);
#12691 = ORIENTED_EDGE('',*,*,#11672,.T.);
#12692 = ORIENTED_EDGE('',*,*,#12631,.T.);
#12693 = PLANE('',#12694);
#12694 = AXIS2_PLACEMENT_3D('',#12695,#12696,#12697);
#12695 = CARTESIAN_POINT('',(-0.55,-0.4,0.1));
#12696 = DIRECTION('',(0.,0.,1.));
#12697 = DIRECTION('',(1.,0.,-0.));
#12698 = ADVANCED_FACE('',(#12699),#12717,.F.);
#12699 = FACE_BOUND('',#12700,.F.);
#12700 = EDGE_LOOP('',(#12701,#12702,#12710,#12716));
#12701 = ORIENTED_EDGE('',*,*,#12414,.F.);
#12702 = ORIENTED_EDGE('',*,*,#12703,.T.);
#12703 = EDGE_CURVE('',#12415,#12704,#12706,.T.);
#12704 = VERTEX_POINT('',#12705);
#12705 = CARTESIAN_POINT('',(0.794,-0.594,0.17));
#12706 = LINE('',#12707,#12708);
#12707 = CARTESIAN_POINT('',(0.794,-0.594,3.E-02));
#12708 = VECTOR('',#12709,1.);
#12709 = DIRECTION('',(0.,0.,1.));
#12710 = ORIENTED_EDGE('',*,*,#12711,.T.);
#12711 = EDGE_CURVE('',#12704,#11729,#12712,.T.);
#12712 = LINE('',#12713,#12714);
#12713 = CARTESIAN_POINT('',(0.794,-0.594,0.17));
#12714 = VECTOR('',#12715,1.);
#12715 = DIRECTION('',(0.,1.,0.));
#12716 = ORIENTED_EDGE('',*,*,#11728,.T.);
#12717 = PLANE('',#12718);
#12718 = AXIS2_PLACEMENT_3D('',#12719,#12720,#12721);
#12719 = CARTESIAN_POINT('',(0.794,-0.594,3.E-02));
#12720 = DIRECTION('',(-1.,0.,0.));
#12721 = DIRECTION('',(0.,1.,0.));
#12722 = ADVANCED_FACE('',(#12723),#12734,.T.);
#12723 = FACE_BOUND('',#12724,.T.);
#12724 = EDGE_LOOP('',(#12725,#12731,#12732,#12733));
#12725 = ORIENTED_EDGE('',*,*,#12726,.F.);
#12726 = EDGE_CURVE('',#11812,#11754,#12727,.T.);
#12727 = LINE('',#12728,#12729);
#12728 = CARTESIAN_POINT('',(-0.794,-0.594,0.17));
#12729 = VECTOR('',#12730,1.);
#12730 = DIRECTION('',(1.,0.,0.));
#12731 = ORIENTED_EDGE('',*,*,#11819,.F.);
#12732 = ORIENTED_EDGE('',*,*,#12198,.T.);
#12733 = ORIENTED_EDGE('',*,*,#11753,.T.);
#12734 = PLANE('',#12735);
#12735 = AXIS2_PLACEMENT_3D('',#12736,#12737,#12738);
#12736 = CARTESIAN_POINT('',(-0.794,-0.594,6.E-02));
#12737 = DIRECTION('',(0.,1.,0.));
#12738 = DIRECTION('',(1.,0.,0.));
#12739 = ADVANCED_FACE('',(#12740),#12751,.F.);
#12740 = FACE_BOUND('',#12741,.F.);
#12741 = EDGE_LOOP('',(#12742,#12743,#12749,#12750));
#12742 = ORIENTED_EDGE('',*,*,#11761,.F.);
#12743 = ORIENTED_EDGE('',*,*,#12744,.T.);
#12744 = EDGE_CURVE('',#11754,#12704,#12745,.T.);
#12745 = LINE('',#12746,#12747);
#12746 = CARTESIAN_POINT('',(-0.794,-0.594,0.17));
#12747 = VECTOR('',#12748,1.);
#12748 = DIRECTION('',(1.,0.,0.));
#12749 = ORIENTED_EDGE('',*,*,#12703,.F.);
#12750 = ORIENTED_EDGE('',*,*,#12422,.F.);
#12751 = PLANE('',#12752);
#12752 = AXIS2_PLACEMENT_3D('',#12753,#12754,#12755);
#12753 = CARTESIAN_POINT('',(-0.794,-0.594,3.E-02));
#12754 = DIRECTION('',(0.,1.,0.));
#12755 = DIRECTION('',(1.,0.,0.));
#12756 = ADVANCED_FACE('',(#12757),#12775,.F.);
#12757 = FACE_BOUND('',#12758,.F.);
#12758 = EDGE_LOOP('',(#12759,#12760,#12768,#12774));
#12759 = ORIENTED_EDGE('',*,*,#12677,.F.);
#12760 = ORIENTED_EDGE('',*,*,#12761,.T.);
#12761 = EDGE_CURVE('',#12678,#12762,#12764,.T.);
#12762 = VERTEX_POINT('',#12763);
#12763 = CARTESIAN_POINT('',(-0.794,-0.594,0.17));
#12764 = LINE('',#12765,#12766);
#12765 = CARTESIAN_POINT('',(-0.794,-0.594,3.E-02));
#12766 = VECTOR('',#12767,1.);
#12767 = DIRECTION('',(0.,0.,1.));
#12768 = ORIENTED_EDGE('',*,*,#12769,.T.);
#12769 = EDGE_CURVE('',#12762,#11812,#12770,.T.);
#12770 = LINE('',#12771,#12772);
#12771 = CARTESIAN_POINT('',(-0.794,-0.594,0.17));
#12772 = VECTOR('',#12773,1.);
#12773 = DIRECTION('',(1.,0.,0.));
#12774 = ORIENTED_EDGE('',*,*,#11811,.T.);
#12775 = PLANE('',#12776);
#12776 = AXIS2_PLACEMENT_3D('',#12777,#12778,#12779);
#12777 = CARTESIAN_POINT('',(-0.794,-0.594,3.E-02));
#12778 = DIRECTION('',(0.,1.,0.));
#12779 = DIRECTION('',(1.,0.,0.));
#12780 = ADVANCED_FACE('',(#12781),#12792,.F.);
#12781 = FACE_BOUND('',#12782,.F.);
#12782 = EDGE_LOOP('',(#12783,#12784,#12790,#12791));
#12783 = ORIENTED_EDGE('',*,*,#11844,.F.);
#12784 = ORIENTED_EDGE('',*,*,#12785,.T.);
#12785 = EDGE_CURVE('',#11837,#12762,#12786,.T.);
#12786 = LINE('',#12787,#12788);
#12787 = CARTESIAN_POINT('',(-0.794,0.594,0.17));
#12788 = VECTOR('',#12789,1.);
#12789 = DIRECTION('',(0.,-1.,0.));
#12790 = ORIENTED_EDGE('',*,*,#12761,.F.);
#12791 = ORIENTED_EDGE('',*,*,#12685,.F.);
#12792 = PLANE('',#12793);
#12793 = AXIS2_PLACEMENT_3D('',#12794,#12795,#12796);
#12794 = CARTESIAN_POINT('',(-0.794,0.594,3.E-02));
#12795 = DIRECTION('',(1.,0.,0.));
#12796 = DIRECTION('',(0.,-1.,0.));
#12797 = ADVANCED_FACE('',(#12798),#12831,.F.);
#12798 = FACE_BOUND('',#12799,.F.);
#12799 = EDGE_LOOP('',(#12800,#12808,#12814,#12815,#12816,#12824,#12830)
  );
#12800 = ORIENTED_EDGE('',*,*,#12801,.F.);
#12801 = EDGE_CURVE('',#12802,#12606,#12804,.T.);
#12802 = VERTEX_POINT('',#12803);
#12803 = CARTESIAN_POINT('',(-0.25,-0.65,0.));
#12804 = LINE('',#12805,#12806);
#12805 = CARTESIAN_POINT('',(-0.25,-0.65,0.));
#12806 = VECTOR('',#12807,1.);
#12807 = DIRECTION('',(0.,1.,0.));
#12808 = ORIENTED_EDGE('',*,*,#12809,.T.);
#12809 = EDGE_CURVE('',#12802,#12662,#12810,.T.);
#12810 = LINE('',#12811,#12812);
#12811 = CARTESIAN_POINT('',(-0.25,-0.65,0.));
#12812 = VECTOR('',#12813,1.);
#12813 = DIRECTION('',(0.,0.,1.));
#12814 = ORIENTED_EDGE('',*,*,#12669,.T.);
#12815 = ORIENTED_EDGE('',*,*,#11895,.T.);
#12816 = ORIENTED_EDGE('',*,*,#12817,.T.);
#12817 = EDGE_CURVE('',#11888,#12818,#12820,.T.);
#12818 = VERTEX_POINT('',#12819);
#12819 = CARTESIAN_POINT('',(-0.25,-0.594,3.E-02));
#12820 = LINE('',#12821,#12822);
#12821 = CARTESIAN_POINT('',(-0.25,-0.325,3.E-02));
#12822 = VECTOR('',#12823,1.);
#12823 = DIRECTION('',(0.,1.,-0.));
#12824 = ORIENTED_EDGE('',*,*,#12825,.T.);
#12825 = EDGE_CURVE('',#12818,#12616,#12826,.T.);
#12826 = LINE('',#12827,#12828);
#12827 = CARTESIAN_POINT('',(-0.25,-0.325,3.E-02));
#12828 = VECTOR('',#12829,1.);
#12829 = DIRECTION('',(0.,1.,-0.));
#12830 = ORIENTED_EDGE('',*,*,#12615,.F.);
#12831 = PLANE('',#12832);
#12832 = AXIS2_PLACEMENT_3D('',#12833,#12834,#12835);
#12833 = CARTESIAN_POINT('',(-0.25,-0.65,0.));
#12834 = DIRECTION('',(-1.,0.,0.));
#12835 = DIRECTION('',(0.,1.,0.));
#12836 = ADVANCED_FACE('',(#12837),#12855,.F.);
#12837 = FACE_BOUND('',#12838,.F.);
#12838 = EDGE_LOOP('',(#12839,#12847,#12853,#12854));
#12839 = ORIENTED_EDGE('',*,*,#12840,.F.);
#12840 = EDGE_CURVE('',#12841,#11880,#12843,.T.);
#12841 = VERTEX_POINT('',#12842);
#12842 = CARTESIAN_POINT('',(0.25,-0.594,3.E-02));
#12843 = LINE('',#12844,#12845);
#12844 = CARTESIAN_POINT('',(0.25,-7.5E-02,3.E-02));
#12845 = VECTOR('',#12846,1.);
#12846 = DIRECTION('',(0.,-1.,0.));
#12847 = ORIENTED_EDGE('',*,*,#12848,.F.);
#12848 = EDGE_CURVE('',#12818,#12841,#12849,.T.);
#12849 = LINE('',#12850,#12851);
#12850 = CARTESIAN_POINT('',(-0.794,-0.594,3.E-02));
#12851 = VECTOR('',#12852,1.);
#12852 = DIRECTION('',(1.,0.,0.));
#12853 = ORIENTED_EDGE('',*,*,#12817,.F.);
#12854 = ORIENTED_EDGE('',*,*,#11887,.T.);
#12855 = PLANE('',#12856);
#12856 = AXIS2_PLACEMENT_3D('',#12857,#12858,#12859);
#12857 = CARTESIAN_POINT('',(0.,1.982541115402E-17,3.E-02));
#12858 = DIRECTION('',(0.,0.,1.));
#12859 = DIRECTION('',(1.,0.,-0.));
#12860 = ADVANCED_FACE('',(#12861),#12887,.F.);
#12861 = FACE_BOUND('',#12862,.F.);
#12862 = EDGE_LOOP('',(#12863,#12871,#12872,#12878,#12879,#12880,#12881)
  );
#12863 = ORIENTED_EDGE('',*,*,#12864,.F.);
#12864 = EDGE_CURVE('',#12441,#12865,#12867,.T.);
#12865 = VERTEX_POINT('',#12866);
#12866 = CARTESIAN_POINT('',(0.25,-0.65,0.));
#12867 = LINE('',#12868,#12869);
#12868 = CARTESIAN_POINT('',(0.25,-0.15,0.));
#12869 = VECTOR('',#12870,1.);
#12870 = DIRECTION('',(0.,-1.,0.));
#12871 = ORIENTED_EDGE('',*,*,#12472,.T.);
#12872 = ORIENTED_EDGE('',*,*,#12873,.T.);
#12873 = EDGE_CURVE('',#12465,#12841,#12874,.T.);
#12874 = LINE('',#12875,#12876);
#12875 = CARTESIAN_POINT('',(0.25,-7.5E-02,3.E-02));
#12876 = VECTOR('',#12877,1.);
#12877 = DIRECTION('',(0.,-1.,0.));
#12878 = ORIENTED_EDGE('',*,*,#12840,.T.);
#12879 = ORIENTED_EDGE('',*,*,#11879,.T.);
#12880 = ORIENTED_EDGE('',*,*,#12382,.T.);
#12881 = ORIENTED_EDGE('',*,*,#12882,.F.);
#12882 = EDGE_CURVE('',#12865,#12383,#12883,.T.);
#12883 = LINE('',#12884,#12885);
#12884 = CARTESIAN_POINT('',(0.25,-0.65,0.));
#12885 = VECTOR('',#12886,1.);
#12886 = DIRECTION('',(0.,0.,1.));
#12887 = PLANE('',#12888);
#12888 = AXIS2_PLACEMENT_3D('',#12889,#12890,#12891);
#12889 = CARTESIAN_POINT('',(0.25,-0.15,0.));
#12890 = DIRECTION('',(1.,0.,0.));
#12891 = DIRECTION('',(0.,-1.,0.));
#12892 = ADVANCED_FACE('',(#12893),#12911,.F.);
#12893 = FACE_BOUND('',#12894,.F.);
#12894 = EDGE_LOOP('',(#12895,#12903,#12904,#12905));
#12895 = ORIENTED_EDGE('',*,*,#12896,.T.);
#12896 = EDGE_CURVE('',#12897,#11928,#12899,.T.);
#12897 = VERTEX_POINT('',#12898);
#12898 = CARTESIAN_POINT('',(0.85,0.65,0.));
#12899 = LINE('',#12900,#12901);
#12900 = CARTESIAN_POINT('',(0.85,0.65,0.));
#12901 = VECTOR('',#12902,1.);
#12902 = DIRECTION('',(0.,0.,1.));
#12903 = ORIENTED_EDGE('',*,*,#11935,.T.);
#12904 = ORIENTED_EDGE('',*,*,#11984,.F.);
#12905 = ORIENTED_EDGE('',*,*,#12906,.F.);
#12906 = EDGE_CURVE('',#12897,#11975,#12907,.T.);
#12907 = LINE('',#12908,#12909);
#12908 = CARTESIAN_POINT('',(0.85,0.65,0.));
#12909 = VECTOR('',#12910,1.);
#12910 = DIRECTION('',(-1.,0.,0.));
#12911 = PLANE('',#12912);
#12912 = AXIS2_PLACEMENT_3D('',#12913,#12914,#12915);
#12913 = CARTESIAN_POINT('',(0.85,0.65,0.));
#12914 = DIRECTION('',(0.,-1.,0.));
#12915 = DIRECTION('',(-1.,0.,0.));
#12916 = ADVANCED_FACE('',(#12917),#12928,.F.);
#12917 = FACE_BOUND('',#12918,.F.);
#12918 = EDGE_LOOP('',(#12919,#12920,#12921,#12922));
#12919 = ORIENTED_EDGE('',*,*,#12528,.T.);
#12920 = ORIENTED_EDGE('',*,*,#11927,.T.);
#12921 = ORIENTED_EDGE('',*,*,#12896,.F.);
#12922 = ORIENTED_EDGE('',*,*,#12923,.F.);
#12923 = EDGE_CURVE('',#12511,#12897,#12924,.T.);
#12924 = LINE('',#12925,#12926);
#12925 = CARTESIAN_POINT('',(0.85,0.15,0.));
#12926 = VECTOR('',#12927,1.);
#12927 = DIRECTION('',(0.,1.,0.));
#12928 = PLANE('',#12929);
#12929 = AXIS2_PLACEMENT_3D('',#12930,#12931,#12932);
#12930 = CARTESIAN_POINT('',(0.85,0.15,0.));
#12931 = DIRECTION('',(-1.,0.,0.));
#12932 = DIRECTION('',(0.,1.,0.));
#12933 = ADVANCED_FACE('',(#12934),#12940,.F.);
#12934 = FACE_BOUND('',#12935,.F.);
#12935 = EDGE_LOOP('',(#12936,#12937,#12938,#12939));
#12936 = ORIENTED_EDGE('',*,*,#12510,.T.);
#12937 = ORIENTED_EDGE('',*,*,#12923,.T.);
#12938 = ORIENTED_EDGE('',*,*,#12906,.T.);
#12939 = ORIENTED_EDGE('',*,*,#11974,.T.);
#12940 = PLANE('',#12941);
#12941 = AXIS2_PLACEMENT_3D('',#12942,#12943,#12944);
#12942 = CARTESIAN_POINT('',(0.55,0.4,0.));
#12943 = DIRECTION('',(0.,0.,1.));
#12944 = DIRECTION('',(1.,0.,-0.));
#12945 = ADVANCED_FACE('',(#12946),#12960,.F.);
#12946 = FACE_BOUND('',#12947,.F.);
#12947 = EDGE_LOOP('',(#12948,#12949,#12950,#12951,#12952,#12953,#12954,
    #12955,#12956,#12957,#12958,#12959));
#12948 = ORIENTED_EDGE('',*,*,#12825,.F.);
#12949 = ORIENTED_EDGE('',*,*,#12848,.T.);
#12950 = ORIENTED_EDGE('',*,*,#12873,.F.);
#12951 = ORIENTED_EDGE('',*,*,#12464,.F.);
#12952 = ORIENTED_EDGE('',*,*,#12494,.T.);
#12953 = ORIENTED_EDGE('',*,*,#12519,.F.);
#12954 = ORIENTED_EDGE('',*,*,#12000,.F.);
#12955 = ORIENTED_EDGE('',*,*,#12032,.T.);
#12956 = ORIENTED_EDGE('',*,*,#12064,.F.);
#12957 = ORIENTED_EDGE('',*,*,#12566,.F.);
#12958 = ORIENTED_EDGE('',*,*,#12581,.T.);
#12959 = ORIENTED_EDGE('',*,*,#12623,.F.);
#12960 = PLANE('',#12961);
#12961 = AXIS2_PLACEMENT_3D('',#12962,#12963,#12964);
#12962 = CARTESIAN_POINT('',(0.,-1.999681240319E-17,3.E-02));
#12963 = DIRECTION('',(0.,0.,1.));
#12964 = DIRECTION('',(1.,0.,-0.));
#12965 = ADVANCED_FACE('',(#12966),#12984,.F.);
#12966 = FACE_BOUND('',#12967,.F.);
#12967 = EDGE_LOOP('',(#12968,#12969,#12970,#12978));
#12968 = ORIENTED_EDGE('',*,*,#12542,.T.);
#12969 = ORIENTED_EDGE('',*,*,#12046,.T.);
#12970 = ORIENTED_EDGE('',*,*,#12971,.T.);
#12971 = EDGE_CURVE('',#12049,#12972,#12974,.T.);
#12972 = VERTEX_POINT('',#12973);
#12973 = CARTESIAN_POINT('',(-0.85,0.65,0.));
#12974 = LINE('',#12975,#12976);
#12975 = CARTESIAN_POINT('',(-0.25,0.65,0.));
#12976 = VECTOR('',#12977,1.);
#12977 = DIRECTION('',(-1.,0.,0.));
#12978 = ORIENTED_EDGE('',*,*,#12979,.T.);
#12979 = EDGE_CURVE('',#12972,#12543,#12980,.T.);
#12980 = LINE('',#12981,#12982);
#12981 = CARTESIAN_POINT('',(-0.85,0.65,0.));
#12982 = VECTOR('',#12983,1.);
#12983 = DIRECTION('',(0.,-1.,0.));
#12984 = PLANE('',#12985);
#12985 = AXIS2_PLACEMENT_3D('',#12986,#12987,#12988);
#12986 = CARTESIAN_POINT('',(-0.55,0.4,0.));
#12987 = DIRECTION('',(0.,0.,1.));
#12988 = DIRECTION('',(1.,0.,-0.));
#12989 = ADVANCED_FACE('',(#12990),#13001,.F.);
#12990 = FACE_BOUND('',#12991,.F.);
#12991 = EDGE_LOOP('',(#12992,#12993,#12994,#13000));
#12992 = ORIENTED_EDGE('',*,*,#12080,.T.);
#12993 = ORIENTED_EDGE('',*,*,#12129,.T.);
#12994 = ORIENTED_EDGE('',*,*,#12995,.F.);
#12995 = EDGE_CURVE('',#12972,#12095,#12996,.T.);
#12996 = LINE('',#12997,#12998);
#12997 = CARTESIAN_POINT('',(-0.85,0.65,0.));
#12998 = VECTOR('',#12999,1.);
#12999 = DIRECTION('',(0.,0.,1.));
#13000 = ORIENTED_EDGE('',*,*,#12971,.F.);
#13001 = PLANE('',#13002);
#13002 = AXIS2_PLACEMENT_3D('',#13003,#13004,#13005);
#13003 = CARTESIAN_POINT('',(-0.25,0.65,0.));
#13004 = DIRECTION('',(0.,-1.,0.));
#13005 = DIRECTION('',(-1.,0.,0.));
#13006 = ADVANCED_FACE('',(#13007),#13013,.F.);
#13007 = FACE_BOUND('',#13008,.F.);
#13008 = EDGE_LOOP('',(#13009,#13010,#13011,#13012));
#13009 = ORIENTED_EDGE('',*,*,#12995,.T.);
#13010 = ORIENTED_EDGE('',*,*,#12094,.T.);
#13011 = ORIENTED_EDGE('',*,*,#12550,.F.);
#13012 = ORIENTED_EDGE('',*,*,#12979,.F.);
#13013 = PLANE('',#13014);
#13014 = AXIS2_PLACEMENT_3D('',#13015,#13016,#13017);
#13015 = CARTESIAN_POINT('',(-0.85,0.65,0.));
#13016 = DIRECTION('',(1.,0.,0.));
#13017 = DIRECTION('',(0.,-1.,0.));
#13018 = ADVANCED_FACE('',(#13019,#13089),#13103,.T.);
#13019 = FACE_BOUND('',#13020,.T.);
#13020 = EDGE_LOOP('',(#13021,#13031,#13040,#13048,#13057,#13065,#13074,
    #13082));
#13021 = ORIENTED_EDGE('',*,*,#13022,.T.);
#13022 = EDGE_CURVE('',#13023,#13025,#13027,.T.);
#13023 = VERTEX_POINT('',#13024);
#13024 = CARTESIAN_POINT('',(0.764,0.458,0.17));
#13025 = VERTEX_POINT('',#13026);
#13026 = CARTESIAN_POINT('',(0.764,-0.458,0.17));
#13027 = LINE('',#13028,#13029);
#13028 = CARTESIAN_POINT('',(0.764,0.458,0.17));
#13029 = VECTOR('',#13030,1.);
#13030 = DIRECTION('',(0.,-1.,0.));
#13031 = ORIENTED_EDGE('',*,*,#13032,.T.);
#13032 = EDGE_CURVE('',#13025,#13033,#13035,.T.);
#13033 = VERTEX_POINT('',#13034);
#13034 = CARTESIAN_POINT('',(0.658,-0.564,0.17));
#13035 = CIRCLE('',#13036,0.106);
#13036 = AXIS2_PLACEMENT_3D('',#13037,#13038,#13039);
#13037 = CARTESIAN_POINT('',(0.658,-0.458,0.17));
#13038 = DIRECTION('',(0.,0.,-1.));
#13039 = DIRECTION('',(1.,0.,0.));
#13040 = ORIENTED_EDGE('',*,*,#13041,.T.);
#13041 = EDGE_CURVE('',#13033,#13042,#13044,.T.);
#13042 = VERTEX_POINT('',#13043);
#13043 = CARTESIAN_POINT('',(-0.658,-0.564,0.17));
#13044 = LINE('',#13045,#13046);
#13045 = CARTESIAN_POINT('',(0.658,-0.564,0.17));
#13046 = VECTOR('',#13047,1.);
#13047 = DIRECTION('',(-1.,0.,0.));
#13048 = ORIENTED_EDGE('',*,*,#13049,.T.);
#13049 = EDGE_CURVE('',#13042,#13050,#13052,.T.);
#13050 = VERTEX_POINT('',#13051);
#13051 = CARTESIAN_POINT('',(-0.764,-0.458,0.17));
#13052 = CIRCLE('',#13053,0.106);
#13053 = AXIS2_PLACEMENT_3D('',#13054,#13055,#13056);
#13054 = CARTESIAN_POINT('',(-0.658,-0.458,0.17));
#13055 = DIRECTION('',(-0.,-0.,-1.));
#13056 = DIRECTION('',(0.,-1.,0.));
#13057 = ORIENTED_EDGE('',*,*,#13058,.T.);
#13058 = EDGE_CURVE('',#13050,#13059,#13061,.T.);
#13059 = VERTEX_POINT('',#13060);
#13060 = CARTESIAN_POINT('',(-0.764,0.458,0.17));
#13061 = LINE('',#13062,#13063);
#13062 = CARTESIAN_POINT('',(-0.764,-0.458,0.17));
#13063 = VECTOR('',#13064,1.);
#13064 = DIRECTION('',(0.,1.,0.));
#13065 = ORIENTED_EDGE('',*,*,#13066,.T.);
#13066 = EDGE_CURVE('',#13059,#13067,#13069,.T.);
#13067 = VERTEX_POINT('',#13068);
#13068 = CARTESIAN_POINT('',(-0.658,0.564,0.17));
#13069 = CIRCLE('',#13070,0.106);
#13070 = AXIS2_PLACEMENT_3D('',#13071,#13072,#13073);
#13071 = CARTESIAN_POINT('',(-0.658,0.458,0.17));
#13072 = DIRECTION('',(0.,0.,-1.));
#13073 = DIRECTION('',(-1.,0.,0.));
#13074 = ORIENTED_EDGE('',*,*,#13075,.T.);
#13075 = EDGE_CURVE('',#13067,#13076,#13078,.T.);
#13076 = VERTEX_POINT('',#13077);
#13077 = CARTESIAN_POINT('',(0.658,0.564,0.17));
#13078 = LINE('',#13079,#13080);
#13079 = CARTESIAN_POINT('',(-0.658,0.564,0.17));
#13080 = VECTOR('',#13081,1.);
#13081 = DIRECTION('',(1.,0.,0.));
#13082 = ORIENTED_EDGE('',*,*,#13083,.T.);
#13083 = EDGE_CURVE('',#13076,#13023,#13084,.T.);
#13084 = CIRCLE('',#13085,0.106);
#13085 = AXIS2_PLACEMENT_3D('',#13086,#13087,#13088);
#13086 = CARTESIAN_POINT('',(0.658,0.458,0.17));
#13087 = DIRECTION('',(0.,0.,-1.));
#13088 = DIRECTION('',(0.,1.,0.));
#13089 = FACE_BOUND('',#13090,.T.);
#13090 = EDGE_LOOP('',(#13091,#13092,#13093,#13094,#13095,#13096,#13097,
    #13098,#13099,#13100,#13101,#13102));
#13091 = ORIENTED_EDGE('',*,*,#12769,.T.);
#13092 = ORIENTED_EDGE('',*,*,#12726,.T.);
#13093 = ORIENTED_EDGE('',*,*,#12744,.T.);
#13094 = ORIENTED_EDGE('',*,*,#12711,.T.);
#13095 = ORIENTED_EDGE('',*,*,#12290,.T.);
#13096 = ORIENTED_EDGE('',*,*,#12308,.T.);
#13097 = ORIENTED_EDGE('',*,*,#12152,.T.);
#13098 = ORIENTED_EDGE('',*,*,#12167,.T.);
#13099 = ORIENTED_EDGE('',*,*,#12366,.T.);
#13100 = ORIENTED_EDGE('',*,*,#12333,.T.);
#13101 = ORIENTED_EDGE('',*,*,#12348,.T.);
#13102 = ORIENTED_EDGE('',*,*,#12785,.T.);
#13103 = PLANE('',#13104);
#13104 = AXIS2_PLACEMENT_3D('',#13105,#13106,#13107);
#13105 = CARTESIAN_POINT('',(0.,-1.999681240319E-17,0.17));
#13106 = DIRECTION('',(0.,0.,1.));
#13107 = DIRECTION('',(1.,0.,-0.));
#13108 = ADVANCED_FACE('',(#13109),#13136,.T.);
#13109 = FACE_BOUND('',#13110,.T.);
#13110 = EDGE_LOOP('',(#13111,#13112,#13121,#13129));
#13111 = ORIENTED_EDGE('',*,*,#12214,.T.);
#13112 = ORIENTED_EDGE('',*,*,#13113,.T.);
#13113 = EDGE_CURVE('',#12217,#13114,#13116,.T.);
#13114 = VERTEX_POINT('',#13115);
#13115 = CARTESIAN_POINT('',(0.758,-0.458,0.206));
#13116 = CIRCLE('',#13117,6.E-03);
#13117 = AXIS2_PLACEMENT_3D('',#13118,#13119,#13120);
#13118 = CARTESIAN_POINT('',(0.764,-0.458,0.206));
#13119 = DIRECTION('',(0.,1.,0.));
#13120 = DIRECTION('',(0.,0.,-1.));
#13121 = ORIENTED_EDGE('',*,*,#13122,.F.);
#13122 = EDGE_CURVE('',#13123,#13114,#13125,.T.);
#13123 = VERTEX_POINT('',#13124);
#13124 = CARTESIAN_POINT('',(0.758,0.458,0.206));
#13125 = LINE('',#13126,#13127);
#13126 = CARTESIAN_POINT('',(0.758,0.458,0.206));
#13127 = VECTOR('',#13128,1.);
#13128 = DIRECTION('',(0.,-1.,0.));
#13129 = ORIENTED_EDGE('',*,*,#13130,.F.);
#13130 = EDGE_CURVE('',#12215,#13123,#13131,.T.);
#13131 = CIRCLE('',#13132,6.E-03);
#13132 = AXIS2_PLACEMENT_3D('',#13133,#13134,#13135);
#13133 = CARTESIAN_POINT('',(0.764,0.458,0.206));
#13134 = DIRECTION('',(0.,1.,0.));
#13135 = DIRECTION('',(0.,0.,-1.));
#13136 = CYLINDRICAL_SURFACE('',#13137,6.E-03);
#13137 = AXIS2_PLACEMENT_3D('',#13138,#13139,#13140);
#13138 = CARTESIAN_POINT('',(0.764,0.458,0.206));
#13139 = DIRECTION('',(0.,-1.,0.));
#13140 = DIRECTION('',(-0.,-0.,-1.));
#13141 = ADVANCED_FACE('',(#13142),#13162,.T.);
#13142 = FACE_BOUND('',#13143,.T.);
#13143 = EDGE_LOOP('',(#13144,#13153,#13154,#13155));
#13144 = ORIENTED_EDGE('',*,*,#13145,.F.);
#13145 = EDGE_CURVE('',#12268,#13146,#13148,.T.);
#13146 = VERTEX_POINT('',#13147);
#13147 = CARTESIAN_POINT('',(0.658,0.558,0.206));
#13148 = CIRCLE('',#13149,6.E-03);
#13149 = AXIS2_PLACEMENT_3D('',#13150,#13151,#13152);
#13150 = CARTESIAN_POINT('',(0.658,0.564,0.206));
#13151 = DIRECTION('',(-1.,-0.,-0.));
#13152 = DIRECTION('',(0.,0.,-1.));
#13153 = ORIENTED_EDGE('',*,*,#12275,.T.);
#13154 = ORIENTED_EDGE('',*,*,#13130,.T.);
#13155 = ORIENTED_EDGE('',*,*,#13156,.F.);
#13156 = EDGE_CURVE('',#13146,#13123,#13157,.T.);
#13157 = CIRCLE('',#13158,0.1);
#13158 = AXIS2_PLACEMENT_3D('',#13159,#13160,#13161);
#13159 = CARTESIAN_POINT('',(0.658,0.458,0.206));
#13160 = DIRECTION('',(0.,0.,-1.));
#13161 = DIRECTION('',(0.,1.,0.));
#13162 = TOROIDAL_SURFACE('',#13163,0.106,6.E-03);
#13163 = AXIS2_PLACEMENT_3D('',#13164,#13165,#13166);
#13164 = CARTESIAN_POINT('',(0.658,0.458,0.206));
#13165 = DIRECTION('',(-0.,-0.,-1.));
#13166 = DIRECTION('',(0.,1.,-0.));
#13167 = ADVANCED_FACE('',(#13168),#13188,.T.);
#13168 = FACE_BOUND('',#13169,.T.);
#13169 = EDGE_LOOP('',(#13170,#13171,#13172,#13181));
#13170 = ORIENTED_EDGE('',*,*,#13113,.F.);
#13171 = ORIENTED_EDGE('',*,*,#12224,.T.);
#13172 = ORIENTED_EDGE('',*,*,#13173,.T.);
#13173 = EDGE_CURVE('',#12225,#13174,#13176,.T.);
#13174 = VERTEX_POINT('',#13175);
#13175 = CARTESIAN_POINT('',(0.658,-0.558,0.206));
#13176 = CIRCLE('',#13177,6.E-03);
#13177 = AXIS2_PLACEMENT_3D('',#13178,#13179,#13180);
#13178 = CARTESIAN_POINT('',(0.658,-0.564,0.206));
#13179 = DIRECTION('',(1.,6.123233995737E-17,0.));
#13180 = DIRECTION('',(6.123233995737E-17,-1.,0.));
#13181 = ORIENTED_EDGE('',*,*,#13182,.F.);
#13182 = EDGE_CURVE('',#13114,#13174,#13183,.T.);
#13183 = CIRCLE('',#13184,0.1);
#13184 = AXIS2_PLACEMENT_3D('',#13185,#13186,#13187);
#13185 = CARTESIAN_POINT('',(0.658,-0.458,0.206));
#13186 = DIRECTION('',(0.,0.,-1.));
#13187 = DIRECTION('',(1.,0.,0.));
#13188 = TOROIDAL_SURFACE('',#13189,0.106,6.E-03);
#13189 = AXIS2_PLACEMENT_3D('',#13190,#13191,#13192);
#13190 = CARTESIAN_POINT('',(0.658,-0.458,0.206));
#13191 = DIRECTION('',(-0.,-0.,-1.));
#13192 = DIRECTION('',(1.,0.,0.));
#13193 = ADVANCED_FACE('',(#13194),#13213,.T.);
#13194 = FACE_BOUND('',#13195,.T.);
#13195 = EDGE_LOOP('',(#13196,#13197,#13198,#13206));
#13196 = ORIENTED_EDGE('',*,*,#12267,.T.);
#13197 = ORIENTED_EDGE('',*,*,#13145,.T.);
#13198 = ORIENTED_EDGE('',*,*,#13199,.F.);
#13199 = EDGE_CURVE('',#13200,#13146,#13202,.T.);
#13200 = VERTEX_POINT('',#13201);
#13201 = CARTESIAN_POINT('',(-0.658,0.558,0.206));
#13202 = LINE('',#13203,#13204);
#13203 = CARTESIAN_POINT('',(-0.658,0.558,0.206));
#13204 = VECTOR('',#13205,1.);
#13205 = DIRECTION('',(1.,0.,0.));
#13206 = ORIENTED_EDGE('',*,*,#13207,.F.);
#13207 = EDGE_CURVE('',#12259,#13200,#13208,.T.);
#13208 = CIRCLE('',#13209,6.E-03);
#13209 = AXIS2_PLACEMENT_3D('',#13210,#13211,#13212);
#13210 = CARTESIAN_POINT('',(-0.658,0.564,0.206));
#13211 = DIRECTION('',(-1.,-6.123233995737E-17,-0.));
#13212 = DIRECTION('',(-6.123233995737E-17,1.,0.));
#13213 = CYLINDRICAL_SURFACE('',#13214,6.E-03);
#13214 = AXIS2_PLACEMENT_3D('',#13215,#13216,#13217);
#13215 = CARTESIAN_POINT('',(-0.658,0.564,0.206));
#13216 = DIRECTION('',(1.,0.,0.));
#13217 = DIRECTION('',(0.,0.,-1.));
#13218 = ADVANCED_FACE('',(#13219),#13238,.T.);
#13219 = FACE_BOUND('',#13220,.T.);
#13220 = EDGE_LOOP('',(#13221,#13222,#13231,#13237));
#13221 = ORIENTED_EDGE('',*,*,#12233,.T.);
#13222 = ORIENTED_EDGE('',*,*,#13223,.T.);
#13223 = EDGE_CURVE('',#12234,#13224,#13226,.T.);
#13224 = VERTEX_POINT('',#13225);
#13225 = CARTESIAN_POINT('',(-0.658,-0.558,0.206));
#13226 = CIRCLE('',#13227,6.E-03);
#13227 = AXIS2_PLACEMENT_3D('',#13228,#13229,#13230);
#13228 = CARTESIAN_POINT('',(-0.658,-0.564,0.206));
#13229 = DIRECTION('',(1.,-0.,0.));
#13230 = DIRECTION('',(0.,0.,-1.));
#13231 = ORIENTED_EDGE('',*,*,#13232,.F.);
#13232 = EDGE_CURVE('',#13174,#13224,#13233,.T.);
#13233 = LINE('',#13234,#13235);
#13234 = CARTESIAN_POINT('',(0.658,-0.558,0.206));
#13235 = VECTOR('',#13236,1.);
#13236 = DIRECTION('',(-1.,0.,0.));
#13237 = ORIENTED_EDGE('',*,*,#13173,.F.);
#13238 = CYLINDRICAL_SURFACE('',#13239,6.E-03);
#13239 = AXIS2_PLACEMENT_3D('',#13240,#13241,#13242);
#13240 = CARTESIAN_POINT('',(0.658,-0.564,0.206));
#13241 = DIRECTION('',(-1.,0.,0.));
#13242 = DIRECTION('',(0.,0.,-1.));
#13243 = ADVANCED_FACE('',(#13244),#13264,.T.);
#13244 = FACE_BOUND('',#13245,.T.);
#13245 = EDGE_LOOP('',(#13246,#13255,#13256,#13257));
#13246 = ORIENTED_EDGE('',*,*,#13247,.F.);
#13247 = EDGE_CURVE('',#12251,#13248,#13250,.T.);
#13248 = VERTEX_POINT('',#13249);
#13249 = CARTESIAN_POINT('',(-0.758,0.458,0.206));
#13250 = CIRCLE('',#13251,6.E-03);
#13251 = AXIS2_PLACEMENT_3D('',#13252,#13253,#13254);
#13252 = CARTESIAN_POINT('',(-0.764,0.458,0.206));
#13253 = DIRECTION('',(0.,-1.,0.));
#13254 = DIRECTION('',(0.,0.,-1.));
#13255 = ORIENTED_EDGE('',*,*,#12258,.T.);
#13256 = ORIENTED_EDGE('',*,*,#13207,.T.);
#13257 = ORIENTED_EDGE('',*,*,#13258,.F.);
#13258 = EDGE_CURVE('',#13248,#13200,#13259,.T.);
#13259 = CIRCLE('',#13260,0.1);
#13260 = AXIS2_PLACEMENT_3D('',#13261,#13262,#13263);
#13261 = CARTESIAN_POINT('',(-0.658,0.458,0.206));
#13262 = DIRECTION('',(0.,0.,-1.));
#13263 = DIRECTION('',(-1.,0.,0.));
#13264 = TOROIDAL_SURFACE('',#13265,0.106,6.E-03);
#13265 = AXIS2_PLACEMENT_3D('',#13266,#13267,#13268);
#13266 = CARTESIAN_POINT('',(-0.658,0.458,0.206));
#13267 = DIRECTION('',(-0.,-0.,-1.));
#13268 = DIRECTION('',(-1.,0.,0.));
#13269 = ADVANCED_FACE('',(#13270),#13290,.T.);
#13270 = FACE_BOUND('',#13271,.T.);
#13271 = EDGE_LOOP('',(#13272,#13273,#13274,#13283));
#13272 = ORIENTED_EDGE('',*,*,#13223,.F.);
#13273 = ORIENTED_EDGE('',*,*,#12241,.T.);
#13274 = ORIENTED_EDGE('',*,*,#13275,.T.);
#13275 = EDGE_CURVE('',#12242,#13276,#13278,.T.);
#13276 = VERTEX_POINT('',#13277);
#13277 = CARTESIAN_POINT('',(-0.758,-0.458,0.206));
#13278 = CIRCLE('',#13279,6.E-03);
#13279 = AXIS2_PLACEMENT_3D('',#13280,#13281,#13282);
#13280 = CARTESIAN_POINT('',(-0.764,-0.458,0.206));
#13281 = DIRECTION('',(6.123233995737E-17,-1.,0.));
#13282 = DIRECTION('',(-1.,-6.123233995737E-17,0.));
#13283 = ORIENTED_EDGE('',*,*,#13284,.F.);
#13284 = EDGE_CURVE('',#13224,#13276,#13285,.T.);
#13285 = CIRCLE('',#13286,0.1);
#13286 = AXIS2_PLACEMENT_3D('',#13287,#13288,#13289);
#13287 = CARTESIAN_POINT('',(-0.658,-0.458,0.206));
#13288 = DIRECTION('',(-0.,-0.,-1.));
#13289 = DIRECTION('',(0.,-1.,0.));
#13290 = TOROIDAL_SURFACE('',#13291,0.106,6.E-03);
#13291 = AXIS2_PLACEMENT_3D('',#13292,#13293,#13294);
#13292 = CARTESIAN_POINT('',(-0.658,-0.458,0.206));
#13293 = DIRECTION('',(-0.,-0.,-1.));
#13294 = DIRECTION('',(0.,-1.,0.));
#13295 = ADVANCED_FACE('',(#13296),#13307,.T.);
#13296 = FACE_BOUND('',#13297,.T.);
#13297 = EDGE_LOOP('',(#13298,#13299,#13300,#13306));
#13298 = ORIENTED_EDGE('',*,*,#12250,.T.);
#13299 = ORIENTED_EDGE('',*,*,#13247,.T.);
#13300 = ORIENTED_EDGE('',*,*,#13301,.F.);
#13301 = EDGE_CURVE('',#13276,#13248,#13302,.T.);
#13302 = LINE('',#13303,#13304);
#13303 = CARTESIAN_POINT('',(-0.758,-0.458,0.206));
#13304 = VECTOR('',#13305,1.);
#13305 = DIRECTION('',(0.,1.,0.));
#13306 = ORIENTED_EDGE('',*,*,#13275,.F.);
#13307 = CYLINDRICAL_SURFACE('',#13308,6.E-03);
#13308 = AXIS2_PLACEMENT_3D('',#13309,#13310,#13311);
#13309 = CARTESIAN_POINT('',(-0.764,-0.458,0.206));
#13310 = DIRECTION('',(0.,1.,0.));
#13311 = DIRECTION('',(0.,0.,-1.));
#13312 = ADVANCED_FACE('',(#13313),#13331,.F.);
#13313 = FACE_BOUND('',#13314,.F.);
#13314 = EDGE_LOOP('',(#13315,#13323,#13324,#13325));
#13315 = ORIENTED_EDGE('',*,*,#13316,.T.);
#13316 = EDGE_CURVE('',#13317,#12391,#13319,.T.);
#13317 = VERTEX_POINT('',#13318);
#13318 = CARTESIAN_POINT('',(0.85,-0.65,0.));
#13319 = LINE('',#13320,#13321);
#13320 = CARTESIAN_POINT('',(0.85,-0.65,0.));
#13321 = VECTOR('',#13322,1.);
#13322 = DIRECTION('',(0.,0.,1.));
#13323 = ORIENTED_EDGE('',*,*,#12398,.T.);
#13324 = ORIENTED_EDGE('',*,*,#12448,.F.);
#13325 = ORIENTED_EDGE('',*,*,#13326,.F.);
#13326 = EDGE_CURVE('',#13317,#12439,#13327,.T.);
#13327 = LINE('',#13328,#13329);
#13328 = CARTESIAN_POINT('',(0.85,-0.65,0.));
#13329 = VECTOR('',#13330,1.);
#13330 = DIRECTION('',(0.,1.,0.));
#13331 = PLANE('',#13332);
#13332 = AXIS2_PLACEMENT_3D('',#13333,#13334,#13335);
#13333 = CARTESIAN_POINT('',(0.85,-0.65,0.));
#13334 = DIRECTION('',(-1.,0.,0.));
#13335 = DIRECTION('',(0.,1.,0.));
#13336 = ADVANCED_FACE('',(#13337),#13348,.F.);
#13337 = FACE_BOUND('',#13338,.F.);
#13338 = EDGE_LOOP('',(#13339,#13340,#13341,#13342));
#13339 = ORIENTED_EDGE('',*,*,#12882,.T.);
#13340 = ORIENTED_EDGE('',*,*,#12390,.T.);
#13341 = ORIENTED_EDGE('',*,*,#13316,.F.);
#13342 = ORIENTED_EDGE('',*,*,#13343,.F.);
#13343 = EDGE_CURVE('',#12865,#13317,#13344,.T.);
#13344 = LINE('',#13345,#13346);
#13345 = CARTESIAN_POINT('',(0.25,-0.65,0.));
#13346 = VECTOR('',#13347,1.);
#13347 = DIRECTION('',(1.,0.,0.));
#13348 = PLANE('',#13349);
#13349 = AXIS2_PLACEMENT_3D('',#13350,#13351,#13352);
#13350 = CARTESIAN_POINT('',(0.25,-0.65,0.));
#13351 = DIRECTION('',(0.,1.,0.));
#13352 = DIRECTION('',(1.,0.,0.));
#13353 = ADVANCED_FACE('',(#13354),#13360,.F.);
#13354 = FACE_BOUND('',#13355,.F.);
#13355 = EDGE_LOOP('',(#13356,#13357,#13358,#13359));
#13356 = ORIENTED_EDGE('',*,*,#13343,.T.);
#13357 = ORIENTED_EDGE('',*,*,#13326,.T.);
#13358 = ORIENTED_EDGE('',*,*,#12438,.T.);
#13359 = ORIENTED_EDGE('',*,*,#12864,.T.);
#13360 = PLANE('',#13361);
#13361 = AXIS2_PLACEMENT_3D('',#13362,#13363,#13364);
#13362 = CARTESIAN_POINT('',(0.55,-0.4,0.));
#13363 = DIRECTION('',(0.,0.,1.));
#13364 = DIRECTION('',(1.,0.,-0.));
#13365 = ADVANCED_FACE('',(#13366),#13384,.F.);
#13366 = FACE_BOUND('',#13367,.F.);
#13367 = EDGE_LOOP('',(#13368,#13376,#13377,#13378));
#13368 = ORIENTED_EDGE('',*,*,#13369,.T.);
#13369 = EDGE_CURVE('',#13370,#12802,#13372,.T.);
#13370 = VERTEX_POINT('',#13371);
#13371 = CARTESIAN_POINT('',(-0.85,-0.65,0.));
#13372 = LINE('',#13373,#13374);
#13373 = CARTESIAN_POINT('',(-0.85,-0.65,0.));
#13374 = VECTOR('',#13375,1.);
#13375 = DIRECTION('',(1.,0.,0.));
#13376 = ORIENTED_EDGE('',*,*,#12801,.T.);
#13377 = ORIENTED_EDGE('',*,*,#12605,.T.);
#13378 = ORIENTED_EDGE('',*,*,#13379,.T.);
#13379 = EDGE_CURVE('',#12608,#13370,#13380,.T.);
#13380 = LINE('',#13381,#13382);
#13381 = CARTESIAN_POINT('',(-0.85,-0.15,0.));
#13382 = VECTOR('',#13383,1.);
#13383 = DIRECTION('',(0.,-1.,0.));
#13384 = PLANE('',#13385);
#13385 = AXIS2_PLACEMENT_3D('',#13386,#13387,#13388);
#13386 = CARTESIAN_POINT('',(-0.55,-0.4,0.));
#13387 = DIRECTION('',(0.,0.,1.));
#13388 = DIRECTION('',(1.,0.,-0.));
#13389 = ADVANCED_FACE('',(#13390),#13401,.F.);
#13390 = FACE_BOUND('',#13391,.F.);
#13391 = EDGE_LOOP('',(#13392,#13393,#13394,#13400));
#13392 = ORIENTED_EDGE('',*,*,#12639,.T.);
#13393 = ORIENTED_EDGE('',*,*,#12653,.T.);
#13394 = ORIENTED_EDGE('',*,*,#13395,.F.);
#13395 = EDGE_CURVE('',#13370,#12654,#13396,.T.);
#13396 = LINE('',#13397,#13398);
#13397 = CARTESIAN_POINT('',(-0.85,-0.65,0.));
#13398 = VECTOR('',#13399,1.);
#13399 = DIRECTION('',(0.,0.,1.));
#13400 = ORIENTED_EDGE('',*,*,#13379,.F.);
#13401 = PLANE('',#13402);
#13402 = AXIS2_PLACEMENT_3D('',#13403,#13404,#13405);
#13403 = CARTESIAN_POINT('',(-0.85,-0.15,0.));
#13404 = DIRECTION('',(1.,0.,0.));
#13405 = DIRECTION('',(0.,-1.,0.));
#13406 = ADVANCED_FACE('',(#13407),#13413,.F.);
#13407 = FACE_BOUND('',#13408,.F.);
#13408 = EDGE_LOOP('',(#13409,#13410,#13411,#13412));
#13409 = ORIENTED_EDGE('',*,*,#13395,.T.);
#13410 = ORIENTED_EDGE('',*,*,#12661,.T.);
#13411 = ORIENTED_EDGE('',*,*,#12809,.F.);
#13412 = ORIENTED_EDGE('',*,*,#13369,.F.);
#13413 = PLANE('',#13414);
#13414 = AXIS2_PLACEMENT_3D('',#13415,#13416,#13417);
#13415 = CARTESIAN_POINT('',(-0.85,-0.65,0.));
#13416 = DIRECTION('',(0.,1.,0.));
#13417 = DIRECTION('',(1.,0.,0.));
#13418 = ADVANCED_FACE('',(#13419),#13446,.F.);
#13419 = FACE_BOUND('',#13420,.F.);
#13420 = EDGE_LOOP('',(#13421,#13422,#13431,#13439));
#13421 = ORIENTED_EDGE('',*,*,#13022,.T.);
#13422 = ORIENTED_EDGE('',*,*,#13423,.T.);
#13423 = EDGE_CURVE('',#13025,#13424,#13426,.T.);
#13424 = VERTEX_POINT('',#13425);
#13425 = CARTESIAN_POINT('',(0.758,-0.458,0.176));
#13426 = CIRCLE('',#13427,6.E-03);
#13427 = AXIS2_PLACEMENT_3D('',#13428,#13429,#13430);
#13428 = CARTESIAN_POINT('',(0.764,-0.458,0.176));
#13429 = DIRECTION('',(0.,1.,0.));
#13430 = DIRECTION('',(0.,0.,-1.));
#13431 = ORIENTED_EDGE('',*,*,#13432,.F.);
#13432 = EDGE_CURVE('',#13433,#13424,#13435,.T.);
#13433 = VERTEX_POINT('',#13434);
#13434 = CARTESIAN_POINT('',(0.758,0.458,0.176));
#13435 = LINE('',#13436,#13437);
#13436 = CARTESIAN_POINT('',(0.758,0.458,0.176));
#13437 = VECTOR('',#13438,1.);
#13438 = DIRECTION('',(0.,-1.,0.));
#13439 = ORIENTED_EDGE('',*,*,#13440,.F.);
#13440 = EDGE_CURVE('',#13023,#13433,#13441,.T.);
#13441 = CIRCLE('',#13442,6.E-03);
#13442 = AXIS2_PLACEMENT_3D('',#13443,#13444,#13445);
#13443 = CARTESIAN_POINT('',(0.764,0.458,0.176));
#13444 = DIRECTION('',(0.,1.,0.));
#13445 = DIRECTION('',(0.,0.,-1.));
#13446 = CYLINDRICAL_SURFACE('',#13447,6.E-03);
#13447 = AXIS2_PLACEMENT_3D('',#13448,#13449,#13450);
#13448 = CARTESIAN_POINT('',(0.764,0.458,0.176));
#13449 = DIRECTION('',(0.,-1.,0.));
#13450 = DIRECTION('',(-0.,-0.,-1.));
#13451 = ADVANCED_FACE('',(#13452),#13472,.F.);
#13452 = FACE_BOUND('',#13453,.F.);
#13453 = EDGE_LOOP('',(#13454,#13463,#13464,#13465));
#13454 = ORIENTED_EDGE('',*,*,#13455,.F.);
#13455 = EDGE_CURVE('',#13076,#13456,#13458,.T.);
#13456 = VERTEX_POINT('',#13457);
#13457 = CARTESIAN_POINT('',(0.658,0.558,0.176));
#13458 = CIRCLE('',#13459,6.E-03);
#13459 = AXIS2_PLACEMENT_3D('',#13460,#13461,#13462);
#13460 = CARTESIAN_POINT('',(0.658,0.564,0.176));
#13461 = DIRECTION('',(-1.,-0.,-0.));
#13462 = DIRECTION('',(0.,0.,-1.));
#13463 = ORIENTED_EDGE('',*,*,#13083,.T.);
#13464 = ORIENTED_EDGE('',*,*,#13440,.T.);
#13465 = ORIENTED_EDGE('',*,*,#13466,.F.);
#13466 = EDGE_CURVE('',#13456,#13433,#13467,.T.);
#13467 = CIRCLE('',#13468,0.1);
#13468 = AXIS2_PLACEMENT_3D('',#13469,#13470,#13471);
#13469 = CARTESIAN_POINT('',(0.658,0.458,0.176));
#13470 = DIRECTION('',(0.,0.,-1.));
#13471 = DIRECTION('',(0.,1.,0.));
#13472 = TOROIDAL_SURFACE('',#13473,0.106,6.E-03);
#13473 = AXIS2_PLACEMENT_3D('',#13474,#13475,#13476);
#13474 = CARTESIAN_POINT('',(0.658,0.458,0.176));
#13475 = DIRECTION('',(-0.,-0.,-1.));
#13476 = DIRECTION('',(0.,1.,-0.));
#13477 = ADVANCED_FACE('',(#13478),#13498,.F.);
#13478 = FACE_BOUND('',#13479,.F.);
#13479 = EDGE_LOOP('',(#13480,#13481,#13482,#13491));
#13480 = ORIENTED_EDGE('',*,*,#13423,.F.);
#13481 = ORIENTED_EDGE('',*,*,#13032,.T.);
#13482 = ORIENTED_EDGE('',*,*,#13483,.T.);
#13483 = EDGE_CURVE('',#13033,#13484,#13486,.T.);
#13484 = VERTEX_POINT('',#13485);
#13485 = CARTESIAN_POINT('',(0.658,-0.558,0.176));
#13486 = CIRCLE('',#13487,6.E-03);
#13487 = AXIS2_PLACEMENT_3D('',#13488,#13489,#13490);
#13488 = CARTESIAN_POINT('',(0.658,-0.564,0.176));
#13489 = DIRECTION('',(1.,6.123233995737E-17,0.));
#13490 = DIRECTION('',(6.123233995737E-17,-1.,0.));
#13491 = ORIENTED_EDGE('',*,*,#13492,.F.);
#13492 = EDGE_CURVE('',#13424,#13484,#13493,.T.);
#13493 = CIRCLE('',#13494,0.1);
#13494 = AXIS2_PLACEMENT_3D('',#13495,#13496,#13497);
#13495 = CARTESIAN_POINT('',(0.658,-0.458,0.176));
#13496 = DIRECTION('',(0.,0.,-1.));
#13497 = DIRECTION('',(1.,0.,0.));
#13498 = TOROIDAL_SURFACE('',#13499,0.106,6.E-03);
#13499 = AXIS2_PLACEMENT_3D('',#13500,#13501,#13502);
#13500 = CARTESIAN_POINT('',(0.658,-0.458,0.176));
#13501 = DIRECTION('',(-0.,-0.,-1.));
#13502 = DIRECTION('',(1.,0.,0.));
#13503 = ADVANCED_FACE('',(#13504),#13523,.F.);
#13504 = FACE_BOUND('',#13505,.F.);
#13505 = EDGE_LOOP('',(#13506,#13507,#13508,#13516));
#13506 = ORIENTED_EDGE('',*,*,#13075,.T.);
#13507 = ORIENTED_EDGE('',*,*,#13455,.T.);
#13508 = ORIENTED_EDGE('',*,*,#13509,.F.);
#13509 = EDGE_CURVE('',#13510,#13456,#13512,.T.);
#13510 = VERTEX_POINT('',#13511);
#13511 = CARTESIAN_POINT('',(-0.658,0.558,0.176));
#13512 = LINE('',#13513,#13514);
#13513 = CARTESIAN_POINT('',(-0.658,0.558,0.176));
#13514 = VECTOR('',#13515,1.);
#13515 = DIRECTION('',(1.,0.,0.));
#13516 = ORIENTED_EDGE('',*,*,#13517,.F.);
#13517 = EDGE_CURVE('',#13067,#13510,#13518,.T.);
#13518 = CIRCLE('',#13519,6.E-03);
#13519 = AXIS2_PLACEMENT_3D('',#13520,#13521,#13522);
#13520 = CARTESIAN_POINT('',(-0.658,0.564,0.176));
#13521 = DIRECTION('',(-1.,-6.123233995737E-17,-0.));
#13522 = DIRECTION('',(-6.123233995737E-17,1.,0.));
#13523 = CYLINDRICAL_SURFACE('',#13524,6.E-03);
#13524 = AXIS2_PLACEMENT_3D('',#13525,#13526,#13527);
#13525 = CARTESIAN_POINT('',(-0.658,0.564,0.176));
#13526 = DIRECTION('',(1.,0.,0.));
#13527 = DIRECTION('',(0.,0.,-1.));
#13528 = ADVANCED_FACE('',(#13529),#13548,.F.);
#13529 = FACE_BOUND('',#13530,.F.);
#13530 = EDGE_LOOP('',(#13531,#13532,#13541,#13547));
#13531 = ORIENTED_EDGE('',*,*,#13041,.T.);
#13532 = ORIENTED_EDGE('',*,*,#13533,.T.);
#13533 = EDGE_CURVE('',#13042,#13534,#13536,.T.);
#13534 = VERTEX_POINT('',#13535);
#13535 = CARTESIAN_POINT('',(-0.658,-0.558,0.176));
#13536 = CIRCLE('',#13537,6.E-03);
#13537 = AXIS2_PLACEMENT_3D('',#13538,#13539,#13540);
#13538 = CARTESIAN_POINT('',(-0.658,-0.564,0.176));
#13539 = DIRECTION('',(1.,-0.,0.));
#13540 = DIRECTION('',(0.,0.,-1.));
#13541 = ORIENTED_EDGE('',*,*,#13542,.F.);
#13542 = EDGE_CURVE('',#13484,#13534,#13543,.T.);
#13543 = LINE('',#13544,#13545);
#13544 = CARTESIAN_POINT('',(0.658,-0.558,0.176));
#13545 = VECTOR('',#13546,1.);
#13546 = DIRECTION('',(-1.,0.,0.));
#13547 = ORIENTED_EDGE('',*,*,#13483,.F.);
#13548 = CYLINDRICAL_SURFACE('',#13549,6.E-03);
#13549 = AXIS2_PLACEMENT_3D('',#13550,#13551,#13552);
#13550 = CARTESIAN_POINT('',(0.658,-0.564,0.176));
#13551 = DIRECTION('',(-1.,0.,0.));
#13552 = DIRECTION('',(0.,0.,-1.));
#13553 = ADVANCED_FACE('',(#13554),#13574,.F.);
#13554 = FACE_BOUND('',#13555,.F.);
#13555 = EDGE_LOOP('',(#13556,#13565,#13566,#13567));
#13556 = ORIENTED_EDGE('',*,*,#13557,.F.);
#13557 = EDGE_CURVE('',#13059,#13558,#13560,.T.);
#13558 = VERTEX_POINT('',#13559);
#13559 = CARTESIAN_POINT('',(-0.758,0.458,0.176));
#13560 = CIRCLE('',#13561,6.E-03);
#13561 = AXIS2_PLACEMENT_3D('',#13562,#13563,#13564);
#13562 = CARTESIAN_POINT('',(-0.764,0.458,0.176));
#13563 = DIRECTION('',(0.,-1.,0.));
#13564 = DIRECTION('',(0.,0.,-1.));
#13565 = ORIENTED_EDGE('',*,*,#13066,.T.);
#13566 = ORIENTED_EDGE('',*,*,#13517,.T.);
#13567 = ORIENTED_EDGE('',*,*,#13568,.F.);
#13568 = EDGE_CURVE('',#13558,#13510,#13569,.T.);
#13569 = CIRCLE('',#13570,0.1);
#13570 = AXIS2_PLACEMENT_3D('',#13571,#13572,#13573);
#13571 = CARTESIAN_POINT('',(-0.658,0.458,0.176));
#13572 = DIRECTION('',(0.,0.,-1.));
#13573 = DIRECTION('',(-1.,0.,0.));
#13574 = TOROIDAL_SURFACE('',#13575,0.106,6.E-03);
#13575 = AXIS2_PLACEMENT_3D('',#13576,#13577,#13578);
#13576 = CARTESIAN_POINT('',(-0.658,0.458,0.176));
#13577 = DIRECTION('',(-0.,-0.,-1.));
#13578 = DIRECTION('',(-1.,0.,0.));
#13579 = ADVANCED_FACE('',(#13580),#13600,.F.);
#13580 = FACE_BOUND('',#13581,.F.);
#13581 = EDGE_LOOP('',(#13582,#13583,#13584,#13593));
#13582 = ORIENTED_EDGE('',*,*,#13533,.F.);
#13583 = ORIENTED_EDGE('',*,*,#13049,.T.);
#13584 = ORIENTED_EDGE('',*,*,#13585,.T.);
#13585 = EDGE_CURVE('',#13050,#13586,#13588,.T.);
#13586 = VERTEX_POINT('',#13587);
#13587 = CARTESIAN_POINT('',(-0.758,-0.458,0.176));
#13588 = CIRCLE('',#13589,6.E-03);
#13589 = AXIS2_PLACEMENT_3D('',#13590,#13591,#13592);
#13590 = CARTESIAN_POINT('',(-0.764,-0.458,0.176));
#13591 = DIRECTION('',(6.123233995737E-17,-1.,0.));
#13592 = DIRECTION('',(-1.,-6.123233995737E-17,0.));
#13593 = ORIENTED_EDGE('',*,*,#13594,.F.);
#13594 = EDGE_CURVE('',#13534,#13586,#13595,.T.);
#13595 = CIRCLE('',#13596,0.1);
#13596 = AXIS2_PLACEMENT_3D('',#13597,#13598,#13599);
#13597 = CARTESIAN_POINT('',(-0.658,-0.458,0.176));
#13598 = DIRECTION('',(-0.,-0.,-1.));
#13599 = DIRECTION('',(0.,-1.,0.));
#13600 = TOROIDAL_SURFACE('',#13601,0.106,6.E-03);
#13601 = AXIS2_PLACEMENT_3D('',#13602,#13603,#13604);
#13602 = CARTESIAN_POINT('',(-0.658,-0.458,0.176));
#13603 = DIRECTION('',(-0.,-0.,-1.));
#13604 = DIRECTION('',(0.,-1.,0.));
#13605 = ADVANCED_FACE('',(#13606),#13617,.F.);
#13606 = FACE_BOUND('',#13607,.F.);
#13607 = EDGE_LOOP('',(#13608,#13609,#13610,#13616));
#13608 = ORIENTED_EDGE('',*,*,#13058,.T.);
#13609 = ORIENTED_EDGE('',*,*,#13557,.T.);
#13610 = ORIENTED_EDGE('',*,*,#13611,.F.);
#13611 = EDGE_CURVE('',#13586,#13558,#13612,.T.);
#13612 = LINE('',#13613,#13614);
#13613 = CARTESIAN_POINT('',(-0.758,-0.458,0.176));
#13614 = VECTOR('',#13615,1.);
#13615 = DIRECTION('',(0.,1.,0.));
#13616 = ORIENTED_EDGE('',*,*,#13585,.F.);
#13617 = CYLINDRICAL_SURFACE('',#13618,6.E-03);
#13618 = AXIS2_PLACEMENT_3D('',#13619,#13620,#13621);
#13619 = CARTESIAN_POINT('',(-0.764,-0.458,0.176));
#13620 = DIRECTION('',(0.,1.,0.));
#13621 = DIRECTION('',(0.,0.,-1.));
#13622 = ADVANCED_FACE('',(#13623),#13639,.F.);
#13623 = FACE_BOUND('',#13624,.F.);
#13624 = EDGE_LOOP('',(#13625,#13631,#13632,#13638));
#13625 = ORIENTED_EDGE('',*,*,#13626,.F.);
#13626 = EDGE_CURVE('',#13433,#13123,#13627,.T.);
#13627 = LINE('',#13628,#13629);
#13628 = CARTESIAN_POINT('',(0.758,0.458,3.E-02));
#13629 = VECTOR('',#13630,1.);
#13630 = DIRECTION('',(0.,0.,1.));
#13631 = ORIENTED_EDGE('',*,*,#13432,.T.);
#13632 = ORIENTED_EDGE('',*,*,#13633,.T.);
#13633 = EDGE_CURVE('',#13424,#13114,#13634,.T.);
#13634 = LINE('',#13635,#13636);
#13635 = CARTESIAN_POINT('',(0.758,-0.458,3.E-02));
#13636 = VECTOR('',#13637,1.);
#13637 = DIRECTION('',(0.,0.,1.));
#13638 = ORIENTED_EDGE('',*,*,#13122,.F.);
#13639 = PLANE('',#13640);
#13640 = AXIS2_PLACEMENT_3D('',#13641,#13642,#13643);
#13641 = CARTESIAN_POINT('',(0.758,-0.558,3.E-02));
#13642 = DIRECTION('',(-1.,0.,0.));
#13643 = DIRECTION('',(0.,1.,0.));
#13644 = ADVANCED_FACE('',(#13645),#13656,.T.);
#13645 = FACE_BOUND('',#13646,.T.);
#13646 = EDGE_LOOP('',(#13647,#13648,#13649,#13655));
#13647 = ORIENTED_EDGE('',*,*,#13626,.F.);
#13648 = ORIENTED_EDGE('',*,*,#13466,.F.);
#13649 = ORIENTED_EDGE('',*,*,#13650,.T.);
#13650 = EDGE_CURVE('',#13456,#13146,#13651,.T.);
#13651 = LINE('',#13652,#13653);
#13652 = CARTESIAN_POINT('',(0.658,0.558,3.E-02));
#13653 = VECTOR('',#13654,1.);
#13654 = DIRECTION('',(0.,0.,1.));
#13655 = ORIENTED_EDGE('',*,*,#13156,.T.);
#13656 = CYLINDRICAL_SURFACE('',#13657,0.1);
#13657 = AXIS2_PLACEMENT_3D('',#13658,#13659,#13660);
#13658 = CARTESIAN_POINT('',(0.658,0.458,3.E-02));
#13659 = DIRECTION('',(0.,0.,1.));
#13660 = DIRECTION('',(1.,0.,-0.));
#13661 = ADVANCED_FACE('',(#13662),#13673,.T.);
#13662 = FACE_BOUND('',#13663,.T.);
#13663 = EDGE_LOOP('',(#13664,#13670,#13671,#13672));
#13664 = ORIENTED_EDGE('',*,*,#13665,.F.);
#13665 = EDGE_CURVE('',#13484,#13174,#13666,.T.);
#13666 = LINE('',#13667,#13668);
#13667 = CARTESIAN_POINT('',(0.658,-0.558,3.E-02));
#13668 = VECTOR('',#13669,1.);
#13669 = DIRECTION('',(0.,0.,1.));
#13670 = ORIENTED_EDGE('',*,*,#13492,.F.);
#13671 = ORIENTED_EDGE('',*,*,#13633,.T.);
#13672 = ORIENTED_EDGE('',*,*,#13182,.T.);
#13673 = CYLINDRICAL_SURFACE('',#13674,0.1);
#13674 = AXIS2_PLACEMENT_3D('',#13675,#13676,#13677);
#13675 = CARTESIAN_POINT('',(0.658,-0.458,3.E-02));
#13676 = DIRECTION('',(0.,0.,1.));
#13677 = DIRECTION('',(0.,-1.,0.));
#13678 = ADVANCED_FACE('',(#13679),#13690,.F.);
#13679 = FACE_BOUND('',#13680,.F.);
#13680 = EDGE_LOOP('',(#13681,#13687,#13688,#13689));
#13681 = ORIENTED_EDGE('',*,*,#13682,.F.);
#13682 = EDGE_CURVE('',#13510,#13200,#13683,.T.);
#13683 = LINE('',#13684,#13685);
#13684 = CARTESIAN_POINT('',(-0.658,0.558,3.E-02));
#13685 = VECTOR('',#13686,1.);
#13686 = DIRECTION('',(0.,0.,1.));
#13687 = ORIENTED_EDGE('',*,*,#13509,.T.);
#13688 = ORIENTED_EDGE('',*,*,#13650,.T.);
#13689 = ORIENTED_EDGE('',*,*,#13199,.F.);
#13690 = PLANE('',#13691);
#13691 = AXIS2_PLACEMENT_3D('',#13692,#13693,#13694);
#13692 = CARTESIAN_POINT('',(0.758,0.558,3.E-02));
#13693 = DIRECTION('',(0.,-1.,0.));
#13694 = DIRECTION('',(-1.,0.,0.));
#13695 = ADVANCED_FACE('',(#13696),#13707,.F.);
#13696 = FACE_BOUND('',#13697,.F.);
#13697 = EDGE_LOOP('',(#13698,#13699,#13700,#13706));
#13698 = ORIENTED_EDGE('',*,*,#13665,.F.);
#13699 = ORIENTED_EDGE('',*,*,#13542,.T.);
#13700 = ORIENTED_EDGE('',*,*,#13701,.T.);
#13701 = EDGE_CURVE('',#13534,#13224,#13702,.T.);
#13702 = LINE('',#13703,#13704);
#13703 = CARTESIAN_POINT('',(-0.658,-0.558,3.E-02));
#13704 = VECTOR('',#13705,1.);
#13705 = DIRECTION('',(0.,0.,1.));
#13706 = ORIENTED_EDGE('',*,*,#13232,.F.);
#13707 = PLANE('',#13708);
#13708 = AXIS2_PLACEMENT_3D('',#13709,#13710,#13711);
#13709 = CARTESIAN_POINT('',(-0.758,-0.558,3.E-02));
#13710 = DIRECTION('',(0.,1.,0.));
#13711 = DIRECTION('',(1.,0.,0.));
#13712 = ADVANCED_FACE('',(#13713),#13724,.T.);
#13713 = FACE_BOUND('',#13714,.T.);
#13714 = EDGE_LOOP('',(#13715,#13716,#13717,#13718));
#13715 = ORIENTED_EDGE('',*,*,#13258,.T.);
#13716 = ORIENTED_EDGE('',*,*,#13682,.F.);
#13717 = ORIENTED_EDGE('',*,*,#13568,.F.);
#13718 = ORIENTED_EDGE('',*,*,#13719,.T.);
#13719 = EDGE_CURVE('',#13558,#13248,#13720,.T.);
#13720 = LINE('',#13721,#13722);
#13721 = CARTESIAN_POINT('',(-0.758,0.458,3.E-02));
#13722 = VECTOR('',#13723,1.);
#13723 = DIRECTION('',(0.,0.,1.));
#13724 = CYLINDRICAL_SURFACE('',#13725,0.1);
#13725 = AXIS2_PLACEMENT_3D('',#13726,#13727,#13728);
#13726 = CARTESIAN_POINT('',(-0.658,0.458,3.E-02));
#13727 = DIRECTION('',(0.,0.,1.));
#13728 = DIRECTION('',(-1.,0.,0.));
#13729 = ADVANCED_FACE('',(#13730),#13741,.T.);
#13730 = FACE_BOUND('',#13731,.T.);
#13731 = EDGE_LOOP('',(#13732,#13733,#13739,#13740));
#13732 = ORIENTED_EDGE('',*,*,#13284,.T.);
#13733 = ORIENTED_EDGE('',*,*,#13734,.F.);
#13734 = EDGE_CURVE('',#13586,#13276,#13735,.T.);
#13735 = LINE('',#13736,#13737);
#13736 = CARTESIAN_POINT('',(-0.758,-0.458,3.E-02));
#13737 = VECTOR('',#13738,1.);
#13738 = DIRECTION('',(0.,0.,1.));
#13739 = ORIENTED_EDGE('',*,*,#13594,.F.);
#13740 = ORIENTED_EDGE('',*,*,#13701,.T.);
#13741 = CYLINDRICAL_SURFACE('',#13742,0.1);
#13742 = AXIS2_PLACEMENT_3D('',#13743,#13744,#13745);
#13743 = CARTESIAN_POINT('',(-0.658,-0.458,3.E-02));
#13744 = DIRECTION('',(0.,0.,1.));
#13745 = DIRECTION('',(0.,-1.,0.));
#13746 = ADVANCED_FACE('',(#13747),#13753,.F.);
#13747 = FACE_BOUND('',#13748,.F.);
#13748 = EDGE_LOOP('',(#13749,#13750,#13751,#13752));
#13749 = ORIENTED_EDGE('',*,*,#13734,.F.);
#13750 = ORIENTED_EDGE('',*,*,#13611,.T.);
#13751 = ORIENTED_EDGE('',*,*,#13719,.T.);
#13752 = ORIENTED_EDGE('',*,*,#13301,.F.);
#13753 = PLANE('',#13754);
#13754 = AXIS2_PLACEMENT_3D('',#13755,#13756,#13757);
#13755 = CARTESIAN_POINT('',(-0.758,0.558,3.E-02));
#13756 = DIRECTION('',(1.,0.,0.));
#13757 = DIRECTION('',(0.,-1.,0.));
#13758 = ( GEOMETRIC_REPRESENTATION_CONTEXT(3) 
GLOBAL_UNCERTAINTY_ASSIGNED_CONTEXT((#13762)) 
GLOBAL_UNIT_ASSIGNED_CONTEXT((#13759,#13760,#13761)) 
REPRESENTATION_CONTEXT('Context #1',
  '3D Context with UNIT and UNCERTAINTY') );
#13759 = ( LENGTH_UNIT() NAMED_UNIT(*) SI_UNIT(.MILLI.,.METRE.) );
#13760 = ( NAMED_UNIT(*) PLANE_ANGLE_UNIT() SI_UNIT($,.RADIAN.) );
#13761 = ( NAMED_UNIT(*) SI_UNIT($,.STERADIAN.) SOLID_ANGLE_UNIT() );
#13762 = UNCERTAINTY_MEASURE_WITH_UNIT(LENGTH_MEASURE(1.E-07),#13759,
  'distance_accuracy_value','confusion accuracy');
#13763 = CONTEXT_DEPENDENT_SHAPE_REPRESENTATION(#13764,#13766);
#13764 = ( REPRESENTATION_RELATIONSHIP('','',#8663,#10) 
REPRESENTATION_RELATIONSHIP_WITH_TRANSFORMATION(#13765) 
SHAPE_REPRESENTATION_RELATIONSHIP() );
#13765 = ITEM_DEFINED_TRANSFORMATION('','',#11,#123);
#13766 = PRODUCT_DEFINITION_SHAPE('Placement','Placement of an item',
  #13767);
#13767 = NEXT_ASSEMBLY_USAGE_OCCURRENCE('33','Y2','',#5,#8658,$);
#13768 = PRODUCT_RELATED_PRODUCT_CATEGORY('part',$,(#8660));
#13769 = CONTEXT_DEPENDENT_SHAPE_REPRESENTATION(#13770,#13772);
#13770 = ( REPRESENTATION_RELATIONSHIP('','',#5068,#10) 
REPRESENTATION_RELATIONSHIP_WITH_TRANSFORMATION(#13771) 
SHAPE_REPRESENTATION_RELATIONSHIP() );
#13771 = ITEM_DEFINED_TRANSFORMATION('','',#11,#127);
#13772 = PRODUCT_DEFINITION_SHAPE('Placement','Placement of an item',
  #13773);
#13773 = NEXT_ASSEMBLY_USAGE_OCCURRENCE('34','C21','',#5,#5063,$);
#13774 = CONTEXT_DEPENDENT_SHAPE_REPRESENTATION(#13775,#13777);
#13775 = ( REPRESENTATION_RELATIONSHIP('','',#168,#10) 
REPRESENTATION_RELATIONSHIP_WITH_TRANSFORMATION(#13776) 
SHAPE_REPRESENTATION_RELATIONSHIP() );
#13776 = ITEM_DEFINED_TRANSFORMATION('','',#11,#131);
#13777 = PRODUCT_DEFINITION_SHAPE('Placement','Placement of an item',
  #13778);
#13778 = NEXT_ASSEMBLY_USAGE_OCCURRENCE('35','C16','',#5,#163,$);
#13779 = CONTEXT_DEPENDENT_SHAPE_REPRESENTATION(#13780,#13782);
#13780 = ( REPRESENTATION_RELATIONSHIP('','',#5068,#10) 
REPRESENTATION_RELATIONSHIP_WITH_TRANSFORMATION(#13781) 
SHAPE_REPRESENTATION_RELATIONSHIP() );
#13781 = ITEM_DEFINED_TRANSFORMATION('','',#11,#135);
#13782 = PRODUCT_DEFINITION_SHAPE('Placement','Placement of an item',
  #13783);
#13783 = NEXT_ASSEMBLY_USAGE_OCCURRENCE('36','C8','',#5,#5063,$);
#13784 = CONTEXT_DEPENDENT_SHAPE_REPRESENTATION(#13785,#13787);
#13785 = ( REPRESENTATION_RELATIONSHIP('','',#168,#10) 
REPRESENTATION_RELATIONSHIP_WITH_TRANSFORMATION(#13786) 
SHAPE_REPRESENTATION_RELATIONSHIP() );
#13786 = ITEM_DEFINED_TRANSFORMATION('','',#11,#139);
#13787 = PRODUCT_DEFINITION_SHAPE('Placement','Placement of an item',
  #13788);
#13788 = NEXT_ASSEMBLY_USAGE_OCCURRENCE('37','C6','',#5,#163,$);
#13789 = CONTEXT_DEPENDENT_SHAPE_REPRESENTATION(#13790,#13792);
#13790 = ( REPRESENTATION_RELATIONSHIP('','',#168,#10) 
REPRESENTATION_RELATIONSHIP_WITH_TRANSFORMATION(#13791) 
SHAPE_REPRESENTATION_RELATIONSHIP() );
#13791 = ITEM_DEFINED_TRANSFORMATION('','',#11,#143);
#13792 = PRODUCT_DEFINITION_SHAPE('Placement','Placement of an item',
  #13793);
#13793 = NEXT_ASSEMBLY_USAGE_OCCURRENCE('38','C5','',#5,#163,$);
#13794 = CONTEXT_DEPENDENT_SHAPE_REPRESENTATION(#13795,#13797);
#13795 = ( REPRESENTATION_RELATIONSHIP('','',#6824,#10) 
REPRESENTATION_RELATIONSHIP_WITH_TRANSFORMATION(#13796) 
SHAPE_REPRESENTATION_RELATIONSHIP() );
#13796 = ITEM_DEFINED_TRANSFORMATION('','',#11,#147);
#13797 = PRODUCT_DEFINITION_SHAPE('Placement','Placement of an item',
  #13798);
#13798 = NEXT_ASSEMBLY_USAGE_OCCURRENCE('39','L2','',#5,#6819,$);
#13799 = SHAPE_DEFINITION_REPRESENTATION(#13800,#13806);
#13800 = PRODUCT_DEFINITION_SHAPE('','',#13801);
#13801 = PRODUCT_DEFINITION('design','',#13802,#13805);
#13802 = PRODUCT_DEFINITION_FORMATION('','',#13803);
#13803 = PRODUCT('s1-module_PCB','s1-module_PCB','',(#13804));
#13804 = PRODUCT_CONTEXT('',#2,'mechanical');
#13805 = PRODUCT_DEFINITION_CONTEXT('part definition',#2,'design');
#13806 = ADVANCED_BREP_SHAPE_REPRESENTATION('',(#11,#13807),#15317);
#13807 = MANIFOLD_SOLID_BREP('',#13808);
#13808 = CLOSED_SHELL('',(#13809,#13849,#13880,#13911,#14268,#14625,
    #14642,#14659,#14676,#14693,#14710,#14727,#14744,#14761,#14778,
    #14795,#14812,#14829,#14846,#14863,#14880,#14897,#14914,#14931,
    #14948,#14965,#14982,#14999,#15016,#15033,#15050,#15067,#15084,
    #15101,#15118,#15135,#15152,#15169,#15186,#15203,#15220,#15237,
    #15254,#15271,#15288,#15305));
#13809 = ADVANCED_FACE('',(#13810),#13844,.T.);
#13810 = FACE_BOUND('',#13811,.T.);
#13811 = EDGE_LOOP('',(#13812,#13822,#13830,#13838));
#13812 = ORIENTED_EDGE('',*,*,#13813,.T.);
#13813 = EDGE_CURVE('',#13814,#13816,#13818,.T.);
#13814 = VERTEX_POINT('',#13815);
#13815 = CARTESIAN_POINT('',(77.12,-47.65,0.));
#13816 = VERTEX_POINT('',#13817);
#13817 = CARTESIAN_POINT('',(77.12,-47.65,0.31));
#13818 = LINE('',#13819,#13820);
#13819 = CARTESIAN_POINT('',(77.12,-47.65,0.));
#13820 = VECTOR('',#13821,1.);
#13821 = DIRECTION('',(0.,0.,1.));
#13822 = ORIENTED_EDGE('',*,*,#13823,.T.);
#13823 = EDGE_CURVE('',#13816,#13824,#13826,.T.);
#13824 = VERTEX_POINT('',#13825);
#13825 = CARTESIAN_POINT('',(71.12,-47.65,0.31));
#13826 = LINE('',#13827,#13828);
#13827 = CARTESIAN_POINT('',(77.12,-47.65,0.31));
#13828 = VECTOR('',#13829,1.);
#13829 = DIRECTION('',(-1.,0.,0.));
#13830 = ORIENTED_EDGE('',*,*,#13831,.F.);
#13831 = EDGE_CURVE('',#13832,#13824,#13834,.T.);
#13832 = VERTEX_POINT('',#13833);
#13833 = CARTESIAN_POINT('',(71.12,-47.65,0.));
#13834 = LINE('',#13835,#13836);
#13835 = CARTESIAN_POINT('',(71.12,-47.65,0.));
#13836 = VECTOR('',#13837,1.);
#13837 = DIRECTION('',(0.,0.,1.));
#13838 = ORIENTED_EDGE('',*,*,#13839,.F.);
#13839 = EDGE_CURVE('',#13814,#13832,#13840,.T.);
#13840 = LINE('',#13841,#13842);
#13841 = CARTESIAN_POINT('',(77.12,-47.65,0.));
#13842 = VECTOR('',#13843,1.);
#13843 = DIRECTION('',(-1.,0.,0.));
#13844 = PLANE('',#13845);
#13845 = AXIS2_PLACEMENT_3D('',#13846,#13847,#13848);
#13846 = CARTESIAN_POINT('',(77.12,-47.65,0.));
#13847 = DIRECTION('',(0.,-1.,0.));
#13848 = DIRECTION('',(-1.,0.,0.));
#13849 = ADVANCED_FACE('',(#13850),#13875,.T.);
#13850 = FACE_BOUND('',#13851,.T.);
#13851 = EDGE_LOOP('',(#13852,#13860,#13868,#13874));
#13852 = ORIENTED_EDGE('',*,*,#13853,.F.);
#13853 = EDGE_CURVE('',#13854,#13814,#13856,.T.);
#13854 = VERTEX_POINT('',#13855);
#13855 = CARTESIAN_POINT('',(77.12,-47.25,0.));
#13856 = LINE('',#13857,#13858);
#13857 = CARTESIAN_POINT('',(77.12,-36.15,0.));
#13858 = VECTOR('',#13859,1.);
#13859 = DIRECTION('',(0.,-1.,0.));
#13860 = ORIENTED_EDGE('',*,*,#13861,.T.);
#13861 = EDGE_CURVE('',#13854,#13862,#13864,.T.);
#13862 = VERTEX_POINT('',#13863);
#13863 = CARTESIAN_POINT('',(77.12,-47.25,0.31));
#13864 = LINE('',#13865,#13866);
#13865 = CARTESIAN_POINT('',(77.12,-47.25,-4.6E-02));
#13866 = VECTOR('',#13867,1.);
#13867 = DIRECTION('',(0.,0.,1.));
#13868 = ORIENTED_EDGE('',*,*,#13869,.T.);
#13869 = EDGE_CURVE('',#13862,#13816,#13870,.T.);
#13870 = LINE('',#13871,#13872);
#13871 = CARTESIAN_POINT('',(77.12,-36.15,0.31));
#13872 = VECTOR('',#13873,1.);
#13873 = DIRECTION('',(0.,-1.,0.));
#13874 = ORIENTED_EDGE('',*,*,#13813,.F.);
#13875 = PLANE('',#13876);
#13876 = AXIS2_PLACEMENT_3D('',#13877,#13878,#13879);
#13877 = CARTESIAN_POINT('',(77.12,-36.15,0.));
#13878 = DIRECTION('',(1.,0.,-0.));
#13879 = DIRECTION('',(0.,-1.,0.));
#13880 = ADVANCED_FACE('',(#13881),#13906,.T.);
#13881 = FACE_BOUND('',#13882,.T.);
#13882 = EDGE_LOOP('',(#13883,#13891,#13892,#13900));
#13883 = ORIENTED_EDGE('',*,*,#13884,.F.);
#13884 = EDGE_CURVE('',#13832,#13885,#13887,.T.);
#13885 = VERTEX_POINT('',#13886);
#13886 = CARTESIAN_POINT('',(71.12,-47.25,0.));
#13887 = LINE('',#13888,#13889);
#13888 = CARTESIAN_POINT('',(71.12,-47.65,0.));
#13889 = VECTOR('',#13890,1.);
#13890 = DIRECTION('',(0.,1.,0.));
#13891 = ORIENTED_EDGE('',*,*,#13831,.T.);
#13892 = ORIENTED_EDGE('',*,*,#13893,.T.);
#13893 = EDGE_CURVE('',#13824,#13894,#13896,.T.);
#13894 = VERTEX_POINT('',#13895);
#13895 = CARTESIAN_POINT('',(71.12,-47.25,0.31));
#13896 = LINE('',#13897,#13898);
#13897 = CARTESIAN_POINT('',(71.12,-47.65,0.31));
#13898 = VECTOR('',#13899,1.);
#13899 = DIRECTION('',(0.,1.,0.));
#13900 = ORIENTED_EDGE('',*,*,#13901,.F.);
#13901 = EDGE_CURVE('',#13885,#13894,#13902,.T.);
#13902 = LINE('',#13903,#13904);
#13903 = CARTESIAN_POINT('',(71.12,-47.25,-4.6E-02));
#13904 = VECTOR('',#13905,1.);
#13905 = DIRECTION('',(0.,0.,1.));
#13906 = PLANE('',#13907);
#13907 = AXIS2_PLACEMENT_3D('',#13908,#13909,#13910);
#13908 = CARTESIAN_POINT('',(71.12,-47.65,0.));
#13909 = DIRECTION('',(-1.,0.,0.));
#13910 = DIRECTION('',(0.,1.,0.));
#13911 = ADVANCED_FACE('',(#13912),#14263,.F.);
#13912 = FACE_BOUND('',#13913,.F.);
#13913 = EDGE_LOOP('',(#13914,#13915,#13916,#13925,#13933,#13942,#13950,
    #13959,#13967,#13976,#13984,#13993,#14001,#14010,#14018,#14027,
    #14035,#14044,#14052,#14061,#14069,#14078,#14086,#14094,#14102,
    #14111,#14119,#14128,#14136,#14145,#14153,#14162,#14170,#14179,
    #14187,#14196,#14204,#14213,#14221,#14230,#14238,#14247,#14255,
    #14262));
#13914 = ORIENTED_EDGE('',*,*,#13839,.F.);
#13915 = ORIENTED_EDGE('',*,*,#13853,.F.);
#13916 = ORIENTED_EDGE('',*,*,#13917,.T.);
#13917 = EDGE_CURVE('',#13854,#13918,#13920,.T.);
#13918 = VERTEX_POINT('',#13919);
#13919 = CARTESIAN_POINT('',(77.12,-46.85,0.));
#13920 = CIRCLE('',#13921,0.2);
#13921 = AXIS2_PLACEMENT_3D('',#13922,#13923,#13924);
#13922 = CARTESIAN_POINT('',(77.12,-47.05,0.));
#13923 = DIRECTION('',(-0.,0.,-1.));
#13924 = DIRECTION('',(-0.,-1.,0.));
#13925 = ORIENTED_EDGE('',*,*,#13926,.F.);
#13926 = EDGE_CURVE('',#13927,#13918,#13929,.T.);
#13927 = VERTEX_POINT('',#13928);
#13928 = CARTESIAN_POINT('',(77.12,-46.55,0.));
#13929 = LINE('',#13930,#13931);
#13930 = CARTESIAN_POINT('',(77.12,-36.15,0.));
#13931 = VECTOR('',#13932,1.);
#13932 = DIRECTION('',(0.,-1.,0.));
#13933 = ORIENTED_EDGE('',*,*,#13934,.T.);
#13934 = EDGE_CURVE('',#13927,#13935,#13937,.T.);
#13935 = VERTEX_POINT('',#13936);
#13936 = CARTESIAN_POINT('',(77.12,-46.15,0.));
#13937 = CIRCLE('',#13938,0.2);
#13938 = AXIS2_PLACEMENT_3D('',#13939,#13940,#13941);
#13939 = CARTESIAN_POINT('',(77.12,-46.35,0.));
#13940 = DIRECTION('',(-0.,0.,-1.));
#13941 = DIRECTION('',(-0.,-1.,0.));
#13942 = ORIENTED_EDGE('',*,*,#13943,.F.);
#13943 = EDGE_CURVE('',#13944,#13935,#13946,.T.);
#13944 = VERTEX_POINT('',#13945);
#13945 = CARTESIAN_POINT('',(77.12,-45.85,0.));
#13946 = LINE('',#13947,#13948);
#13947 = CARTESIAN_POINT('',(77.12,-36.15,0.));
#13948 = VECTOR('',#13949,1.);
#13949 = DIRECTION('',(0.,-1.,0.));
#13950 = ORIENTED_EDGE('',*,*,#13951,.T.);
#13951 = EDGE_CURVE('',#13944,#13952,#13954,.T.);
#13952 = VERTEX_POINT('',#13953);
#13953 = CARTESIAN_POINT('',(77.12,-45.45,0.));
#13954 = CIRCLE('',#13955,0.2);
#13955 = AXIS2_PLACEMENT_3D('',#13956,#13957,#13958);
#13956 = CARTESIAN_POINT('',(77.12,-45.65,0.));
#13957 = DIRECTION('',(-0.,0.,-1.));
#13958 = DIRECTION('',(-0.,-1.,0.));
#13959 = ORIENTED_EDGE('',*,*,#13960,.F.);
#13960 = EDGE_CURVE('',#13961,#13952,#13963,.T.);
#13961 = VERTEX_POINT('',#13962);
#13962 = CARTESIAN_POINT('',(77.12,-45.15,0.));
#13963 = LINE('',#13964,#13965);
#13964 = CARTESIAN_POINT('',(77.12,-36.15,0.));
#13965 = VECTOR('',#13966,1.);
#13966 = DIRECTION('',(0.,-1.,0.));
#13967 = ORIENTED_EDGE('',*,*,#13968,.T.);
#13968 = EDGE_CURVE('',#13961,#13969,#13971,.T.);
#13969 = VERTEX_POINT('',#13970);
#13970 = CARTESIAN_POINT('',(77.12,-44.75,0.));
#13971 = CIRCLE('',#13972,0.2);
#13972 = AXIS2_PLACEMENT_3D('',#13973,#13974,#13975);
#13973 = CARTESIAN_POINT('',(77.12,-44.95,0.));
#13974 = DIRECTION('',(-0.,0.,-1.));
#13975 = DIRECTION('',(-0.,-1.,0.));
#13976 = ORIENTED_EDGE('',*,*,#13977,.F.);
#13977 = EDGE_CURVE('',#13978,#13969,#13980,.T.);
#13978 = VERTEX_POINT('',#13979);
#13979 = CARTESIAN_POINT('',(77.12,-44.45,0.));
#13980 = LINE('',#13981,#13982);
#13981 = CARTESIAN_POINT('',(77.12,-36.15,0.));
#13982 = VECTOR('',#13983,1.);
#13983 = DIRECTION('',(0.,-1.,0.));
#13984 = ORIENTED_EDGE('',*,*,#13985,.T.);
#13985 = EDGE_CURVE('',#13978,#13986,#13988,.T.);
#13986 = VERTEX_POINT('',#13987);
#13987 = CARTESIAN_POINT('',(77.12,-44.04999999999,0.));
#13988 = CIRCLE('',#13989,0.2);
#13989 = AXIS2_PLACEMENT_3D('',#13990,#13991,#13992);
#13990 = CARTESIAN_POINT('',(77.12,-44.25,0.));
#13991 = DIRECTION('',(-0.,0.,-1.));
#13992 = DIRECTION('',(-0.,-1.,0.));
#13993 = ORIENTED_EDGE('',*,*,#13994,.F.);
#13994 = EDGE_CURVE('',#13995,#13986,#13997,.T.);
#13995 = VERTEX_POINT('',#13996);
#13996 = CARTESIAN_POINT('',(77.12,-43.75,0.));
#13997 = LINE('',#13998,#13999);
#13998 = CARTESIAN_POINT('',(77.12,-36.15,0.));
#13999 = VECTOR('',#14000,1.);
#14000 = DIRECTION('',(0.,-1.,0.));
#14001 = ORIENTED_EDGE('',*,*,#14002,.T.);
#14002 = EDGE_CURVE('',#13995,#14003,#14005,.T.);
#14003 = VERTEX_POINT('',#14004);
#14004 = CARTESIAN_POINT('',(77.12,-43.35,0.));
#14005 = CIRCLE('',#14006,0.2);
#14006 = AXIS2_PLACEMENT_3D('',#14007,#14008,#14009);
#14007 = CARTESIAN_POINT('',(77.12,-43.55,0.));
#14008 = DIRECTION('',(-0.,0.,-1.));
#14009 = DIRECTION('',(-0.,-1.,0.));
#14010 = ORIENTED_EDGE('',*,*,#14011,.F.);
#14011 = EDGE_CURVE('',#14012,#14003,#14014,.T.);
#14012 = VERTEX_POINT('',#14013);
#14013 = CARTESIAN_POINT('',(77.12,-43.05,0.));
#14014 = LINE('',#14015,#14016);
#14015 = CARTESIAN_POINT('',(77.12,-36.15,0.));
#14016 = VECTOR('',#14017,1.);
#14017 = DIRECTION('',(0.,-1.,0.));
#14018 = ORIENTED_EDGE('',*,*,#14019,.T.);
#14019 = EDGE_CURVE('',#14012,#14020,#14022,.T.);
#14020 = VERTEX_POINT('',#14021);
#14021 = CARTESIAN_POINT('',(77.12,-42.65,0.));
#14022 = CIRCLE('',#14023,0.2);
#14023 = AXIS2_PLACEMENT_3D('',#14024,#14025,#14026);
#14024 = CARTESIAN_POINT('',(77.12,-42.85,0.));
#14025 = DIRECTION('',(-0.,0.,-1.));
#14026 = DIRECTION('',(-0.,-1.,0.));
#14027 = ORIENTED_EDGE('',*,*,#14028,.F.);
#14028 = EDGE_CURVE('',#14029,#14020,#14031,.T.);
#14029 = VERTEX_POINT('',#14030);
#14030 = CARTESIAN_POINT('',(77.12,-42.35,0.));
#14031 = LINE('',#14032,#14033);
#14032 = CARTESIAN_POINT('',(77.12,-36.15,0.));
#14033 = VECTOR('',#14034,1.);
#14034 = DIRECTION('',(0.,-1.,0.));
#14035 = ORIENTED_EDGE('',*,*,#14036,.T.);
#14036 = EDGE_CURVE('',#14029,#14037,#14039,.T.);
#14037 = VERTEX_POINT('',#14038);
#14038 = CARTESIAN_POINT('',(77.12,-41.95,0.));
#14039 = CIRCLE('',#14040,0.2);
#14040 = AXIS2_PLACEMENT_3D('',#14041,#14042,#14043);
#14041 = CARTESIAN_POINT('',(77.12,-42.15,0.));
#14042 = DIRECTION('',(-0.,0.,-1.));
#14043 = DIRECTION('',(-0.,-1.,0.));
#14044 = ORIENTED_EDGE('',*,*,#14045,.F.);
#14045 = EDGE_CURVE('',#14046,#14037,#14048,.T.);
#14046 = VERTEX_POINT('',#14047);
#14047 = CARTESIAN_POINT('',(77.12,-41.65,0.));
#14048 = LINE('',#14049,#14050);
#14049 = CARTESIAN_POINT('',(77.12,-36.15,0.));
#14050 = VECTOR('',#14051,1.);
#14051 = DIRECTION('',(0.,-1.,0.));
#14052 = ORIENTED_EDGE('',*,*,#14053,.T.);
#14053 = EDGE_CURVE('',#14046,#14054,#14056,.T.);
#14054 = VERTEX_POINT('',#14055);
#14055 = CARTESIAN_POINT('',(77.12,-41.24999999999,0.));
#14056 = CIRCLE('',#14057,0.2);
#14057 = AXIS2_PLACEMENT_3D('',#14058,#14059,#14060);
#14058 = CARTESIAN_POINT('',(77.12,-41.45,0.));
#14059 = DIRECTION('',(-0.,0.,-1.));
#14060 = DIRECTION('',(-0.,-1.,0.));
#14061 = ORIENTED_EDGE('',*,*,#14062,.F.);
#14062 = EDGE_CURVE('',#14063,#14054,#14065,.T.);
#14063 = VERTEX_POINT('',#14064);
#14064 = CARTESIAN_POINT('',(77.12,-40.95,0.));
#14065 = LINE('',#14066,#14067);
#14066 = CARTESIAN_POINT('',(77.12,-36.15,0.));
#14067 = VECTOR('',#14068,1.);
#14068 = DIRECTION('',(0.,-1.,0.));
#14069 = ORIENTED_EDGE('',*,*,#14070,.T.);
#14070 = EDGE_CURVE('',#14063,#14071,#14073,.T.);
#14071 = VERTEX_POINT('',#14072);
#14072 = CARTESIAN_POINT('',(77.12,-40.55,0.));
#14073 = CIRCLE('',#14074,0.2);
#14074 = AXIS2_PLACEMENT_3D('',#14075,#14076,#14077);
#14075 = CARTESIAN_POINT('',(77.12,-40.75,0.));
#14076 = DIRECTION('',(-0.,0.,-1.));
#14077 = DIRECTION('',(-0.,-1.,0.));
#14078 = ORIENTED_EDGE('',*,*,#14079,.F.);
#14079 = EDGE_CURVE('',#14080,#14071,#14082,.T.);
#14080 = VERTEX_POINT('',#14081);
#14081 = CARTESIAN_POINT('',(77.12,-36.15,0.));
#14082 = LINE('',#14083,#14084);
#14083 = CARTESIAN_POINT('',(77.12,-36.15,0.));
#14084 = VECTOR('',#14085,1.);
#14085 = DIRECTION('',(0.,-1.,0.));
#14086 = ORIENTED_EDGE('',*,*,#14087,.F.);
#14087 = EDGE_CURVE('',#14088,#14080,#14090,.T.);
#14088 = VERTEX_POINT('',#14089);
#14089 = CARTESIAN_POINT('',(71.12,-36.15,0.));
#14090 = LINE('',#14091,#14092);
#14091 = CARTESIAN_POINT('',(71.12,-36.15,0.));
#14092 = VECTOR('',#14093,1.);
#14093 = DIRECTION('',(1.,0.,0.));
#14094 = ORIENTED_EDGE('',*,*,#14095,.F.);
#14095 = EDGE_CURVE('',#14096,#14088,#14098,.T.);
#14096 = VERTEX_POINT('',#14097);
#14097 = CARTESIAN_POINT('',(71.12,-40.55,0.));
#14098 = LINE('',#14099,#14100);
#14099 = CARTESIAN_POINT('',(71.12,-47.65,0.));
#14100 = VECTOR('',#14101,1.);
#14101 = DIRECTION('',(0.,1.,0.));
#14102 = ORIENTED_EDGE('',*,*,#14103,.T.);
#14103 = EDGE_CURVE('',#14096,#14104,#14106,.T.);
#14104 = VERTEX_POINT('',#14105);
#14105 = CARTESIAN_POINT('',(71.12,-40.95,0.));
#14106 = CIRCLE('',#14107,0.2);
#14107 = AXIS2_PLACEMENT_3D('',#14108,#14109,#14110);
#14108 = CARTESIAN_POINT('',(71.12,-40.75,0.));
#14109 = DIRECTION('',(-0.,0.,-1.));
#14110 = DIRECTION('',(-0.,-1.,0.));
#14111 = ORIENTED_EDGE('',*,*,#14112,.F.);
#14112 = EDGE_CURVE('',#14113,#14104,#14115,.T.);
#14113 = VERTEX_POINT('',#14114);
#14114 = CARTESIAN_POINT('',(71.12,-41.24999999999,0.));
#14115 = LINE('',#14116,#14117);
#14116 = CARTESIAN_POINT('',(71.12,-47.65,0.));
#14117 = VECTOR('',#14118,1.);
#14118 = DIRECTION('',(0.,1.,0.));
#14119 = ORIENTED_EDGE('',*,*,#14120,.T.);
#14120 = EDGE_CURVE('',#14113,#14121,#14123,.T.);
#14121 = VERTEX_POINT('',#14122);
#14122 = CARTESIAN_POINT('',(71.12,-41.65,0.));
#14123 = CIRCLE('',#14124,0.2);
#14124 = AXIS2_PLACEMENT_3D('',#14125,#14126,#14127);
#14125 = CARTESIAN_POINT('',(71.12,-41.45,0.));
#14126 = DIRECTION('',(-0.,0.,-1.));
#14127 = DIRECTION('',(-0.,-1.,0.));
#14128 = ORIENTED_EDGE('',*,*,#14129,.F.);
#14129 = EDGE_CURVE('',#14130,#14121,#14132,.T.);
#14130 = VERTEX_POINT('',#14131);
#14131 = CARTESIAN_POINT('',(71.12,-41.94999999999,0.));
#14132 = LINE('',#14133,#14134);
#14133 = CARTESIAN_POINT('',(71.12,-47.65,0.));
#14134 = VECTOR('',#14135,1.);
#14135 = DIRECTION('',(0.,1.,0.));
#14136 = ORIENTED_EDGE('',*,*,#14137,.T.);
#14137 = EDGE_CURVE('',#14130,#14138,#14140,.T.);
#14138 = VERTEX_POINT('',#14139);
#14139 = CARTESIAN_POINT('',(71.12,-42.35,0.));
#14140 = CIRCLE('',#14141,0.2);
#14141 = AXIS2_PLACEMENT_3D('',#14142,#14143,#14144);
#14142 = CARTESIAN_POINT('',(71.12,-42.15,0.));
#14143 = DIRECTION('',(-0.,0.,-1.));
#14144 = DIRECTION('',(-0.,-1.,0.));
#14145 = ORIENTED_EDGE('',*,*,#14146,.F.);
#14146 = EDGE_CURVE('',#14147,#14138,#14149,.T.);
#14147 = VERTEX_POINT('',#14148);
#14148 = CARTESIAN_POINT('',(71.12,-42.65,0.));
#14149 = LINE('',#14150,#14151);
#14150 = CARTESIAN_POINT('',(71.12,-47.65,0.));
#14151 = VECTOR('',#14152,1.);
#14152 = DIRECTION('',(0.,1.,0.));
#14153 = ORIENTED_EDGE('',*,*,#14154,.T.);
#14154 = EDGE_CURVE('',#14147,#14155,#14157,.T.);
#14155 = VERTEX_POINT('',#14156);
#14156 = CARTESIAN_POINT('',(71.12,-43.05,0.));
#14157 = CIRCLE('',#14158,0.2);
#14158 = AXIS2_PLACEMENT_3D('',#14159,#14160,#14161);
#14159 = CARTESIAN_POINT('',(71.12,-42.85,0.));
#14160 = DIRECTION('',(-0.,0.,-1.));
#14161 = DIRECTION('',(-0.,-1.,0.));
#14162 = ORIENTED_EDGE('',*,*,#14163,.F.);
#14163 = EDGE_CURVE('',#14164,#14155,#14166,.T.);
#14164 = VERTEX_POINT('',#14165);
#14165 = CARTESIAN_POINT('',(71.12,-43.34999999999,0.));
#14166 = LINE('',#14167,#14168);
#14167 = CARTESIAN_POINT('',(71.12,-47.65,0.));
#14168 = VECTOR('',#14169,1.);
#14169 = DIRECTION('',(0.,1.,0.));
#14170 = ORIENTED_EDGE('',*,*,#14171,.T.);
#14171 = EDGE_CURVE('',#14164,#14172,#14174,.T.);
#14172 = VERTEX_POINT('',#14173);
#14173 = CARTESIAN_POINT('',(71.12,-43.75,0.));
#14174 = CIRCLE('',#14175,0.2);
#14175 = AXIS2_PLACEMENT_3D('',#14176,#14177,#14178);
#14176 = CARTESIAN_POINT('',(71.12,-43.55,0.));
#14177 = DIRECTION('',(-0.,0.,-1.));
#14178 = DIRECTION('',(-0.,-1.,0.));
#14179 = ORIENTED_EDGE('',*,*,#14180,.F.);
#14180 = EDGE_CURVE('',#14181,#14172,#14183,.T.);
#14181 = VERTEX_POINT('',#14182);
#14182 = CARTESIAN_POINT('',(71.12,-44.04999999999,0.));
#14183 = LINE('',#14184,#14185);
#14184 = CARTESIAN_POINT('',(71.12,-47.65,0.));
#14185 = VECTOR('',#14186,1.);
#14186 = DIRECTION('',(0.,1.,0.));
#14187 = ORIENTED_EDGE('',*,*,#14188,.T.);
#14188 = EDGE_CURVE('',#14181,#14189,#14191,.T.);
#14189 = VERTEX_POINT('',#14190);
#14190 = CARTESIAN_POINT('',(71.12,-44.45,0.));
#14191 = CIRCLE('',#14192,0.2);
#14192 = AXIS2_PLACEMENT_3D('',#14193,#14194,#14195);
#14193 = CARTESIAN_POINT('',(71.12,-44.25,0.));
#14194 = DIRECTION('',(-0.,0.,-1.));
#14195 = DIRECTION('',(-0.,-1.,0.));
#14196 = ORIENTED_EDGE('',*,*,#14197,.F.);
#14197 = EDGE_CURVE('',#14198,#14189,#14200,.T.);
#14198 = VERTEX_POINT('',#14199);
#14199 = CARTESIAN_POINT('',(71.12,-44.74999999999,0.));
#14200 = LINE('',#14201,#14202);
#14201 = CARTESIAN_POINT('',(71.12,-47.65,0.));
#14202 = VECTOR('',#14203,1.);
#14203 = DIRECTION('',(0.,1.,0.));
#14204 = ORIENTED_EDGE('',*,*,#14205,.T.);
#14205 = EDGE_CURVE('',#14198,#14206,#14208,.T.);
#14206 = VERTEX_POINT('',#14207);
#14207 = CARTESIAN_POINT('',(71.12,-45.15,0.));
#14208 = CIRCLE('',#14209,0.2);
#14209 = AXIS2_PLACEMENT_3D('',#14210,#14211,#14212);
#14210 = CARTESIAN_POINT('',(71.12,-44.95,0.));
#14211 = DIRECTION('',(-0.,0.,-1.));
#14212 = DIRECTION('',(-0.,-1.,0.));
#14213 = ORIENTED_EDGE('',*,*,#14214,.F.);
#14214 = EDGE_CURVE('',#14215,#14206,#14217,.T.);
#14215 = VERTEX_POINT('',#14216);
#14216 = CARTESIAN_POINT('',(71.12,-45.44999999999,0.));
#14217 = LINE('',#14218,#14219);
#14218 = CARTESIAN_POINT('',(71.12,-47.65,0.));
#14219 = VECTOR('',#14220,1.);
#14220 = DIRECTION('',(0.,1.,0.));
#14221 = ORIENTED_EDGE('',*,*,#14222,.T.);
#14222 = EDGE_CURVE('',#14215,#14223,#14225,.T.);
#14223 = VERTEX_POINT('',#14224);
#14224 = CARTESIAN_POINT('',(71.12,-45.85,0.));
#14225 = CIRCLE('',#14226,0.2);
#14226 = AXIS2_PLACEMENT_3D('',#14227,#14228,#14229);
#14227 = CARTESIAN_POINT('',(71.12,-45.65,0.));
#14228 = DIRECTION('',(-0.,0.,-1.));
#14229 = DIRECTION('',(-0.,-1.,0.));
#14230 = ORIENTED_EDGE('',*,*,#14231,.F.);
#14231 = EDGE_CURVE('',#14232,#14223,#14234,.T.);
#14232 = VERTEX_POINT('',#14233);
#14233 = CARTESIAN_POINT('',(71.12,-46.14999999999,0.));
#14234 = LINE('',#14235,#14236);
#14235 = CARTESIAN_POINT('',(71.12,-47.65,0.));
#14236 = VECTOR('',#14237,1.);
#14237 = DIRECTION('',(0.,1.,0.));
#14238 = ORIENTED_EDGE('',*,*,#14239,.T.);
#14239 = EDGE_CURVE('',#14232,#14240,#14242,.T.);
#14240 = VERTEX_POINT('',#14241);
#14241 = CARTESIAN_POINT('',(71.12,-46.55,0.));
#14242 = CIRCLE('',#14243,0.2);
#14243 = AXIS2_PLACEMENT_3D('',#14244,#14245,#14246);
#14244 = CARTESIAN_POINT('',(71.12,-46.35,0.));
#14245 = DIRECTION('',(-0.,0.,-1.));
#14246 = DIRECTION('',(-0.,-1.,0.));
#14247 = ORIENTED_EDGE('',*,*,#14248,.F.);
#14248 = EDGE_CURVE('',#14249,#14240,#14251,.T.);
#14249 = VERTEX_POINT('',#14250);
#14250 = CARTESIAN_POINT('',(71.12,-46.84999999999,0.));
#14251 = LINE('',#14252,#14253);
#14252 = CARTESIAN_POINT('',(71.12,-47.65,0.));
#14253 = VECTOR('',#14254,1.);
#14254 = DIRECTION('',(0.,1.,0.));
#14255 = ORIENTED_EDGE('',*,*,#14256,.T.);
#14256 = EDGE_CURVE('',#14249,#13885,#14257,.T.);
#14257 = CIRCLE('',#14258,0.2);
#14258 = AXIS2_PLACEMENT_3D('',#14259,#14260,#14261);
#14259 = CARTESIAN_POINT('',(71.12,-47.05,0.));
#14260 = DIRECTION('',(-0.,0.,-1.));
#14261 = DIRECTION('',(-0.,-1.,0.));
#14262 = ORIENTED_EDGE('',*,*,#13884,.F.);
#14263 = PLANE('',#14264);
#14264 = AXIS2_PLACEMENT_3D('',#14265,#14266,#14267);
#14265 = CARTESIAN_POINT('',(0.,0.,0.));
#14266 = DIRECTION('',(0.,0.,1.));
#14267 = DIRECTION('',(1.,0.,-0.));
#14268 = ADVANCED_FACE('',(#14269),#14620,.T.);
#14269 = FACE_BOUND('',#14270,.T.);
#14270 = EDGE_LOOP('',(#14271,#14272,#14273,#14282,#14290,#14299,#14307,
    #14316,#14324,#14333,#14341,#14350,#14358,#14367,#14375,#14384,
    #14392,#14401,#14409,#14418,#14426,#14435,#14443,#14451,#14459,
    #14468,#14476,#14485,#14493,#14502,#14510,#14519,#14527,#14536,
    #14544,#14553,#14561,#14570,#14578,#14587,#14595,#14604,#14612,
    #14619));
#14271 = ORIENTED_EDGE('',*,*,#13823,.F.);
#14272 = ORIENTED_EDGE('',*,*,#13869,.F.);
#14273 = ORIENTED_EDGE('',*,*,#14274,.T.);
#14274 = EDGE_CURVE('',#13862,#14275,#14277,.T.);
#14275 = VERTEX_POINT('',#14276);
#14276 = CARTESIAN_POINT('',(77.12,-46.85,0.31));
#14277 = CIRCLE('',#14278,0.2);
#14278 = AXIS2_PLACEMENT_3D('',#14279,#14280,#14281);
#14279 = CARTESIAN_POINT('',(77.12,-47.05,0.31));
#14280 = DIRECTION('',(-0.,0.,-1.));
#14281 = DIRECTION('',(-0.,-1.,0.));
#14282 = ORIENTED_EDGE('',*,*,#14283,.F.);
#14283 = EDGE_CURVE('',#14284,#14275,#14286,.T.);
#14284 = VERTEX_POINT('',#14285);
#14285 = CARTESIAN_POINT('',(77.12,-46.55,0.31));
#14286 = LINE('',#14287,#14288);
#14287 = CARTESIAN_POINT('',(77.12,-36.15,0.31));
#14288 = VECTOR('',#14289,1.);
#14289 = DIRECTION('',(0.,-1.,0.));
#14290 = ORIENTED_EDGE('',*,*,#14291,.T.);
#14291 = EDGE_CURVE('',#14284,#14292,#14294,.T.);
#14292 = VERTEX_POINT('',#14293);
#14293 = CARTESIAN_POINT('',(77.12,-46.15,0.31));
#14294 = CIRCLE('',#14295,0.2);
#14295 = AXIS2_PLACEMENT_3D('',#14296,#14297,#14298);
#14296 = CARTESIAN_POINT('',(77.12,-46.35,0.31));
#14297 = DIRECTION('',(-0.,0.,-1.));
#14298 = DIRECTION('',(-0.,-1.,0.));
#14299 = ORIENTED_EDGE('',*,*,#14300,.F.);
#14300 = EDGE_CURVE('',#14301,#14292,#14303,.T.);
#14301 = VERTEX_POINT('',#14302);
#14302 = CARTESIAN_POINT('',(77.12,-45.85,0.31));
#14303 = LINE('',#14304,#14305);
#14304 = CARTESIAN_POINT('',(77.12,-36.15,0.31));
#14305 = VECTOR('',#14306,1.);
#14306 = DIRECTION('',(0.,-1.,0.));
#14307 = ORIENTED_EDGE('',*,*,#14308,.T.);
#14308 = EDGE_CURVE('',#14301,#14309,#14311,.T.);
#14309 = VERTEX_POINT('',#14310);
#14310 = CARTESIAN_POINT('',(77.12,-45.45,0.31));
#14311 = CIRCLE('',#14312,0.2);
#14312 = AXIS2_PLACEMENT_3D('',#14313,#14314,#14315);
#14313 = CARTESIAN_POINT('',(77.12,-45.65,0.31));
#14314 = DIRECTION('',(-0.,0.,-1.));
#14315 = DIRECTION('',(-0.,-1.,0.));
#14316 = ORIENTED_EDGE('',*,*,#14317,.F.);
#14317 = EDGE_CURVE('',#14318,#14309,#14320,.T.);
#14318 = VERTEX_POINT('',#14319);
#14319 = CARTESIAN_POINT('',(77.12,-45.15,0.31));
#14320 = LINE('',#14321,#14322);
#14321 = CARTESIAN_POINT('',(77.12,-36.15,0.31));
#14322 = VECTOR('',#14323,1.);
#14323 = DIRECTION('',(0.,-1.,0.));
#14324 = ORIENTED_EDGE('',*,*,#14325,.T.);
#14325 = EDGE_CURVE('',#14318,#14326,#14328,.T.);
#14326 = VERTEX_POINT('',#14327);
#14327 = CARTESIAN_POINT('',(77.12,-44.75,0.31));
#14328 = CIRCLE('',#14329,0.2);
#14329 = AXIS2_PLACEMENT_3D('',#14330,#14331,#14332);
#14330 = CARTESIAN_POINT('',(77.12,-44.95,0.31));
#14331 = DIRECTION('',(-0.,0.,-1.));
#14332 = DIRECTION('',(-0.,-1.,0.));
#14333 = ORIENTED_EDGE('',*,*,#14334,.F.);
#14334 = EDGE_CURVE('',#14335,#14326,#14337,.T.);
#14335 = VERTEX_POINT('',#14336);
#14336 = CARTESIAN_POINT('',(77.12,-44.45,0.31));
#14337 = LINE('',#14338,#14339);
#14338 = CARTESIAN_POINT('',(77.12,-36.15,0.31));
#14339 = VECTOR('',#14340,1.);
#14340 = DIRECTION('',(0.,-1.,0.));
#14341 = ORIENTED_EDGE('',*,*,#14342,.T.);
#14342 = EDGE_CURVE('',#14335,#14343,#14345,.T.);
#14343 = VERTEX_POINT('',#14344);
#14344 = CARTESIAN_POINT('',(77.12,-44.04999999999,0.31));
#14345 = CIRCLE('',#14346,0.2);
#14346 = AXIS2_PLACEMENT_3D('',#14347,#14348,#14349);
#14347 = CARTESIAN_POINT('',(77.12,-44.25,0.31));
#14348 = DIRECTION('',(-0.,0.,-1.));
#14349 = DIRECTION('',(-0.,-1.,0.));
#14350 = ORIENTED_EDGE('',*,*,#14351,.F.);
#14351 = EDGE_CURVE('',#14352,#14343,#14354,.T.);
#14352 = VERTEX_POINT('',#14353);
#14353 = CARTESIAN_POINT('',(77.12,-43.75,0.31));
#14354 = LINE('',#14355,#14356);
#14355 = CARTESIAN_POINT('',(77.12,-36.15,0.31));
#14356 = VECTOR('',#14357,1.);
#14357 = DIRECTION('',(0.,-1.,0.));
#14358 = ORIENTED_EDGE('',*,*,#14359,.T.);
#14359 = EDGE_CURVE('',#14352,#14360,#14362,.T.);
#14360 = VERTEX_POINT('',#14361);
#14361 = CARTESIAN_POINT('',(77.12,-43.35,0.31));
#14362 = CIRCLE('',#14363,0.2);
#14363 = AXIS2_PLACEMENT_3D('',#14364,#14365,#14366);
#14364 = CARTESIAN_POINT('',(77.12,-43.55,0.31));
#14365 = DIRECTION('',(-0.,0.,-1.));
#14366 = DIRECTION('',(-0.,-1.,0.));
#14367 = ORIENTED_EDGE('',*,*,#14368,.F.);
#14368 = EDGE_CURVE('',#14369,#14360,#14371,.T.);
#14369 = VERTEX_POINT('',#14370);
#14370 = CARTESIAN_POINT('',(77.12,-43.05,0.31));
#14371 = LINE('',#14372,#14373);
#14372 = CARTESIAN_POINT('',(77.12,-36.15,0.31));
#14373 = VECTOR('',#14374,1.);
#14374 = DIRECTION('',(0.,-1.,0.));
#14375 = ORIENTED_EDGE('',*,*,#14376,.T.);
#14376 = EDGE_CURVE('',#14369,#14377,#14379,.T.);
#14377 = VERTEX_POINT('',#14378);
#14378 = CARTESIAN_POINT('',(77.12,-42.65,0.31));
#14379 = CIRCLE('',#14380,0.2);
#14380 = AXIS2_PLACEMENT_3D('',#14381,#14382,#14383);
#14381 = CARTESIAN_POINT('',(77.12,-42.85,0.31));
#14382 = DIRECTION('',(-0.,0.,-1.));
#14383 = DIRECTION('',(-0.,-1.,0.));
#14384 = ORIENTED_EDGE('',*,*,#14385,.F.);
#14385 = EDGE_CURVE('',#14386,#14377,#14388,.T.);
#14386 = VERTEX_POINT('',#14387);
#14387 = CARTESIAN_POINT('',(77.12,-42.35,0.31));
#14388 = LINE('',#14389,#14390);
#14389 = CARTESIAN_POINT('',(77.12,-36.15,0.31));
#14390 = VECTOR('',#14391,1.);
#14391 = DIRECTION('',(0.,-1.,0.));
#14392 = ORIENTED_EDGE('',*,*,#14393,.T.);
#14393 = EDGE_CURVE('',#14386,#14394,#14396,.T.);
#14394 = VERTEX_POINT('',#14395);
#14395 = CARTESIAN_POINT('',(77.12,-41.95,0.31));
#14396 = CIRCLE('',#14397,0.2);
#14397 = AXIS2_PLACEMENT_3D('',#14398,#14399,#14400);
#14398 = CARTESIAN_POINT('',(77.12,-42.15,0.31));
#14399 = DIRECTION('',(-0.,0.,-1.));
#14400 = DIRECTION('',(-0.,-1.,0.));
#14401 = ORIENTED_EDGE('',*,*,#14402,.F.);
#14402 = EDGE_CURVE('',#14403,#14394,#14405,.T.);
#14403 = VERTEX_POINT('',#14404);
#14404 = CARTESIAN_POINT('',(77.12,-41.65,0.31));
#14405 = LINE('',#14406,#14407);
#14406 = CARTESIAN_POINT('',(77.12,-36.15,0.31));
#14407 = VECTOR('',#14408,1.);
#14408 = DIRECTION('',(0.,-1.,0.));
#14409 = ORIENTED_EDGE('',*,*,#14410,.T.);
#14410 = EDGE_CURVE('',#14403,#14411,#14413,.T.);
#14411 = VERTEX_POINT('',#14412);
#14412 = CARTESIAN_POINT('',(77.12,-41.24999999999,0.31));
#14413 = CIRCLE('',#14414,0.2);
#14414 = AXIS2_PLACEMENT_3D('',#14415,#14416,#14417);
#14415 = CARTESIAN_POINT('',(77.12,-41.45,0.31));
#14416 = DIRECTION('',(-0.,0.,-1.));
#14417 = DIRECTION('',(-0.,-1.,0.));
#14418 = ORIENTED_EDGE('',*,*,#14419,.F.);
#14419 = EDGE_CURVE('',#14420,#14411,#14422,.T.);
#14420 = VERTEX_POINT('',#14421);
#14421 = CARTESIAN_POINT('',(77.12,-40.95,0.31));
#14422 = LINE('',#14423,#14424);
#14423 = CARTESIAN_POINT('',(77.12,-36.15,0.31));
#14424 = VECTOR('',#14425,1.);
#14425 = DIRECTION('',(0.,-1.,0.));
#14426 = ORIENTED_EDGE('',*,*,#14427,.T.);
#14427 = EDGE_CURVE('',#14420,#14428,#14430,.T.);
#14428 = VERTEX_POINT('',#14429);
#14429 = CARTESIAN_POINT('',(77.12,-40.55,0.31));
#14430 = CIRCLE('',#14431,0.2);
#14431 = AXIS2_PLACEMENT_3D('',#14432,#14433,#14434);
#14432 = CARTESIAN_POINT('',(77.12,-40.75,0.31));
#14433 = DIRECTION('',(-0.,0.,-1.));
#14434 = DIRECTION('',(-0.,-1.,0.));
#14435 = ORIENTED_EDGE('',*,*,#14436,.F.);
#14436 = EDGE_CURVE('',#14437,#14428,#14439,.T.);
#14437 = VERTEX_POINT('',#14438);
#14438 = CARTESIAN_POINT('',(77.12,-36.15,0.31));
#14439 = LINE('',#14440,#14441);
#14440 = CARTESIAN_POINT('',(77.12,-36.15,0.31));
#14441 = VECTOR('',#14442,1.);
#14442 = DIRECTION('',(0.,-1.,0.));
#14443 = ORIENTED_EDGE('',*,*,#14444,.F.);
#14444 = EDGE_CURVE('',#14445,#14437,#14447,.T.);
#14445 = VERTEX_POINT('',#14446);
#14446 = CARTESIAN_POINT('',(71.12,-36.15,0.31));
#14447 = LINE('',#14448,#14449);
#14448 = CARTESIAN_POINT('',(71.12,-36.15,0.31));
#14449 = VECTOR('',#14450,1.);
#14450 = DIRECTION('',(1.,0.,0.));
#14451 = ORIENTED_EDGE('',*,*,#14452,.F.);
#14452 = EDGE_CURVE('',#14453,#14445,#14455,.T.);
#14453 = VERTEX_POINT('',#14454);
#14454 = CARTESIAN_POINT('',(71.12,-40.55,0.31));
#14455 = LINE('',#14456,#14457);
#14456 = CARTESIAN_POINT('',(71.12,-47.65,0.31));
#14457 = VECTOR('',#14458,1.);
#14458 = DIRECTION('',(0.,1.,0.));
#14459 = ORIENTED_EDGE('',*,*,#14460,.T.);
#14460 = EDGE_CURVE('',#14453,#14461,#14463,.T.);
#14461 = VERTEX_POINT('',#14462);
#14462 = CARTESIAN_POINT('',(71.12,-40.95,0.31));
#14463 = CIRCLE('',#14464,0.2);
#14464 = AXIS2_PLACEMENT_3D('',#14465,#14466,#14467);
#14465 = CARTESIAN_POINT('',(71.12,-40.75,0.31));
#14466 = DIRECTION('',(-0.,0.,-1.));
#14467 = DIRECTION('',(-0.,-1.,0.));
#14468 = ORIENTED_EDGE('',*,*,#14469,.F.);
#14469 = EDGE_CURVE('',#14470,#14461,#14472,.T.);
#14470 = VERTEX_POINT('',#14471);
#14471 = CARTESIAN_POINT('',(71.12,-41.24999999999,0.31));
#14472 = LINE('',#14473,#14474);
#14473 = CARTESIAN_POINT('',(71.12,-47.65,0.31));
#14474 = VECTOR('',#14475,1.);
#14475 = DIRECTION('',(0.,1.,0.));
#14476 = ORIENTED_EDGE('',*,*,#14477,.T.);
#14477 = EDGE_CURVE('',#14470,#14478,#14480,.T.);
#14478 = VERTEX_POINT('',#14479);
#14479 = CARTESIAN_POINT('',(71.12,-41.65,0.31));
#14480 = CIRCLE('',#14481,0.2);
#14481 = AXIS2_PLACEMENT_3D('',#14482,#14483,#14484);
#14482 = CARTESIAN_POINT('',(71.12,-41.45,0.31));
#14483 = DIRECTION('',(-0.,0.,-1.));
#14484 = DIRECTION('',(-0.,-1.,0.));
#14485 = ORIENTED_EDGE('',*,*,#14486,.F.);
#14486 = EDGE_CURVE('',#14487,#14478,#14489,.T.);
#14487 = VERTEX_POINT('',#14488);
#14488 = CARTESIAN_POINT('',(71.12,-41.94999999999,0.31));
#14489 = LINE('',#14490,#14491);
#14490 = CARTESIAN_POINT('',(71.12,-47.65,0.31));
#14491 = VECTOR('',#14492,1.);
#14492 = DIRECTION('',(0.,1.,0.));
#14493 = ORIENTED_EDGE('',*,*,#14494,.T.);
#14494 = EDGE_CURVE('',#14487,#14495,#14497,.T.);
#14495 = VERTEX_POINT('',#14496);
#14496 = CARTESIAN_POINT('',(71.12,-42.35,0.31));
#14497 = CIRCLE('',#14498,0.2);
#14498 = AXIS2_PLACEMENT_3D('',#14499,#14500,#14501);
#14499 = CARTESIAN_POINT('',(71.12,-42.15,0.31));
#14500 = DIRECTION('',(-0.,0.,-1.));
#14501 = DIRECTION('',(-0.,-1.,0.));
#14502 = ORIENTED_EDGE('',*,*,#14503,.F.);
#14503 = EDGE_CURVE('',#14504,#14495,#14506,.T.);
#14504 = VERTEX_POINT('',#14505);
#14505 = CARTESIAN_POINT('',(71.12,-42.65,0.31));
#14506 = LINE('',#14507,#14508);
#14507 = CARTESIAN_POINT('',(71.12,-47.65,0.31));
#14508 = VECTOR('',#14509,1.);
#14509 = DIRECTION('',(0.,1.,0.));
#14510 = ORIENTED_EDGE('',*,*,#14511,.T.);
#14511 = EDGE_CURVE('',#14504,#14512,#14514,.T.);
#14512 = VERTEX_POINT('',#14513);
#14513 = CARTESIAN_POINT('',(71.12,-43.05,0.31));
#14514 = CIRCLE('',#14515,0.2);
#14515 = AXIS2_PLACEMENT_3D('',#14516,#14517,#14518);
#14516 = CARTESIAN_POINT('',(71.12,-42.85,0.31));
#14517 = DIRECTION('',(-0.,0.,-1.));
#14518 = DIRECTION('',(-0.,-1.,0.));
#14519 = ORIENTED_EDGE('',*,*,#14520,.F.);
#14520 = EDGE_CURVE('',#14521,#14512,#14523,.T.);
#14521 = VERTEX_POINT('',#14522);
#14522 = CARTESIAN_POINT('',(71.12,-43.34999999999,0.31));
#14523 = LINE('',#14524,#14525);
#14524 = CARTESIAN_POINT('',(71.12,-47.65,0.31));
#14525 = VECTOR('',#14526,1.);
#14526 = DIRECTION('',(0.,1.,0.));
#14527 = ORIENTED_EDGE('',*,*,#14528,.T.);
#14528 = EDGE_CURVE('',#14521,#14529,#14531,.T.);
#14529 = VERTEX_POINT('',#14530);
#14530 = CARTESIAN_POINT('',(71.12,-43.75,0.31));
#14531 = CIRCLE('',#14532,0.2);
#14532 = AXIS2_PLACEMENT_3D('',#14533,#14534,#14535);
#14533 = CARTESIAN_POINT('',(71.12,-43.55,0.31));
#14534 = DIRECTION('',(-0.,0.,-1.));
#14535 = DIRECTION('',(-0.,-1.,0.));
#14536 = ORIENTED_EDGE('',*,*,#14537,.F.);
#14537 = EDGE_CURVE('',#14538,#14529,#14540,.T.);
#14538 = VERTEX_POINT('',#14539);
#14539 = CARTESIAN_POINT('',(71.12,-44.04999999999,0.31));
#14540 = LINE('',#14541,#14542);
#14541 = CARTESIAN_POINT('',(71.12,-47.65,0.31));
#14542 = VECTOR('',#14543,1.);
#14543 = DIRECTION('',(0.,1.,0.));
#14544 = ORIENTED_EDGE('',*,*,#14545,.T.);
#14545 = EDGE_CURVE('',#14538,#14546,#14548,.T.);
#14546 = VERTEX_POINT('',#14547);
#14547 = CARTESIAN_POINT('',(71.12,-44.45,0.31));
#14548 = CIRCLE('',#14549,0.2);
#14549 = AXIS2_PLACEMENT_3D('',#14550,#14551,#14552);
#14550 = CARTESIAN_POINT('',(71.12,-44.25,0.31));
#14551 = DIRECTION('',(-0.,0.,-1.));
#14552 = DIRECTION('',(-0.,-1.,0.));
#14553 = ORIENTED_EDGE('',*,*,#14554,.F.);
#14554 = EDGE_CURVE('',#14555,#14546,#14557,.T.);
#14555 = VERTEX_POINT('',#14556);
#14556 = CARTESIAN_POINT('',(71.12,-44.74999999999,0.31));
#14557 = LINE('',#14558,#14559);
#14558 = CARTESIAN_POINT('',(71.12,-47.65,0.31));
#14559 = VECTOR('',#14560,1.);
#14560 = DIRECTION('',(0.,1.,0.));
#14561 = ORIENTED_EDGE('',*,*,#14562,.T.);
#14562 = EDGE_CURVE('',#14555,#14563,#14565,.T.);
#14563 = VERTEX_POINT('',#14564);
#14564 = CARTESIAN_POINT('',(71.12,-45.15,0.31));
#14565 = CIRCLE('',#14566,0.2);
#14566 = AXIS2_PLACEMENT_3D('',#14567,#14568,#14569);
#14567 = CARTESIAN_POINT('',(71.12,-44.95,0.31));
#14568 = DIRECTION('',(-0.,0.,-1.));
#14569 = DIRECTION('',(-0.,-1.,0.));
#14570 = ORIENTED_EDGE('',*,*,#14571,.F.);
#14571 = EDGE_CURVE('',#14572,#14563,#14574,.T.);
#14572 = VERTEX_POINT('',#14573);
#14573 = CARTESIAN_POINT('',(71.12,-45.44999999999,0.31));
#14574 = LINE('',#14575,#14576);
#14575 = CARTESIAN_POINT('',(71.12,-47.65,0.31));
#14576 = VECTOR('',#14577,1.);
#14577 = DIRECTION('',(0.,1.,0.));
#14578 = ORIENTED_EDGE('',*,*,#14579,.T.);
#14579 = EDGE_CURVE('',#14572,#14580,#14582,.T.);
#14580 = VERTEX_POINT('',#14581);
#14581 = CARTESIAN_POINT('',(71.12,-45.85,0.31));
#14582 = CIRCLE('',#14583,0.2);
#14583 = AXIS2_PLACEMENT_3D('',#14584,#14585,#14586);
#14584 = CARTESIAN_POINT('',(71.12,-45.65,0.31));
#14585 = DIRECTION('',(-0.,0.,-1.));
#14586 = DIRECTION('',(-0.,-1.,0.));
#14587 = ORIENTED_EDGE('',*,*,#14588,.F.);
#14588 = EDGE_CURVE('',#14589,#14580,#14591,.T.);
#14589 = VERTEX_POINT('',#14590);
#14590 = CARTESIAN_POINT('',(71.12,-46.14999999999,0.31));
#14591 = LINE('',#14592,#14593);
#14592 = CARTESIAN_POINT('',(71.12,-47.65,0.31));
#14593 = VECTOR('',#14594,1.);
#14594 = DIRECTION('',(0.,1.,0.));
#14595 = ORIENTED_EDGE('',*,*,#14596,.T.);
#14596 = EDGE_CURVE('',#14589,#14597,#14599,.T.);
#14597 = VERTEX_POINT('',#14598);
#14598 = CARTESIAN_POINT('',(71.12,-46.55,0.31));
#14599 = CIRCLE('',#14600,0.2);
#14600 = AXIS2_PLACEMENT_3D('',#14601,#14602,#14603);
#14601 = CARTESIAN_POINT('',(71.12,-46.35,0.31));
#14602 = DIRECTION('',(-0.,0.,-1.));
#14603 = DIRECTION('',(-0.,-1.,0.));
#14604 = ORIENTED_EDGE('',*,*,#14605,.F.);
#14605 = EDGE_CURVE('',#14606,#14597,#14608,.T.);
#14606 = VERTEX_POINT('',#14607);
#14607 = CARTESIAN_POINT('',(71.12,-46.84999999999,0.31));
#14608 = LINE('',#14609,#14610);
#14609 = CARTESIAN_POINT('',(71.12,-47.65,0.31));
#14610 = VECTOR('',#14611,1.);
#14611 = DIRECTION('',(0.,1.,0.));
#14612 = ORIENTED_EDGE('',*,*,#14613,.T.);
#14613 = EDGE_CURVE('',#14606,#13894,#14614,.T.);
#14614 = CIRCLE('',#14615,0.2);
#14615 = AXIS2_PLACEMENT_3D('',#14616,#14617,#14618);
#14616 = CARTESIAN_POINT('',(71.12,-47.05,0.31));
#14617 = DIRECTION('',(-0.,0.,-1.));
#14618 = DIRECTION('',(-0.,-1.,0.));
#14619 = ORIENTED_EDGE('',*,*,#13893,.F.);
#14620 = PLANE('',#14621);
#14621 = AXIS2_PLACEMENT_3D('',#14622,#14623,#14624);
#14622 = CARTESIAN_POINT('',(0.,0.,0.31));
#14623 = DIRECTION('',(0.,0.,1.));
#14624 = DIRECTION('',(1.,0.,-0.));
#14625 = ADVANCED_FACE('',(#14626),#14637,.F.);
#14626 = FACE_BOUND('',#14627,.T.);
#14627 = EDGE_LOOP('',(#14628,#14629,#14630,#14636));
#14628 = ORIENTED_EDGE('',*,*,#13861,.F.);
#14629 = ORIENTED_EDGE('',*,*,#13917,.T.);
#14630 = ORIENTED_EDGE('',*,*,#14631,.F.);
#14631 = EDGE_CURVE('',#14275,#13918,#14632,.T.);
#14632 = LINE('',#14633,#14634);
#14633 = CARTESIAN_POINT('',(77.12,-46.85,-4.6E-02));
#14634 = VECTOR('',#14635,1.);
#14635 = DIRECTION('',(-0.,-0.,-1.));
#14636 = ORIENTED_EDGE('',*,*,#14274,.F.);
#14637 = CYLINDRICAL_SURFACE('',#14638,0.2);
#14638 = AXIS2_PLACEMENT_3D('',#14639,#14640,#14641);
#14639 = CARTESIAN_POINT('',(77.12,-47.05,-4.6E-02));
#14640 = DIRECTION('',(-0.,-0.,-1.));
#14641 = DIRECTION('',(-0.,-1.,0.));
#14642 = ADVANCED_FACE('',(#14643),#14654,.F.);
#14643 = FACE_BOUND('',#14644,.T.);
#14644 = EDGE_LOOP('',(#14645,#14646,#14647,#14648));
#14645 = ORIENTED_EDGE('',*,*,#14256,.T.);
#14646 = ORIENTED_EDGE('',*,*,#13901,.T.);
#14647 = ORIENTED_EDGE('',*,*,#14613,.F.);
#14648 = ORIENTED_EDGE('',*,*,#14649,.T.);
#14649 = EDGE_CURVE('',#14606,#14249,#14650,.T.);
#14650 = LINE('',#14651,#14652);
#14651 = CARTESIAN_POINT('',(71.12,-46.85,-4.6E-02));
#14652 = VECTOR('',#14653,1.);
#14653 = DIRECTION('',(-0.,-0.,-1.));
#14654 = CYLINDRICAL_SURFACE('',#14655,0.2);
#14655 = AXIS2_PLACEMENT_3D('',#14656,#14657,#14658);
#14656 = CARTESIAN_POINT('',(71.12,-47.05,-4.6E-02));
#14657 = DIRECTION('',(-0.,-0.,-1.));
#14658 = DIRECTION('',(-0.,-1.,0.));
#14659 = ADVANCED_FACE('',(#14660),#14671,.T.);
#14660 = FACE_BOUND('',#14661,.T.);
#14661 = EDGE_LOOP('',(#14662,#14663,#14664,#14665));
#14662 = ORIENTED_EDGE('',*,*,#14248,.F.);
#14663 = ORIENTED_EDGE('',*,*,#14649,.F.);
#14664 = ORIENTED_EDGE('',*,*,#14605,.T.);
#14665 = ORIENTED_EDGE('',*,*,#14666,.F.);
#14666 = EDGE_CURVE('',#14240,#14597,#14667,.T.);
#14667 = LINE('',#14668,#14669);
#14668 = CARTESIAN_POINT('',(71.12,-46.55,-4.6E-02));
#14669 = VECTOR('',#14670,1.);
#14670 = DIRECTION('',(0.,0.,1.));
#14671 = PLANE('',#14672);
#14672 = AXIS2_PLACEMENT_3D('',#14673,#14674,#14675);
#14673 = CARTESIAN_POINT('',(71.12,-47.65,0.));
#14674 = DIRECTION('',(-1.,0.,0.));
#14675 = DIRECTION('',(0.,1.,0.));
#14676 = ADVANCED_FACE('',(#14677),#14688,.F.);
#14677 = FACE_BOUND('',#14678,.T.);
#14678 = EDGE_LOOP('',(#14679,#14680,#14681,#14682));
#14679 = ORIENTED_EDGE('',*,*,#14239,.T.);
#14680 = ORIENTED_EDGE('',*,*,#14666,.T.);
#14681 = ORIENTED_EDGE('',*,*,#14596,.F.);
#14682 = ORIENTED_EDGE('',*,*,#14683,.T.);
#14683 = EDGE_CURVE('',#14589,#14232,#14684,.T.);
#14684 = LINE('',#14685,#14686);
#14685 = CARTESIAN_POINT('',(71.12,-46.15,-4.6E-02));
#14686 = VECTOR('',#14687,1.);
#14687 = DIRECTION('',(-0.,-0.,-1.));
#14688 = CYLINDRICAL_SURFACE('',#14689,0.2);
#14689 = AXIS2_PLACEMENT_3D('',#14690,#14691,#14692);
#14690 = CARTESIAN_POINT('',(71.12,-46.35,-4.6E-02));
#14691 = DIRECTION('',(-0.,-0.,-1.));
#14692 = DIRECTION('',(-0.,-1.,0.));
#14693 = ADVANCED_FACE('',(#14694),#14705,.T.);
#14694 = FACE_BOUND('',#14695,.T.);
#14695 = EDGE_LOOP('',(#14696,#14697,#14698,#14699));
#14696 = ORIENTED_EDGE('',*,*,#14231,.F.);
#14697 = ORIENTED_EDGE('',*,*,#14683,.F.);
#14698 = ORIENTED_EDGE('',*,*,#14588,.T.);
#14699 = ORIENTED_EDGE('',*,*,#14700,.F.);
#14700 = EDGE_CURVE('',#14223,#14580,#14701,.T.);
#14701 = LINE('',#14702,#14703);
#14702 = CARTESIAN_POINT('',(71.12,-45.85,-4.6E-02));
#14703 = VECTOR('',#14704,1.);
#14704 = DIRECTION('',(0.,0.,1.));
#14705 = PLANE('',#14706);
#14706 = AXIS2_PLACEMENT_3D('',#14707,#14708,#14709);
#14707 = CARTESIAN_POINT('',(71.12,-47.65,0.));
#14708 = DIRECTION('',(-1.,0.,0.));
#14709 = DIRECTION('',(0.,1.,0.));
#14710 = ADVANCED_FACE('',(#14711),#14722,.F.);
#14711 = FACE_BOUND('',#14712,.T.);
#14712 = EDGE_LOOP('',(#14713,#14714,#14715,#14716));
#14713 = ORIENTED_EDGE('',*,*,#14222,.T.);
#14714 = ORIENTED_EDGE('',*,*,#14700,.T.);
#14715 = ORIENTED_EDGE('',*,*,#14579,.F.);
#14716 = ORIENTED_EDGE('',*,*,#14717,.T.);
#14717 = EDGE_CURVE('',#14572,#14215,#14718,.T.);
#14718 = LINE('',#14719,#14720);
#14719 = CARTESIAN_POINT('',(71.12,-45.45,-4.6E-02));
#14720 = VECTOR('',#14721,1.);
#14721 = DIRECTION('',(-0.,-0.,-1.));
#14722 = CYLINDRICAL_SURFACE('',#14723,0.2);
#14723 = AXIS2_PLACEMENT_3D('',#14724,#14725,#14726);
#14724 = CARTESIAN_POINT('',(71.12,-45.65,-4.6E-02));
#14725 = DIRECTION('',(-0.,-0.,-1.));
#14726 = DIRECTION('',(-0.,-1.,0.));
#14727 = ADVANCED_FACE('',(#14728),#14739,.T.);
#14728 = FACE_BOUND('',#14729,.T.);
#14729 = EDGE_LOOP('',(#14730,#14731,#14732,#14733));
#14730 = ORIENTED_EDGE('',*,*,#14214,.F.);
#14731 = ORIENTED_EDGE('',*,*,#14717,.F.);
#14732 = ORIENTED_EDGE('',*,*,#14571,.T.);
#14733 = ORIENTED_EDGE('',*,*,#14734,.F.);
#14734 = EDGE_CURVE('',#14206,#14563,#14735,.T.);
#14735 = LINE('',#14736,#14737);
#14736 = CARTESIAN_POINT('',(71.12,-45.15,-4.6E-02));
#14737 = VECTOR('',#14738,1.);
#14738 = DIRECTION('',(0.,0.,1.));
#14739 = PLANE('',#14740);
#14740 = AXIS2_PLACEMENT_3D('',#14741,#14742,#14743);
#14741 = CARTESIAN_POINT('',(71.12,-47.65,0.));
#14742 = DIRECTION('',(-1.,0.,0.));
#14743 = DIRECTION('',(0.,1.,0.));
#14744 = ADVANCED_FACE('',(#14745),#14756,.F.);
#14745 = FACE_BOUND('',#14746,.T.);
#14746 = EDGE_LOOP('',(#14747,#14748,#14749,#14750));
#14747 = ORIENTED_EDGE('',*,*,#14205,.T.);
#14748 = ORIENTED_EDGE('',*,*,#14734,.T.);
#14749 = ORIENTED_EDGE('',*,*,#14562,.F.);
#14750 = ORIENTED_EDGE('',*,*,#14751,.T.);
#14751 = EDGE_CURVE('',#14555,#14198,#14752,.T.);
#14752 = LINE('',#14753,#14754);
#14753 = CARTESIAN_POINT('',(71.12,-44.75,-4.6E-02));
#14754 = VECTOR('',#14755,1.);
#14755 = DIRECTION('',(-0.,-0.,-1.));
#14756 = CYLINDRICAL_SURFACE('',#14757,0.2);
#14757 = AXIS2_PLACEMENT_3D('',#14758,#14759,#14760);
#14758 = CARTESIAN_POINT('',(71.12,-44.95,-4.6E-02));
#14759 = DIRECTION('',(-0.,-0.,-1.));
#14760 = DIRECTION('',(-0.,-1.,0.));
#14761 = ADVANCED_FACE('',(#14762),#14773,.T.);
#14762 = FACE_BOUND('',#14763,.T.);
#14763 = EDGE_LOOP('',(#14764,#14765,#14766,#14767));
#14764 = ORIENTED_EDGE('',*,*,#14197,.F.);
#14765 = ORIENTED_EDGE('',*,*,#14751,.F.);
#14766 = ORIENTED_EDGE('',*,*,#14554,.T.);
#14767 = ORIENTED_EDGE('',*,*,#14768,.F.);
#14768 = EDGE_CURVE('',#14189,#14546,#14769,.T.);
#14769 = LINE('',#14770,#14771);
#14770 = CARTESIAN_POINT('',(71.12,-44.45,-4.6E-02));
#14771 = VECTOR('',#14772,1.);
#14772 = DIRECTION('',(0.,0.,1.));
#14773 = PLANE('',#14774);
#14774 = AXIS2_PLACEMENT_3D('',#14775,#14776,#14777);
#14775 = CARTESIAN_POINT('',(71.12,-47.65,0.));
#14776 = DIRECTION('',(-1.,0.,0.));
#14777 = DIRECTION('',(0.,1.,0.));
#14778 = ADVANCED_FACE('',(#14779),#14790,.F.);
#14779 = FACE_BOUND('',#14780,.T.);
#14780 = EDGE_LOOP('',(#14781,#14782,#14783,#14784));
#14781 = ORIENTED_EDGE('',*,*,#14188,.T.);
#14782 = ORIENTED_EDGE('',*,*,#14768,.T.);
#14783 = ORIENTED_EDGE('',*,*,#14545,.F.);
#14784 = ORIENTED_EDGE('',*,*,#14785,.T.);
#14785 = EDGE_CURVE('',#14538,#14181,#14786,.T.);
#14786 = LINE('',#14787,#14788);
#14787 = CARTESIAN_POINT('',(71.12,-44.05,-4.6E-02));
#14788 = VECTOR('',#14789,1.);
#14789 = DIRECTION('',(-0.,-0.,-1.));
#14790 = CYLINDRICAL_SURFACE('',#14791,0.2);
#14791 = AXIS2_PLACEMENT_3D('',#14792,#14793,#14794);
#14792 = CARTESIAN_POINT('',(71.12,-44.25,-4.6E-02));
#14793 = DIRECTION('',(-0.,-0.,-1.));
#14794 = DIRECTION('',(-0.,-1.,0.));
#14795 = ADVANCED_FACE('',(#14796),#14807,.T.);
#14796 = FACE_BOUND('',#14797,.T.);
#14797 = EDGE_LOOP('',(#14798,#14799,#14800,#14801));
#14798 = ORIENTED_EDGE('',*,*,#14180,.F.);
#14799 = ORIENTED_EDGE('',*,*,#14785,.F.);
#14800 = ORIENTED_EDGE('',*,*,#14537,.T.);
#14801 = ORIENTED_EDGE('',*,*,#14802,.F.);
#14802 = EDGE_CURVE('',#14172,#14529,#14803,.T.);
#14803 = LINE('',#14804,#14805);
#14804 = CARTESIAN_POINT('',(71.12,-43.75,-4.6E-02));
#14805 = VECTOR('',#14806,1.);
#14806 = DIRECTION('',(0.,0.,1.));
#14807 = PLANE('',#14808);
#14808 = AXIS2_PLACEMENT_3D('',#14809,#14810,#14811);
#14809 = CARTESIAN_POINT('',(71.12,-47.65,0.));
#14810 = DIRECTION('',(-1.,0.,0.));
#14811 = DIRECTION('',(0.,1.,0.));
#14812 = ADVANCED_FACE('',(#14813),#14824,.F.);
#14813 = FACE_BOUND('',#14814,.T.);
#14814 = EDGE_LOOP('',(#14815,#14816,#14817,#14818));
#14815 = ORIENTED_EDGE('',*,*,#14171,.T.);
#14816 = ORIENTED_EDGE('',*,*,#14802,.T.);
#14817 = ORIENTED_EDGE('',*,*,#14528,.F.);
#14818 = ORIENTED_EDGE('',*,*,#14819,.T.);
#14819 = EDGE_CURVE('',#14521,#14164,#14820,.T.);
#14820 = LINE('',#14821,#14822);
#14821 = CARTESIAN_POINT('',(71.12,-43.35,-4.6E-02));
#14822 = VECTOR('',#14823,1.);
#14823 = DIRECTION('',(-0.,-0.,-1.));
#14824 = CYLINDRICAL_SURFACE('',#14825,0.2);
#14825 = AXIS2_PLACEMENT_3D('',#14826,#14827,#14828);
#14826 = CARTESIAN_POINT('',(71.12,-43.55,-4.6E-02));
#14827 = DIRECTION('',(-0.,-0.,-1.));
#14828 = DIRECTION('',(-0.,-1.,0.));
#14829 = ADVANCED_FACE('',(#14830),#14841,.T.);
#14830 = FACE_BOUND('',#14831,.T.);
#14831 = EDGE_LOOP('',(#14832,#14833,#14834,#14835));
#14832 = ORIENTED_EDGE('',*,*,#14163,.F.);
#14833 = ORIENTED_EDGE('',*,*,#14819,.F.);
#14834 = ORIENTED_EDGE('',*,*,#14520,.T.);
#14835 = ORIENTED_EDGE('',*,*,#14836,.F.);
#14836 = EDGE_CURVE('',#14155,#14512,#14837,.T.);
#14837 = LINE('',#14838,#14839);
#14838 = CARTESIAN_POINT('',(71.12,-43.05,-4.6E-02));
#14839 = VECTOR('',#14840,1.);
#14840 = DIRECTION('',(0.,0.,1.));
#14841 = PLANE('',#14842);
#14842 = AXIS2_PLACEMENT_3D('',#14843,#14844,#14845);
#14843 = CARTESIAN_POINT('',(71.12,-47.65,0.));
#14844 = DIRECTION('',(-1.,0.,0.));
#14845 = DIRECTION('',(0.,1.,0.));
#14846 = ADVANCED_FACE('',(#14847),#14858,.F.);
#14847 = FACE_BOUND('',#14848,.T.);
#14848 = EDGE_LOOP('',(#14849,#14850,#14851,#14852));
#14849 = ORIENTED_EDGE('',*,*,#14154,.T.);
#14850 = ORIENTED_EDGE('',*,*,#14836,.T.);
#14851 = ORIENTED_EDGE('',*,*,#14511,.F.);
#14852 = ORIENTED_EDGE('',*,*,#14853,.T.);
#14853 = EDGE_CURVE('',#14504,#14147,#14854,.T.);
#14854 = LINE('',#14855,#14856);
#14855 = CARTESIAN_POINT('',(71.12,-42.65,-4.6E-02));
#14856 = VECTOR('',#14857,1.);
#14857 = DIRECTION('',(-0.,-0.,-1.));
#14858 = CYLINDRICAL_SURFACE('',#14859,0.2);
#14859 = AXIS2_PLACEMENT_3D('',#14860,#14861,#14862);
#14860 = CARTESIAN_POINT('',(71.12,-42.85,-4.6E-02));
#14861 = DIRECTION('',(-0.,-0.,-1.));
#14862 = DIRECTION('',(-0.,-1.,0.));
#14863 = ADVANCED_FACE('',(#14864),#14875,.T.);
#14864 = FACE_BOUND('',#14865,.T.);
#14865 = EDGE_LOOP('',(#14866,#14867,#14868,#14869));
#14866 = ORIENTED_EDGE('',*,*,#14146,.F.);
#14867 = ORIENTED_EDGE('',*,*,#14853,.F.);
#14868 = ORIENTED_EDGE('',*,*,#14503,.T.);
#14869 = ORIENTED_EDGE('',*,*,#14870,.F.);
#14870 = EDGE_CURVE('',#14138,#14495,#14871,.T.);
#14871 = LINE('',#14872,#14873);
#14872 = CARTESIAN_POINT('',(71.12,-42.35,-4.6E-02));
#14873 = VECTOR('',#14874,1.);
#14874 = DIRECTION('',(0.,0.,1.));
#14875 = PLANE('',#14876);
#14876 = AXIS2_PLACEMENT_3D('',#14877,#14878,#14879);
#14877 = CARTESIAN_POINT('',(71.12,-47.65,0.));
#14878 = DIRECTION('',(-1.,0.,0.));
#14879 = DIRECTION('',(0.,1.,0.));
#14880 = ADVANCED_FACE('',(#14881),#14892,.F.);
#14881 = FACE_BOUND('',#14882,.T.);
#14882 = EDGE_LOOP('',(#14883,#14884,#14885,#14886));
#14883 = ORIENTED_EDGE('',*,*,#14137,.T.);
#14884 = ORIENTED_EDGE('',*,*,#14870,.T.);
#14885 = ORIENTED_EDGE('',*,*,#14494,.F.);
#14886 = ORIENTED_EDGE('',*,*,#14887,.T.);
#14887 = EDGE_CURVE('',#14487,#14130,#14888,.T.);
#14888 = LINE('',#14889,#14890);
#14889 = CARTESIAN_POINT('',(71.12,-41.95,-4.6E-02));
#14890 = VECTOR('',#14891,1.);
#14891 = DIRECTION('',(-0.,-0.,-1.));
#14892 = CYLINDRICAL_SURFACE('',#14893,0.2);
#14893 = AXIS2_PLACEMENT_3D('',#14894,#14895,#14896);
#14894 = CARTESIAN_POINT('',(71.12,-42.15,-4.6E-02));
#14895 = DIRECTION('',(-0.,-0.,-1.));
#14896 = DIRECTION('',(-0.,-1.,0.));
#14897 = ADVANCED_FACE('',(#14898),#14909,.T.);
#14898 = FACE_BOUND('',#14899,.T.);
#14899 = EDGE_LOOP('',(#14900,#14901,#14902,#14903));
#14900 = ORIENTED_EDGE('',*,*,#14129,.F.);
#14901 = ORIENTED_EDGE('',*,*,#14887,.F.);
#14902 = ORIENTED_EDGE('',*,*,#14486,.T.);
#14903 = ORIENTED_EDGE('',*,*,#14904,.F.);
#14904 = EDGE_CURVE('',#14121,#14478,#14905,.T.);
#14905 = LINE('',#14906,#14907);
#14906 = CARTESIAN_POINT('',(71.12,-41.65,-4.6E-02));
#14907 = VECTOR('',#14908,1.);
#14908 = DIRECTION('',(0.,0.,1.));
#14909 = PLANE('',#14910);
#14910 = AXIS2_PLACEMENT_3D('',#14911,#14912,#14913);
#14911 = CARTESIAN_POINT('',(71.12,-47.65,0.));
#14912 = DIRECTION('',(-1.,0.,0.));
#14913 = DIRECTION('',(0.,1.,0.));
#14914 = ADVANCED_FACE('',(#14915),#14926,.F.);
#14915 = FACE_BOUND('',#14916,.T.);
#14916 = EDGE_LOOP('',(#14917,#14918,#14919,#14920));
#14917 = ORIENTED_EDGE('',*,*,#14120,.T.);
#14918 = ORIENTED_EDGE('',*,*,#14904,.T.);
#14919 = ORIENTED_EDGE('',*,*,#14477,.F.);
#14920 = ORIENTED_EDGE('',*,*,#14921,.T.);
#14921 = EDGE_CURVE('',#14470,#14113,#14922,.T.);
#14922 = LINE('',#14923,#14924);
#14923 = CARTESIAN_POINT('',(71.12,-41.25,-4.6E-02));
#14924 = VECTOR('',#14925,1.);
#14925 = DIRECTION('',(-0.,-0.,-1.));
#14926 = CYLINDRICAL_SURFACE('',#14927,0.2);
#14927 = AXIS2_PLACEMENT_3D('',#14928,#14929,#14930);
#14928 = CARTESIAN_POINT('',(71.12,-41.45,-4.6E-02));
#14929 = DIRECTION('',(-0.,-0.,-1.));
#14930 = DIRECTION('',(-0.,-1.,0.));
#14931 = ADVANCED_FACE('',(#14932),#14943,.T.);
#14932 = FACE_BOUND('',#14933,.T.);
#14933 = EDGE_LOOP('',(#14934,#14935,#14936,#14937));
#14934 = ORIENTED_EDGE('',*,*,#14112,.F.);
#14935 = ORIENTED_EDGE('',*,*,#14921,.F.);
#14936 = ORIENTED_EDGE('',*,*,#14469,.T.);
#14937 = ORIENTED_EDGE('',*,*,#14938,.F.);
#14938 = EDGE_CURVE('',#14104,#14461,#14939,.T.);
#14939 = LINE('',#14940,#14941);
#14940 = CARTESIAN_POINT('',(71.12,-40.95,-4.6E-02));
#14941 = VECTOR('',#14942,1.);
#14942 = DIRECTION('',(0.,0.,1.));
#14943 = PLANE('',#14944);
#14944 = AXIS2_PLACEMENT_3D('',#14945,#14946,#14947);
#14945 = CARTESIAN_POINT('',(71.12,-47.65,0.));
#14946 = DIRECTION('',(-1.,0.,0.));
#14947 = DIRECTION('',(0.,1.,0.));
#14948 = ADVANCED_FACE('',(#14949),#14960,.F.);
#14949 = FACE_BOUND('',#14950,.T.);
#14950 = EDGE_LOOP('',(#14951,#14952,#14953,#14954));
#14951 = ORIENTED_EDGE('',*,*,#14103,.T.);
#14952 = ORIENTED_EDGE('',*,*,#14938,.T.);
#14953 = ORIENTED_EDGE('',*,*,#14460,.F.);
#14954 = ORIENTED_EDGE('',*,*,#14955,.T.);
#14955 = EDGE_CURVE('',#14453,#14096,#14956,.T.);
#14956 = LINE('',#14957,#14958);
#14957 = CARTESIAN_POINT('',(71.12,-40.55,-4.6E-02));
#14958 = VECTOR('',#14959,1.);
#14959 = DIRECTION('',(-0.,-0.,-1.));
#14960 = CYLINDRICAL_SURFACE('',#14961,0.2);
#14961 = AXIS2_PLACEMENT_3D('',#14962,#14963,#14964);
#14962 = CARTESIAN_POINT('',(71.12,-40.75,-4.6E-02));
#14963 = DIRECTION('',(-0.,-0.,-1.));
#14964 = DIRECTION('',(-0.,-1.,0.));
#14965 = ADVANCED_FACE('',(#14966),#14977,.T.);
#14966 = FACE_BOUND('',#14967,.T.);
#14967 = EDGE_LOOP('',(#14968,#14969,#14970,#14971));
#14968 = ORIENTED_EDGE('',*,*,#14095,.F.);
#14969 = ORIENTED_EDGE('',*,*,#14955,.F.);
#14970 = ORIENTED_EDGE('',*,*,#14452,.T.);
#14971 = ORIENTED_EDGE('',*,*,#14972,.F.);
#14972 = EDGE_CURVE('',#14088,#14445,#14973,.T.);
#14973 = LINE('',#14974,#14975);
#14974 = CARTESIAN_POINT('',(71.12,-36.15,0.));
#14975 = VECTOR('',#14976,1.);
#14976 = DIRECTION('',(0.,0.,1.));
#14977 = PLANE('',#14978);
#14978 = AXIS2_PLACEMENT_3D('',#14979,#14980,#14981);
#14979 = CARTESIAN_POINT('',(71.12,-47.65,0.));
#14980 = DIRECTION('',(-1.,0.,0.));
#14981 = DIRECTION('',(0.,1.,0.));
#14982 = ADVANCED_FACE('',(#14983),#14994,.T.);
#14983 = FACE_BOUND('',#14984,.T.);
#14984 = EDGE_LOOP('',(#14985,#14986,#14987,#14993));
#14985 = ORIENTED_EDGE('',*,*,#14972,.T.);
#14986 = ORIENTED_EDGE('',*,*,#14444,.T.);
#14987 = ORIENTED_EDGE('',*,*,#14988,.F.);
#14988 = EDGE_CURVE('',#14080,#14437,#14989,.T.);
#14989 = LINE('',#14990,#14991);
#14990 = CARTESIAN_POINT('',(77.12,-36.15,0.));
#14991 = VECTOR('',#14992,1.);
#14992 = DIRECTION('',(0.,0.,1.));
#14993 = ORIENTED_EDGE('',*,*,#14087,.F.);
#14994 = PLANE('',#14995);
#14995 = AXIS2_PLACEMENT_3D('',#14996,#14997,#14998);
#14996 = CARTESIAN_POINT('',(71.12,-36.15,0.));
#14997 = DIRECTION('',(0.,1.,0.));
#14998 = DIRECTION('',(1.,0.,0.));
#14999 = ADVANCED_FACE('',(#15000),#15011,.T.);
#15000 = FACE_BOUND('',#15001,.T.);
#15001 = EDGE_LOOP('',(#15002,#15003,#15004,#15005));
#15002 = ORIENTED_EDGE('',*,*,#14079,.F.);
#15003 = ORIENTED_EDGE('',*,*,#14988,.T.);
#15004 = ORIENTED_EDGE('',*,*,#14436,.T.);
#15005 = ORIENTED_EDGE('',*,*,#15006,.T.);
#15006 = EDGE_CURVE('',#14428,#14071,#15007,.T.);
#15007 = LINE('',#15008,#15009);
#15008 = CARTESIAN_POINT('',(77.12,-40.55,-4.6E-02));
#15009 = VECTOR('',#15010,1.);
#15010 = DIRECTION('',(-0.,-0.,-1.));
#15011 = PLANE('',#15012);
#15012 = AXIS2_PLACEMENT_3D('',#15013,#15014,#15015);
#15013 = CARTESIAN_POINT('',(77.12,-36.15,0.));
#15014 = DIRECTION('',(1.,0.,-0.));
#15015 = DIRECTION('',(0.,-1.,0.));
#15016 = ADVANCED_FACE('',(#15017),#15028,.F.);
#15017 = FACE_BOUND('',#15018,.T.);
#15018 = EDGE_LOOP('',(#15019,#15025,#15026,#15027));
#15019 = ORIENTED_EDGE('',*,*,#15020,.F.);
#15020 = EDGE_CURVE('',#14063,#14420,#15021,.T.);
#15021 = LINE('',#15022,#15023);
#15022 = CARTESIAN_POINT('',(77.12,-40.95,-4.6E-02));
#15023 = VECTOR('',#15024,1.);
#15024 = DIRECTION('',(0.,0.,1.));
#15025 = ORIENTED_EDGE('',*,*,#14070,.T.);
#15026 = ORIENTED_EDGE('',*,*,#15006,.F.);
#15027 = ORIENTED_EDGE('',*,*,#14427,.F.);
#15028 = CYLINDRICAL_SURFACE('',#15029,0.2);
#15029 = AXIS2_PLACEMENT_3D('',#15030,#15031,#15032);
#15030 = CARTESIAN_POINT('',(77.12,-40.75,-4.6E-02));
#15031 = DIRECTION('',(-0.,-0.,-1.));
#15032 = DIRECTION('',(-0.,-1.,0.));
#15033 = ADVANCED_FACE('',(#15034),#15045,.T.);
#15034 = FACE_BOUND('',#15035,.T.);
#15035 = EDGE_LOOP('',(#15036,#15037,#15038,#15039));
#15036 = ORIENTED_EDGE('',*,*,#14062,.F.);
#15037 = ORIENTED_EDGE('',*,*,#15020,.T.);
#15038 = ORIENTED_EDGE('',*,*,#14419,.T.);
#15039 = ORIENTED_EDGE('',*,*,#15040,.T.);
#15040 = EDGE_CURVE('',#14411,#14054,#15041,.T.);
#15041 = LINE('',#15042,#15043);
#15042 = CARTESIAN_POINT('',(77.12,-41.25,-4.6E-02));
#15043 = VECTOR('',#15044,1.);
#15044 = DIRECTION('',(-0.,-0.,-1.));
#15045 = PLANE('',#15046);
#15046 = AXIS2_PLACEMENT_3D('',#15047,#15048,#15049);
#15047 = CARTESIAN_POINT('',(77.12,-36.15,0.));
#15048 = DIRECTION('',(1.,0.,-0.));
#15049 = DIRECTION('',(0.,-1.,0.));
#15050 = ADVANCED_FACE('',(#15051),#15062,.F.);
#15051 = FACE_BOUND('',#15052,.T.);
#15052 = EDGE_LOOP('',(#15053,#15059,#15060,#15061));
#15053 = ORIENTED_EDGE('',*,*,#15054,.F.);
#15054 = EDGE_CURVE('',#14046,#14403,#15055,.T.);
#15055 = LINE('',#15056,#15057);
#15056 = CARTESIAN_POINT('',(77.12,-41.65,-4.6E-02));
#15057 = VECTOR('',#15058,1.);
#15058 = DIRECTION('',(0.,0.,1.));
#15059 = ORIENTED_EDGE('',*,*,#14053,.T.);
#15060 = ORIENTED_EDGE('',*,*,#15040,.F.);
#15061 = ORIENTED_EDGE('',*,*,#14410,.F.);
#15062 = CYLINDRICAL_SURFACE('',#15063,0.2);
#15063 = AXIS2_PLACEMENT_3D('',#15064,#15065,#15066);
#15064 = CARTESIAN_POINT('',(77.12,-41.45,-4.6E-02));
#15065 = DIRECTION('',(-0.,-0.,-1.));
#15066 = DIRECTION('',(-0.,-1.,0.));
#15067 = ADVANCED_FACE('',(#15068),#15079,.T.);
#15068 = FACE_BOUND('',#15069,.T.);
#15069 = EDGE_LOOP('',(#15070,#15071,#15072,#15073));
#15070 = ORIENTED_EDGE('',*,*,#14045,.F.);
#15071 = ORIENTED_EDGE('',*,*,#15054,.T.);
#15072 = ORIENTED_EDGE('',*,*,#14402,.T.);
#15073 = ORIENTED_EDGE('',*,*,#15074,.T.);
#15074 = EDGE_CURVE('',#14394,#14037,#15075,.T.);
#15075 = LINE('',#15076,#15077);
#15076 = CARTESIAN_POINT('',(77.12,-41.95,-4.6E-02));
#15077 = VECTOR('',#15078,1.);
#15078 = DIRECTION('',(-0.,-0.,-1.));
#15079 = PLANE('',#15080);
#15080 = AXIS2_PLACEMENT_3D('',#15081,#15082,#15083);
#15081 = CARTESIAN_POINT('',(77.12,-36.15,0.));
#15082 = DIRECTION('',(1.,0.,-0.));
#15083 = DIRECTION('',(0.,-1.,0.));
#15084 = ADVANCED_FACE('',(#15085),#15096,.F.);
#15085 = FACE_BOUND('',#15086,.T.);
#15086 = EDGE_LOOP('',(#15087,#15093,#15094,#15095));
#15087 = ORIENTED_EDGE('',*,*,#15088,.F.);
#15088 = EDGE_CURVE('',#14029,#14386,#15089,.T.);
#15089 = LINE('',#15090,#15091);
#15090 = CARTESIAN_POINT('',(77.12,-42.35,-4.6E-02));
#15091 = VECTOR('',#15092,1.);
#15092 = DIRECTION('',(0.,0.,1.));
#15093 = ORIENTED_EDGE('',*,*,#14036,.T.);
#15094 = ORIENTED_EDGE('',*,*,#15074,.F.);
#15095 = ORIENTED_EDGE('',*,*,#14393,.F.);
#15096 = CYLINDRICAL_SURFACE('',#15097,0.2);
#15097 = AXIS2_PLACEMENT_3D('',#15098,#15099,#15100);
#15098 = CARTESIAN_POINT('',(77.12,-42.15,-4.6E-02));
#15099 = DIRECTION('',(-0.,-0.,-1.));
#15100 = DIRECTION('',(-0.,-1.,0.));
#15101 = ADVANCED_FACE('',(#15102),#15113,.T.);
#15102 = FACE_BOUND('',#15103,.T.);
#15103 = EDGE_LOOP('',(#15104,#15105,#15106,#15107));
#15104 = ORIENTED_EDGE('',*,*,#14028,.F.);
#15105 = ORIENTED_EDGE('',*,*,#15088,.T.);
#15106 = ORIENTED_EDGE('',*,*,#14385,.T.);
#15107 = ORIENTED_EDGE('',*,*,#15108,.T.);
#15108 = EDGE_CURVE('',#14377,#14020,#15109,.T.);
#15109 = LINE('',#15110,#15111);
#15110 = CARTESIAN_POINT('',(77.12,-42.65,-4.6E-02));
#15111 = VECTOR('',#15112,1.);
#15112 = DIRECTION('',(-0.,-0.,-1.));
#15113 = PLANE('',#15114);
#15114 = AXIS2_PLACEMENT_3D('',#15115,#15116,#15117);
#15115 = CARTESIAN_POINT('',(77.12,-36.15,0.));
#15116 = DIRECTION('',(1.,0.,-0.));
#15117 = DIRECTION('',(0.,-1.,0.));
#15118 = ADVANCED_FACE('',(#15119),#15130,.F.);
#15119 = FACE_BOUND('',#15120,.T.);
#15120 = EDGE_LOOP('',(#15121,#15127,#15128,#15129));
#15121 = ORIENTED_EDGE('',*,*,#15122,.F.);
#15122 = EDGE_CURVE('',#14012,#14369,#15123,.T.);
#15123 = LINE('',#15124,#15125);
#15124 = CARTESIAN_POINT('',(77.12,-43.05,-4.6E-02));
#15125 = VECTOR('',#15126,1.);
#15126 = DIRECTION('',(0.,0.,1.));
#15127 = ORIENTED_EDGE('',*,*,#14019,.T.);
#15128 = ORIENTED_EDGE('',*,*,#15108,.F.);
#15129 = ORIENTED_EDGE('',*,*,#14376,.F.);
#15130 = CYLINDRICAL_SURFACE('',#15131,0.2);
#15131 = AXIS2_PLACEMENT_3D('',#15132,#15133,#15134);
#15132 = CARTESIAN_POINT('',(77.12,-42.85,-4.6E-02));
#15133 = DIRECTION('',(-0.,-0.,-1.));
#15134 = DIRECTION('',(-0.,-1.,0.));
#15135 = ADVANCED_FACE('',(#15136),#15147,.T.);
#15136 = FACE_BOUND('',#15137,.T.);
#15137 = EDGE_LOOP('',(#15138,#15139,#15140,#15141));
#15138 = ORIENTED_EDGE('',*,*,#14011,.F.);
#15139 = ORIENTED_EDGE('',*,*,#15122,.T.);
#15140 = ORIENTED_EDGE('',*,*,#14368,.T.);
#15141 = ORIENTED_EDGE('',*,*,#15142,.T.);
#15142 = EDGE_CURVE('',#14360,#14003,#15143,.T.);
#15143 = LINE('',#15144,#15145);
#15144 = CARTESIAN_POINT('',(77.12,-43.35,-4.6E-02));
#15145 = VECTOR('',#15146,1.);
#15146 = DIRECTION('',(-0.,-0.,-1.));
#15147 = PLANE('',#15148);
#15148 = AXIS2_PLACEMENT_3D('',#15149,#15150,#15151);
#15149 = CARTESIAN_POINT('',(77.12,-36.15,0.));
#15150 = DIRECTION('',(1.,0.,-0.));
#15151 = DIRECTION('',(0.,-1.,0.));
#15152 = ADVANCED_FACE('',(#15153),#15164,.F.);
#15153 = FACE_BOUND('',#15154,.T.);
#15154 = EDGE_LOOP('',(#15155,#15161,#15162,#15163));
#15155 = ORIENTED_EDGE('',*,*,#15156,.F.);
#15156 = EDGE_CURVE('',#13995,#14352,#15157,.T.);
#15157 = LINE('',#15158,#15159);
#15158 = CARTESIAN_POINT('',(77.12,-43.75,-4.6E-02));
#15159 = VECTOR('',#15160,1.);
#15160 = DIRECTION('',(0.,0.,1.));
#15161 = ORIENTED_EDGE('',*,*,#14002,.T.);
#15162 = ORIENTED_EDGE('',*,*,#15142,.F.);
#15163 = ORIENTED_EDGE('',*,*,#14359,.F.);
#15164 = CYLINDRICAL_SURFACE('',#15165,0.2);
#15165 = AXIS2_PLACEMENT_3D('',#15166,#15167,#15168);
#15166 = CARTESIAN_POINT('',(77.12,-43.55,-4.6E-02));
#15167 = DIRECTION('',(-0.,-0.,-1.));
#15168 = DIRECTION('',(-0.,-1.,0.));
#15169 = ADVANCED_FACE('',(#15170),#15181,.T.);
#15170 = FACE_BOUND('',#15171,.T.);
#15171 = EDGE_LOOP('',(#15172,#15173,#15174,#15175));
#15172 = ORIENTED_EDGE('',*,*,#13994,.F.);
#15173 = ORIENTED_EDGE('',*,*,#15156,.T.);
#15174 = ORIENTED_EDGE('',*,*,#14351,.T.);
#15175 = ORIENTED_EDGE('',*,*,#15176,.T.);
#15176 = EDGE_CURVE('',#14343,#13986,#15177,.T.);
#15177 = LINE('',#15178,#15179);
#15178 = CARTESIAN_POINT('',(77.12,-44.05,-4.6E-02));
#15179 = VECTOR('',#15180,1.);
#15180 = DIRECTION('',(-0.,-0.,-1.));
#15181 = PLANE('',#15182);
#15182 = AXIS2_PLACEMENT_3D('',#15183,#15184,#15185);
#15183 = CARTESIAN_POINT('',(77.12,-36.15,0.));
#15184 = DIRECTION('',(1.,0.,-0.));
#15185 = DIRECTION('',(0.,-1.,0.));
#15186 = ADVANCED_FACE('',(#15187),#15198,.F.);
#15187 = FACE_BOUND('',#15188,.T.);
#15188 = EDGE_LOOP('',(#15189,#15195,#15196,#15197));
#15189 = ORIENTED_EDGE('',*,*,#15190,.F.);
#15190 = EDGE_CURVE('',#13978,#14335,#15191,.T.);
#15191 = LINE('',#15192,#15193);
#15192 = CARTESIAN_POINT('',(77.12,-44.45,-4.6E-02));
#15193 = VECTOR('',#15194,1.);
#15194 = DIRECTION('',(0.,0.,1.));
#15195 = ORIENTED_EDGE('',*,*,#13985,.T.);
#15196 = ORIENTED_EDGE('',*,*,#15176,.F.);
#15197 = ORIENTED_EDGE('',*,*,#14342,.F.);
#15198 = CYLINDRICAL_SURFACE('',#15199,0.2);
#15199 = AXIS2_PLACEMENT_3D('',#15200,#15201,#15202);
#15200 = CARTESIAN_POINT('',(77.12,-44.25,-4.6E-02));
#15201 = DIRECTION('',(-0.,-0.,-1.));
#15202 = DIRECTION('',(-0.,-1.,0.));
#15203 = ADVANCED_FACE('',(#15204),#15215,.T.);
#15204 = FACE_BOUND('',#15205,.T.);
#15205 = EDGE_LOOP('',(#15206,#15207,#15208,#15209));
#15206 = ORIENTED_EDGE('',*,*,#13977,.F.);
#15207 = ORIENTED_EDGE('',*,*,#15190,.T.);
#15208 = ORIENTED_EDGE('',*,*,#14334,.T.);
#15209 = ORIENTED_EDGE('',*,*,#15210,.T.);
#15210 = EDGE_CURVE('',#14326,#13969,#15211,.T.);
#15211 = LINE('',#15212,#15213);
#15212 = CARTESIAN_POINT('',(77.12,-44.75,-4.6E-02));
#15213 = VECTOR('',#15214,1.);
#15214 = DIRECTION('',(-0.,-0.,-1.));
#15215 = PLANE('',#15216);
#15216 = AXIS2_PLACEMENT_3D('',#15217,#15218,#15219);
#15217 = CARTESIAN_POINT('',(77.12,-36.15,0.));
#15218 = DIRECTION('',(1.,0.,-0.));
#15219 = DIRECTION('',(0.,-1.,0.));
#15220 = ADVANCED_FACE('',(#15221),#15232,.F.);
#15221 = FACE_BOUND('',#15222,.T.);
#15222 = EDGE_LOOP('',(#15223,#15229,#15230,#15231));
#15223 = ORIENTED_EDGE('',*,*,#15224,.F.);
#15224 = EDGE_CURVE('',#13961,#14318,#15225,.T.);
#15225 = LINE('',#15226,#15227);
#15226 = CARTESIAN_POINT('',(77.12,-45.15,-4.6E-02));
#15227 = VECTOR('',#15228,1.);
#15228 = DIRECTION('',(0.,0.,1.));
#15229 = ORIENTED_EDGE('',*,*,#13968,.T.);
#15230 = ORIENTED_EDGE('',*,*,#15210,.F.);
#15231 = ORIENTED_EDGE('',*,*,#14325,.F.);
#15232 = CYLINDRICAL_SURFACE('',#15233,0.2);
#15233 = AXIS2_PLACEMENT_3D('',#15234,#15235,#15236);
#15234 = CARTESIAN_POINT('',(77.12,-44.95,-4.6E-02));
#15235 = DIRECTION('',(-0.,-0.,-1.));
#15236 = DIRECTION('',(-0.,-1.,0.));
#15237 = ADVANCED_FACE('',(#15238),#15249,.T.);
#15238 = FACE_BOUND('',#15239,.T.);
#15239 = EDGE_LOOP('',(#15240,#15241,#15242,#15243));
#15240 = ORIENTED_EDGE('',*,*,#13960,.F.);
#15241 = ORIENTED_EDGE('',*,*,#15224,.T.);
#15242 = ORIENTED_EDGE('',*,*,#14317,.T.);
#15243 = ORIENTED_EDGE('',*,*,#15244,.T.);
#15244 = EDGE_CURVE('',#14309,#13952,#15245,.T.);
#15245 = LINE('',#15246,#15247);
#15246 = CARTESIAN_POINT('',(77.12,-45.45,-4.6E-02));
#15247 = VECTOR('',#15248,1.);
#15248 = DIRECTION('',(-0.,-0.,-1.));
#15249 = PLANE('',#15250);
#15250 = AXIS2_PLACEMENT_3D('',#15251,#15252,#15253);
#15251 = CARTESIAN_POINT('',(77.12,-36.15,0.));
#15252 = DIRECTION('',(1.,0.,-0.));
#15253 = DIRECTION('',(0.,-1.,0.));
#15254 = ADVANCED_FACE('',(#15255),#15266,.F.);
#15255 = FACE_BOUND('',#15256,.T.);
#15256 = EDGE_LOOP('',(#15257,#15263,#15264,#15265));
#15257 = ORIENTED_EDGE('',*,*,#15258,.F.);
#15258 = EDGE_CURVE('',#13944,#14301,#15259,.T.);
#15259 = LINE('',#15260,#15261);
#15260 = CARTESIAN_POINT('',(77.12,-45.85,-4.6E-02));
#15261 = VECTOR('',#15262,1.);
#15262 = DIRECTION('',(0.,0.,1.));
#15263 = ORIENTED_EDGE('',*,*,#13951,.T.);
#15264 = ORIENTED_EDGE('',*,*,#15244,.F.);
#15265 = ORIENTED_EDGE('',*,*,#14308,.F.);
#15266 = CYLINDRICAL_SURFACE('',#15267,0.2);
#15267 = AXIS2_PLACEMENT_3D('',#15268,#15269,#15270);
#15268 = CARTESIAN_POINT('',(77.12,-45.65,-4.6E-02));
#15269 = DIRECTION('',(-0.,-0.,-1.));
#15270 = DIRECTION('',(-0.,-1.,0.));
#15271 = ADVANCED_FACE('',(#15272),#15283,.T.);
#15272 = FACE_BOUND('',#15273,.T.);
#15273 = EDGE_LOOP('',(#15274,#15275,#15276,#15277));
#15274 = ORIENTED_EDGE('',*,*,#13943,.F.);
#15275 = ORIENTED_EDGE('',*,*,#15258,.T.);
#15276 = ORIENTED_EDGE('',*,*,#14300,.T.);
#15277 = ORIENTED_EDGE('',*,*,#15278,.T.);
#15278 = EDGE_CURVE('',#14292,#13935,#15279,.T.);
#15279 = LINE('',#15280,#15281);
#15280 = CARTESIAN_POINT('',(77.12,-46.15,-4.6E-02));
#15281 = VECTOR('',#15282,1.);
#15282 = DIRECTION('',(-0.,-0.,-1.));
#15283 = PLANE('',#15284);
#15284 = AXIS2_PLACEMENT_3D('',#15285,#15286,#15287);
#15285 = CARTESIAN_POINT('',(77.12,-36.15,0.));
#15286 = DIRECTION('',(1.,0.,-0.));
#15287 = DIRECTION('',(0.,-1.,0.));
#15288 = ADVANCED_FACE('',(#15289),#15300,.F.);
#15289 = FACE_BOUND('',#15290,.T.);
#15290 = EDGE_LOOP('',(#15291,#15297,#15298,#15299));
#15291 = ORIENTED_EDGE('',*,*,#15292,.F.);
#15292 = EDGE_CURVE('',#13927,#14284,#15293,.T.);
#15293 = LINE('',#15294,#15295);
#15294 = CARTESIAN_POINT('',(77.12,-46.55,-4.6E-02));
#15295 = VECTOR('',#15296,1.);
#15296 = DIRECTION('',(0.,0.,1.));
#15297 = ORIENTED_EDGE('',*,*,#13934,.T.);
#15298 = ORIENTED_EDGE('',*,*,#15278,.F.);
#15299 = ORIENTED_EDGE('',*,*,#14291,.F.);
#15300 = CYLINDRICAL_SURFACE('',#15301,0.2);
#15301 = AXIS2_PLACEMENT_3D('',#15302,#15303,#15304);
#15302 = CARTESIAN_POINT('',(77.12,-46.35,-4.6E-02));
#15303 = DIRECTION('',(-0.,-0.,-1.));
#15304 = DIRECTION('',(-0.,-1.,0.));
#15305 = ADVANCED_FACE('',(#15306),#15312,.T.);
#15306 = FACE_BOUND('',#15307,.T.);
#15307 = EDGE_LOOP('',(#15308,#15309,#15310,#15311));
#15308 = ORIENTED_EDGE('',*,*,#13926,.F.);
#15309 = ORIENTED_EDGE('',*,*,#15292,.T.);
#15310 = ORIENTED_EDGE('',*,*,#14283,.T.);
#15311 = ORIENTED_EDGE('',*,*,#14631,.T.);
#15312 = PLANE('',#15313);
#15313 = AXIS2_PLACEMENT_3D('',#15314,#15315,#15316);
#15314 = CARTESIAN_POINT('',(77.12,-36.15,0.));
#15315 = DIRECTION('',(1.,0.,-0.));
#15316 = DIRECTION('',(0.,-1.,0.));
#15317 = ( GEOMETRIC_REPRESENTATION_CONTEXT(3) 
GLOBAL_UNCERTAINTY_ASSIGNED_CONTEXT((#15321)) 
GLOBAL_UNIT_ASSIGNED_CONTEXT((#15318,#15319,#15320)) 
REPRESENTATION_CONTEXT('Context #1',
  '3D Context with UNIT and UNCERTAINTY') );
#15318 = ( LENGTH_UNIT() NAMED_UNIT(*) SI_UNIT(.MILLI.,.METRE.) );
#15319 = ( NAMED_UNIT(*) PLANE_ANGLE_UNIT() SI_UNIT($,.RADIAN.) );
#15320 = ( NAMED_UNIT(*) SI_UNIT($,.STERADIAN.) SOLID_ANGLE_UNIT() );
#15321 = UNCERTAINTY_MEASURE_WITH_UNIT(LENGTH_MEASURE(1.E-07),#15318,
  'distance_accuracy_value','confusion accuracy');
#15322 = CONTEXT_DEPENDENT_SHAPE_REPRESENTATION(#15323,#15325);
#15323 = ( REPRESENTATION_RELATIONSHIP('','',#13806,#10) 
REPRESENTATION_RELATIONSHIP_WITH_TRANSFORMATION(#15324) 
SHAPE_REPRESENTATION_RELATIONSHIP() );
#15324 = ITEM_DEFINED_TRANSFORMATION('','',#11,#151);
#15325 = PRODUCT_DEFINITION_SHAPE('Placement','Placement of an item',
  #15326);
#15326 = NEXT_ASSEMBLY_USAGE_OCCURRENCE('40','=>[0:1:1:14]','',#5,#13801
  ,$);
#15327 = PRODUCT_RELATED_PRODUCT_CATEGORY('part',$,(#13803));
#15328 = MECHANICAL_DESIGN_GEOMETRIC_PRESENTATION_REPRESENTATION('',(
    #15329,#15337,#15344,#15351,#15358,#15365,#15372,#15379,#15386,
    #15393,#15400,#15408,#15415,#15422,#15429,#15436,#15443,#15450,
    #15457,#15464,#15471,#15478,#15485,#15492,#15499,#15506,#15513,
    #15520),#7679);
#15329 = STYLED_ITEM('color',(#15330),#6827);
#15330 = PRESENTATION_STYLE_ASSIGNMENT((#15331));
#15331 = SURFACE_STYLE_USAGE(.BOTH.,#15332);
#15332 = SURFACE_SIDE_STYLE('',(#15333));
#15333 = SURFACE_STYLE_FILL_AREA(#15334);
#15334 = FILL_AREA_STYLE('',(#15335));
#15335 = FILL_AREA_STYLE_COLOUR('',#15336);
#15336 = COLOUR_RGB('',0.823999987314,0.819999987296,0.781000009244);
#15337 = STYLED_ITEM('color',(#15338),#6903);
#15338 = PRESENTATION_STYLE_ASSIGNMENT((#15339));
#15339 = SURFACE_STYLE_USAGE(.BOTH.,#15340);
#15340 = SURFACE_SIDE_STYLE('',(#15341));
#15341 = SURFACE_STYLE_FILL_AREA(#15342);
#15342 = FILL_AREA_STYLE('',(#15343));
#15343 = FILL_AREA_STYLE_COLOUR('',#15336);
#15344 = STYLED_ITEM('color',(#15345),#6934);
#15345 = PRESENTATION_STYLE_ASSIGNMENT((#15346));
#15346 = SURFACE_STYLE_USAGE(.BOTH.,#15347);
#15347 = SURFACE_SIDE_STYLE('',(#15348));
#15348 = SURFACE_STYLE_FILL_AREA(#15349);
#15349 = FILL_AREA_STYLE('',(#15350));
#15350 = FILL_AREA_STYLE_COLOUR('',#15336);
#15351 = STYLED_ITEM('color',(#15352),#6959);
#15352 = PRESENTATION_STYLE_ASSIGNMENT((#15353));
#15353 = SURFACE_STYLE_USAGE(.BOTH.,#15354);
#15354 = SURFACE_SIDE_STYLE('',(#15355));
#15355 = SURFACE_STYLE_FILL_AREA(#15356);
#15356 = FILL_AREA_STYLE('',(#15357));
#15357 = FILL_AREA_STYLE_COLOUR('',#15336);
#15358 = STYLED_ITEM('color',(#15359),#6984);
#15359 = PRESENTATION_STYLE_ASSIGNMENT((#15360));
#15360 = SURFACE_STYLE_USAGE(.BOTH.,#15361);
#15361 = SURFACE_SIDE_STYLE('',(#15362));
#15362 = SURFACE_STYLE_FILL_AREA(#15363);
#15363 = FILL_AREA_STYLE('',(#15364));
#15364 = FILL_AREA_STYLE_COLOUR('',#15336);
#15365 = STYLED_ITEM('color',(#15366),#7008);
#15366 = PRESENTATION_STYLE_ASSIGNMENT((#15367));
#15367 = SURFACE_STYLE_USAGE(.BOTH.,#15368);
#15368 = SURFACE_SIDE_STYLE('',(#15369));
#15369 = SURFACE_STYLE_FILL_AREA(#15370);
#15370 = FILL_AREA_STYLE('',(#15371));
#15371 = FILL_AREA_STYLE_COLOUR('',#15336);
#15372 = STYLED_ITEM('color',(#15373),#7032);
#15373 = PRESENTATION_STYLE_ASSIGNMENT((#15374));
#15374 = SURFACE_STYLE_USAGE(.BOTH.,#15375);
#15375 = SURFACE_SIDE_STYLE('',(#15376));
#15376 = SURFACE_STYLE_FILL_AREA(#15377);
#15377 = FILL_AREA_STYLE('',(#15378));
#15378 = FILL_AREA_STYLE_COLOUR('',#15336);
#15379 = STYLED_ITEM('color',(#15380),#7057);
#15380 = PRESENTATION_STYLE_ASSIGNMENT((#15381));
#15381 = SURFACE_STYLE_USAGE(.BOTH.,#15382);
#15382 = SURFACE_SIDE_STYLE('',(#15383));
#15383 = SURFACE_STYLE_FILL_AREA(#15384);
#15384 = FILL_AREA_STYLE('',(#15385));
#15385 = FILL_AREA_STYLE_COLOUR('',#15336);
#15386 = STYLED_ITEM('color',(#15387),#7082);
#15387 = PRESENTATION_STYLE_ASSIGNMENT((#15388));
#15388 = SURFACE_STYLE_USAGE(.BOTH.,#15389);
#15389 = SURFACE_SIDE_STYLE('',(#15390));
#15390 = SURFACE_STYLE_FILL_AREA(#15391);
#15391 = FILL_AREA_STYLE('',(#15392));
#15392 = FILL_AREA_STYLE_COLOUR('',#15336);
#15393 = STYLED_ITEM('color',(#15394),#7099);
#15394 = PRESENTATION_STYLE_ASSIGNMENT((#15395));
#15395 = SURFACE_STYLE_USAGE(.BOTH.,#15396);
#15396 = SURFACE_SIDE_STYLE('',(#15397));
#15397 = SURFACE_STYLE_FILL_AREA(#15398);
#15398 = FILL_AREA_STYLE('',(#15399));
#15399 = FILL_AREA_STYLE_COLOUR('',#15336);
#15400 = STYLED_ITEM('color',(#15401),#7185);
#15401 = PRESENTATION_STYLE_ASSIGNMENT((#15402));
#15402 = SURFACE_STYLE_USAGE(.BOTH.,#15403);
#15403 = SURFACE_SIDE_STYLE('',(#15404));
#15404 = SURFACE_STYLE_FILL_AREA(#15405);
#15405 = FILL_AREA_STYLE('',(#15406));
#15406 = FILL_AREA_STYLE_COLOUR('',#15407);
#15407 = COLOUR_RGB('',0.272999999305,0.272999999305,0.272999999305);
#15408 = STYLED_ITEM('color',(#15409),#7217);
#15409 = PRESENTATION_STYLE_ASSIGNMENT((#15410));
#15410 = SURFACE_STYLE_USAGE(.BOTH.,#15411);
#15411 = SURFACE_SIDE_STYLE('',(#15412));
#15412 = SURFACE_STYLE_FILL_AREA(#15413);
#15413 = FILL_AREA_STYLE('',(#15414));
#15414 = FILL_AREA_STYLE_COLOUR('',#15407);
#15415 = STYLED_ITEM('color',(#15416),#7241);
#15416 = PRESENTATION_STYLE_ASSIGNMENT((#15417));
#15417 = SURFACE_STYLE_USAGE(.BOTH.,#15418);
#15418 = SURFACE_SIDE_STYLE('',(#15419));
#15419 = SURFACE_STYLE_FILL_AREA(#15420);
#15420 = FILL_AREA_STYLE('',(#15421));
#15421 = FILL_AREA_STYLE_COLOUR('',#15407);
#15422 = STYLED_ITEM('color',(#15423),#7266);
#15423 = PRESENTATION_STYLE_ASSIGNMENT((#15424));
#15424 = SURFACE_STYLE_USAGE(.BOTH.,#15425);
#15425 = SURFACE_SIDE_STYLE('',(#15426));
#15426 = SURFACE_STYLE_FILL_AREA(#15427);
#15427 = FILL_AREA_STYLE('',(#15428));
#15428 = FILL_AREA_STYLE_COLOUR('',#15407);
#15429 = STYLED_ITEM('color',(#15430),#7290);
#15430 = PRESENTATION_STYLE_ASSIGNMENT((#15431));
#15431 = SURFACE_STYLE_USAGE(.BOTH.,#15432);
#15432 = SURFACE_SIDE_STYLE('',(#15433));
#15433 = SURFACE_STYLE_FILL_AREA(#15434);
#15434 = FILL_AREA_STYLE('',(#15435));
#15435 = FILL_AREA_STYLE_COLOUR('',#15407);
#15436 = STYLED_ITEM('color',(#15437),#7315);
#15437 = PRESENTATION_STYLE_ASSIGNMENT((#15438));
#15438 = SURFACE_STYLE_USAGE(.BOTH.,#15439);
#15439 = SURFACE_SIDE_STYLE('',(#15440));
#15440 = SURFACE_STYLE_FILL_AREA(#15441);
#15441 = FILL_AREA_STYLE('',(#15442));
#15442 = FILL_AREA_STYLE_COLOUR('',#15407);
#15443 = STYLED_ITEM('color',(#15444),#7339);
#15444 = PRESENTATION_STYLE_ASSIGNMENT((#15445));
#15445 = SURFACE_STYLE_USAGE(.BOTH.,#15446);
#15446 = SURFACE_SIDE_STYLE('',(#15447));
#15447 = SURFACE_STYLE_FILL_AREA(#15448);
#15448 = FILL_AREA_STYLE('',(#15449));
#15449 = FILL_AREA_STYLE_COLOUR('',#15407);
#15450 = STYLED_ITEM('color',(#15451),#7364);
#15451 = PRESENTATION_STYLE_ASSIGNMENT((#15452));
#15452 = SURFACE_STYLE_USAGE(.BOTH.,#15453);
#15453 = SURFACE_SIDE_STYLE('',(#15454));
#15454 = SURFACE_STYLE_FILL_AREA(#15455);
#15455 = FILL_AREA_STYLE('',(#15456));
#15456 = FILL_AREA_STYLE_COLOUR('',#15407);
#15457 = STYLED_ITEM('color',(#15458),#7381);
#15458 = PRESENTATION_STYLE_ASSIGNMENT((#15459));
#15459 = SURFACE_STYLE_USAGE(.BOTH.,#15460);
#15460 = SURFACE_SIDE_STYLE('',(#15461));
#15461 = SURFACE_STYLE_FILL_AREA(#15462);
#15462 = FILL_AREA_STYLE('',(#15463));
#15463 = FILL_AREA_STYLE_COLOUR('',#15336);
#15464 = STYLED_ITEM('color',(#15465),#7467);
#15465 = PRESENTATION_STYLE_ASSIGNMENT((#15466));
#15466 = SURFACE_STYLE_USAGE(.BOTH.,#15467);
#15467 = SURFACE_SIDE_STYLE('',(#15468));
#15468 = SURFACE_STYLE_FILL_AREA(#15469);
#15469 = FILL_AREA_STYLE('',(#15470));
#15470 = FILL_AREA_STYLE_COLOUR('',#15336);
#15471 = STYLED_ITEM('color',(#15472),#7498);
#15472 = PRESENTATION_STYLE_ASSIGNMENT((#15473));
#15473 = SURFACE_STYLE_USAGE(.BOTH.,#15474);
#15474 = SURFACE_SIDE_STYLE('',(#15475));
#15475 = SURFACE_STYLE_FILL_AREA(#15476);
#15476 = FILL_AREA_STYLE('',(#15477));
#15477 = FILL_AREA_STYLE_COLOUR('',#15336);
#15478 = STYLED_ITEM('color',(#15479),#7523);
#15479 = PRESENTATION_STYLE_ASSIGNMENT((#15480));
#15480 = SURFACE_STYLE_USAGE(.BOTH.,#15481);
#15481 = SURFACE_SIDE_STYLE('',(#15482));
#15482 = SURFACE_STYLE_FILL_AREA(#15483);
#15483 = FILL_AREA_STYLE('',(#15484));
#15484 = FILL_AREA_STYLE_COLOUR('',#15336);
#15485 = STYLED_ITEM('color',(#15486),#7548);
#15486 = PRESENTATION_STYLE_ASSIGNMENT((#15487));
#15487 = SURFACE_STYLE_USAGE(.BOTH.,#15488);
#15488 = SURFACE_SIDE_STYLE('',(#15489));
#15489 = SURFACE_STYLE_FILL_AREA(#15490);
#15490 = FILL_AREA_STYLE('',(#15491));
#15491 = FILL_AREA_STYLE_COLOUR('',#15336);
#15492 = STYLED_ITEM('color',(#15493),#7572);
#15493 = PRESENTATION_STYLE_ASSIGNMENT((#15494));
#15494 = SURFACE_STYLE_USAGE(.BOTH.,#15495);
#15495 = SURFACE_SIDE_STYLE('',(#15496));
#15496 = SURFACE_STYLE_FILL_AREA(#15497);
#15497 = FILL_AREA_STYLE('',(#15498));
#15498 = FILL_AREA_STYLE_COLOUR('',#15336);
#15499 = STYLED_ITEM('color',(#15500),#7596);
#15500 = PRESENTATION_STYLE_ASSIGNMENT((#15501));
#15501 = SURFACE_STYLE_USAGE(.BOTH.,#15502);
#15502 = SURFACE_SIDE_STYLE('',(#15503));
#15503 = SURFACE_STYLE_FILL_AREA(#15504);
#15504 = FILL_AREA_STYLE('',(#15505));
#15505 = FILL_AREA_STYLE_COLOUR('',#15336);
#15506 = STYLED_ITEM('color',(#15507),#7621);
#15507 = PRESENTATION_STYLE_ASSIGNMENT((#15508));
#15508 = SURFACE_STYLE_USAGE(.BOTH.,#15509);
#15509 = SURFACE_SIDE_STYLE('',(#15510));
#15510 = SURFACE_STYLE_FILL_AREA(#15511);
#15511 = FILL_AREA_STYLE('',(#15512));
#15512 = FILL_AREA_STYLE_COLOUR('',#15336);
#15513 = STYLED_ITEM('color',(#15514),#7646);
#15514 = PRESENTATION_STYLE_ASSIGNMENT((#15515));
#15515 = SURFACE_STYLE_USAGE(.BOTH.,#15516);
#15516 = SURFACE_SIDE_STYLE('',(#15517));
#15517 = SURFACE_STYLE_FILL_AREA(#15518);
#15518 = FILL_AREA_STYLE('',(#15519));
#15519 = FILL_AREA_STYLE_COLOUR('',#15336);
#15520 = STYLED_ITEM('color',(#15521),#7663);
#15521 = PRESENTATION_STYLE_ASSIGNMENT((#15522));
#15522 = SURFACE_STYLE_USAGE(.BOTH.,#15523);
#15523 = SURFACE_SIDE_STYLE('',(#15524));
#15524 = SURFACE_STYLE_FILL_AREA(#15525);
#15525 = FILL_AREA_STYLE('',(#15526));
#15526 = FILL_AREA_STYLE_COLOUR('',#15336);
#15527 = MECHANICAL_DESIGN_GEOMETRIC_PRESENTATION_REPRESENTATION('',(
    #15528),#1663);
#15528 = STYLED_ITEM('color',(#15529),#1468);
#15529 = PRESENTATION_STYLE_ASSIGNMENT((#15530,#15536));
#15530 = SURFACE_STYLE_USAGE(.BOTH.,#15531);
#15531 = SURFACE_SIDE_STYLE('',(#15532));
#15532 = SURFACE_STYLE_FILL_AREA(#15533);
#15533 = FILL_AREA_STYLE('',(#15534));
#15534 = FILL_AREA_STYLE_COLOUR('',#15535);
#15535 = COLOUR_RGB('',0.300000011149,0.300000011149,0.300000011149);
#15536 = CURVE_STYLE('',#15537,POSITIVE_LENGTH_MEASURE(0.1),#15535);
#15537 = DRAUGHTING_PRE_DEFINED_CURVE_FONT('continuous');
#15538 = MECHANICAL_DESIGN_GEOMETRIC_PRESENTATION_REPRESENTATION('',(
    #15539,#15546,#15553,#15560,#15567,#15574,#15581,#15588,#15595,
    #15602,#15609,#15617,#15624,#15631,#15638,#15645,#15652,#15659,
    #15666,#15673,#15680,#15687,#15694,#15701,#15708,#15715,#15722,
    #15729),#5923);
#15539 = STYLED_ITEM('color',(#15540),#5071);
#15540 = PRESENTATION_STYLE_ASSIGNMENT((#15541));
#15541 = SURFACE_STYLE_USAGE(.BOTH.,#15542);
#15542 = SURFACE_SIDE_STYLE('',(#15543));
#15543 = SURFACE_STYLE_FILL_AREA(#15544);
#15544 = FILL_AREA_STYLE('',(#15545));
#15545 = FILL_AREA_STYLE_COLOUR('',#15336);
#15546 = STYLED_ITEM('color',(#15547),#5147);
#15547 = PRESENTATION_STYLE_ASSIGNMENT((#15548));
#15548 = SURFACE_STYLE_USAGE(.BOTH.,#15549);
#15549 = SURFACE_SIDE_STYLE('',(#15550));
#15550 = SURFACE_STYLE_FILL_AREA(#15551);
#15551 = FILL_AREA_STYLE('',(#15552));
#15552 = FILL_AREA_STYLE_COLOUR('',#15336);
#15553 = STYLED_ITEM('color',(#15554),#5178);
#15554 = PRESENTATION_STYLE_ASSIGNMENT((#15555));
#15555 = SURFACE_STYLE_USAGE(.BOTH.,#15556);
#15556 = SURFACE_SIDE_STYLE('',(#15557));
#15557 = SURFACE_STYLE_FILL_AREA(#15558);
#15558 = FILL_AREA_STYLE('',(#15559));
#15559 = FILL_AREA_STYLE_COLOUR('',#15336);
#15560 = STYLED_ITEM('color',(#15561),#5203);
#15561 = PRESENTATION_STYLE_ASSIGNMENT((#15562));
#15562 = SURFACE_STYLE_USAGE(.BOTH.,#15563);
#15563 = SURFACE_SIDE_STYLE('',(#15564));
#15564 = SURFACE_STYLE_FILL_AREA(#15565);
#15565 = FILL_AREA_STYLE('',(#15566));
#15566 = FILL_AREA_STYLE_COLOUR('',#15336);
#15567 = STYLED_ITEM('color',(#15568),#5228);
#15568 = PRESENTATION_STYLE_ASSIGNMENT((#15569));
#15569 = SURFACE_STYLE_USAGE(.BOTH.,#15570);
#15570 = SURFACE_SIDE_STYLE('',(#15571));
#15571 = SURFACE_STYLE_FILL_AREA(#15572);
#15572 = FILL_AREA_STYLE('',(#15573));
#15573 = FILL_AREA_STYLE_COLOUR('',#15336);
#15574 = STYLED_ITEM('color',(#15575),#5252);
#15575 = PRESENTATION_STYLE_ASSIGNMENT((#15576));
#15576 = SURFACE_STYLE_USAGE(.BOTH.,#15577);
#15577 = SURFACE_SIDE_STYLE('',(#15578));
#15578 = SURFACE_STYLE_FILL_AREA(#15579);
#15579 = FILL_AREA_STYLE('',(#15580));
#15580 = FILL_AREA_STYLE_COLOUR('',#15336);
#15581 = STYLED_ITEM('color',(#15582),#5276);
#15582 = PRESENTATION_STYLE_ASSIGNMENT((#15583));
#15583 = SURFACE_STYLE_USAGE(.BOTH.,#15584);
#15584 = SURFACE_SIDE_STYLE('',(#15585));
#15585 = SURFACE_STYLE_FILL_AREA(#15586);
#15586 = FILL_AREA_STYLE('',(#15587));
#15587 = FILL_AREA_STYLE_COLOUR('',#15336);
#15588 = STYLED_ITEM('color',(#15589),#5301);
#15589 = PRESENTATION_STYLE_ASSIGNMENT((#15590));
#15590 = SURFACE_STYLE_USAGE(.BOTH.,#15591);
#15591 = SURFACE_SIDE_STYLE('',(#15592));
#15592 = SURFACE_STYLE_FILL_AREA(#15593);
#15593 = FILL_AREA_STYLE('',(#15594));
#15594 = FILL_AREA_STYLE_COLOUR('',#15336);
#15595 = STYLED_ITEM('color',(#15596),#5326);
#15596 = PRESENTATION_STYLE_ASSIGNMENT((#15597));
#15597 = SURFACE_STYLE_USAGE(.BOTH.,#15598);
#15598 = SURFACE_SIDE_STYLE('',(#15599));
#15599 = SURFACE_STYLE_FILL_AREA(#15600);
#15600 = FILL_AREA_STYLE('',(#15601));
#15601 = FILL_AREA_STYLE_COLOUR('',#15336);
#15602 = STYLED_ITEM('color',(#15603),#5343);
#15603 = PRESENTATION_STYLE_ASSIGNMENT((#15604));
#15604 = SURFACE_STYLE_USAGE(.BOTH.,#15605);
#15605 = SURFACE_SIDE_STYLE('',(#15606));
#15606 = SURFACE_STYLE_FILL_AREA(#15607);
#15607 = FILL_AREA_STYLE('',(#15608));
#15608 = FILL_AREA_STYLE_COLOUR('',#15336);
#15609 = STYLED_ITEM('color',(#15610),#5429);
#15610 = PRESENTATION_STYLE_ASSIGNMENT((#15611));
#15611 = SURFACE_STYLE_USAGE(.BOTH.,#15612);
#15612 = SURFACE_SIDE_STYLE('',(#15613));
#15613 = SURFACE_STYLE_FILL_AREA(#15614);
#15614 = FILL_AREA_STYLE('',(#15615));
#15615 = FILL_AREA_STYLE_COLOUR('',#15616);
#15616 = COLOUR_RGB('',0.379000005575,0.270000008848,0.214999999939);
#15617 = STYLED_ITEM('color',(#15618),#5461);
#15618 = PRESENTATION_STYLE_ASSIGNMENT((#15619));
#15619 = SURFACE_STYLE_USAGE(.BOTH.,#15620);
#15620 = SURFACE_SIDE_STYLE('',(#15621));
#15621 = SURFACE_STYLE_FILL_AREA(#15622);
#15622 = FILL_AREA_STYLE('',(#15623));
#15623 = FILL_AREA_STYLE_COLOUR('',#15616);
#15624 = STYLED_ITEM('color',(#15625),#5485);
#15625 = PRESENTATION_STYLE_ASSIGNMENT((#15626));
#15626 = SURFACE_STYLE_USAGE(.BOTH.,#15627);
#15627 = SURFACE_SIDE_STYLE('',(#15628));
#15628 = SURFACE_STYLE_FILL_AREA(#15629);
#15629 = FILL_AREA_STYLE('',(#15630));
#15630 = FILL_AREA_STYLE_COLOUR('',#15616);
#15631 = STYLED_ITEM('color',(#15632),#5510);
#15632 = PRESENTATION_STYLE_ASSIGNMENT((#15633));
#15633 = SURFACE_STYLE_USAGE(.BOTH.,#15634);
#15634 = SURFACE_SIDE_STYLE('',(#15635));
#15635 = SURFACE_STYLE_FILL_AREA(#15636);
#15636 = FILL_AREA_STYLE('',(#15637));
#15637 = FILL_AREA_STYLE_COLOUR('',#15616);
#15638 = STYLED_ITEM('color',(#15639),#5534);
#15639 = PRESENTATION_STYLE_ASSIGNMENT((#15640));
#15640 = SURFACE_STYLE_USAGE(.BOTH.,#15641);
#15641 = SURFACE_SIDE_STYLE('',(#15642));
#15642 = SURFACE_STYLE_FILL_AREA(#15643);
#15643 = FILL_AREA_STYLE('',(#15644));
#15644 = FILL_AREA_STYLE_COLOUR('',#15616);
#15645 = STYLED_ITEM('color',(#15646),#5559);
#15646 = PRESENTATION_STYLE_ASSIGNMENT((#15647));
#15647 = SURFACE_STYLE_USAGE(.BOTH.,#15648);
#15648 = SURFACE_SIDE_STYLE('',(#15649));
#15649 = SURFACE_STYLE_FILL_AREA(#15650);
#15650 = FILL_AREA_STYLE('',(#15651));
#15651 = FILL_AREA_STYLE_COLOUR('',#15616);
#15652 = STYLED_ITEM('color',(#15653),#5583);
#15653 = PRESENTATION_STYLE_ASSIGNMENT((#15654));
#15654 = SURFACE_STYLE_USAGE(.BOTH.,#15655);
#15655 = SURFACE_SIDE_STYLE('',(#15656));
#15656 = SURFACE_STYLE_FILL_AREA(#15657);
#15657 = FILL_AREA_STYLE('',(#15658));
#15658 = FILL_AREA_STYLE_COLOUR('',#15616);
#15659 = STYLED_ITEM('color',(#15660),#5608);
#15660 = PRESENTATION_STYLE_ASSIGNMENT((#15661));
#15661 = SURFACE_STYLE_USAGE(.BOTH.,#15662);
#15662 = SURFACE_SIDE_STYLE('',(#15663));
#15663 = SURFACE_STYLE_FILL_AREA(#15664);
#15664 = FILL_AREA_STYLE('',(#15665));
#15665 = FILL_AREA_STYLE_COLOUR('',#15616);
#15666 = STYLED_ITEM('color',(#15667),#5625);
#15667 = PRESENTATION_STYLE_ASSIGNMENT((#15668));
#15668 = SURFACE_STYLE_USAGE(.BOTH.,#15669);
#15669 = SURFACE_SIDE_STYLE('',(#15670));
#15670 = SURFACE_STYLE_FILL_AREA(#15671);
#15671 = FILL_AREA_STYLE('',(#15672));
#15672 = FILL_AREA_STYLE_COLOUR('',#15336);
#15673 = STYLED_ITEM('color',(#15674),#5711);
#15674 = PRESENTATION_STYLE_ASSIGNMENT((#15675));
#15675 = SURFACE_STYLE_USAGE(.BOTH.,#15676);
#15676 = SURFACE_SIDE_STYLE('',(#15677));
#15677 = SURFACE_STYLE_FILL_AREA(#15678);
#15678 = FILL_AREA_STYLE('',(#15679));
#15679 = FILL_AREA_STYLE_COLOUR('',#15336);
#15680 = STYLED_ITEM('color',(#15681),#5742);
#15681 = PRESENTATION_STYLE_ASSIGNMENT((#15682));
#15682 = SURFACE_STYLE_USAGE(.BOTH.,#15683);
#15683 = SURFACE_SIDE_STYLE('',(#15684));
#15684 = SURFACE_STYLE_FILL_AREA(#15685);
#15685 = FILL_AREA_STYLE('',(#15686));
#15686 = FILL_AREA_STYLE_COLOUR('',#15336);
#15687 = STYLED_ITEM('color',(#15688),#5767);
#15688 = PRESENTATION_STYLE_ASSIGNMENT((#15689));
#15689 = SURFACE_STYLE_USAGE(.BOTH.,#15690);
#15690 = SURFACE_SIDE_STYLE('',(#15691));
#15691 = SURFACE_STYLE_FILL_AREA(#15692);
#15692 = FILL_AREA_STYLE('',(#15693));
#15693 = FILL_AREA_STYLE_COLOUR('',#15336);
#15694 = STYLED_ITEM('color',(#15695),#5792);
#15695 = PRESENTATION_STYLE_ASSIGNMENT((#15696));
#15696 = SURFACE_STYLE_USAGE(.BOTH.,#15697);
#15697 = SURFACE_SIDE_STYLE('',(#15698));
#15698 = SURFACE_STYLE_FILL_AREA(#15699);
#15699 = FILL_AREA_STYLE('',(#15700));
#15700 = FILL_AREA_STYLE_COLOUR('',#15336);
#15701 = STYLED_ITEM('color',(#15702),#5816);
#15702 = PRESENTATION_STYLE_ASSIGNMENT((#15703));
#15703 = SURFACE_STYLE_USAGE(.BOTH.,#15704);
#15704 = SURFACE_SIDE_STYLE('',(#15705));
#15705 = SURFACE_STYLE_FILL_AREA(#15706);
#15706 = FILL_AREA_STYLE('',(#15707));
#15707 = FILL_AREA_STYLE_COLOUR('',#15336);
#15708 = STYLED_ITEM('color',(#15709),#5840);
#15709 = PRESENTATION_STYLE_ASSIGNMENT((#15710));
#15710 = SURFACE_STYLE_USAGE(.BOTH.,#15711);
#15711 = SURFACE_SIDE_STYLE('',(#15712));
#15712 = SURFACE_STYLE_FILL_AREA(#15713);
#15713 = FILL_AREA_STYLE('',(#15714));
#15714 = FILL_AREA_STYLE_COLOUR('',#15336);
#15715 = STYLED_ITEM('color',(#15716),#5865);
#15716 = PRESENTATION_STYLE_ASSIGNMENT((#15717));
#15717 = SURFACE_STYLE_USAGE(.BOTH.,#15718);
#15718 = SURFACE_SIDE_STYLE('',(#15719));
#15719 = SURFACE_STYLE_FILL_AREA(#15720);
#15720 = FILL_AREA_STYLE('',(#15721));
#15721 = FILL_AREA_STYLE_COLOUR('',#15336);
#15722 = STYLED_ITEM('color',(#15723),#5890);
#15723 = PRESENTATION_STYLE_ASSIGNMENT((#15724));
#15724 = SURFACE_STYLE_USAGE(.BOTH.,#15725);
#15725 = SURFACE_SIDE_STYLE('',(#15726));
#15726 = SURFACE_STYLE_FILL_AREA(#15727);
#15727 = FILL_AREA_STYLE('',(#15728));
#15728 = FILL_AREA_STYLE_COLOUR('',#15336);
#15729 = STYLED_ITEM('color',(#15730),#5907);
#15730 = PRESENTATION_STYLE_ASSIGNMENT((#15731));
#15731 = SURFACE_STYLE_USAGE(.BOTH.,#15732);
#15732 = SURFACE_SIDE_STYLE('',(#15733));
#15733 = SURFACE_STYLE_FILL_AREA(#15734);
#15734 = FILL_AREA_STYLE('',(#15735));
#15735 = FILL_AREA_STYLE_COLOUR('',#15336);
#15736 = MECHANICAL_DESIGN_GEOMETRIC_PRESENTATION_REPRESENTATION('',(
    #15737),#5015);
#15737 = STYLED_ITEM('color',(#15738),#4820);
#15738 = PRESENTATION_STYLE_ASSIGNMENT((#15739,#15744));
#15739 = SURFACE_STYLE_USAGE(.BOTH.,#15740);
#15740 = SURFACE_SIDE_STYLE('',(#15741));
#15741 = SURFACE_STYLE_FILL_AREA(#15742);
#15742 = FILL_AREA_STYLE('',(#15743));
#15743 = FILL_AREA_STYLE_COLOUR('',#15535);
#15744 = CURVE_STYLE('',#15745,POSITIVE_LENGTH_MEASURE(0.1),#15535);
#15745 = DRAUGHTING_PRE_DEFINED_CURVE_FONT('continuous');
#15746 = MECHANICAL_DESIGN_GEOMETRIC_PRESENTATION_REPRESENTATION('',(
    #15747,#15755,#15762,#15769,#15776,#15783,#15791,#15798,#15805,
    #15812,#15819,#15826,#15833,#15840,#15847,#15854,#15861,#15868,
    #15875,#15882,#15889,#15896,#15903,#15910,#15917,#15924,#15931,
    #15938,#15945,#15952,#15959,#15966,#15973,#15980,#15987,#15994,
    #16001,#16008,#16015,#16022,#16029),#3718);
#15747 = STYLED_ITEM('color',(#15748),#2734);
#15748 = PRESENTATION_STYLE_ASSIGNMENT((#15749));
#15749 = SURFACE_STYLE_USAGE(.BOTH.,#15750);
#15750 = SURFACE_SIDE_STYLE('',(#15751));
#15751 = SURFACE_STYLE_FILL_AREA(#15752);
#15752 = FILL_AREA_STYLE('',(#15753));
#15753 = FILL_AREA_STYLE_COLOUR('',#15754);
#15754 = COLOUR_RGB('',0.199999998682,0.199999998682,0.199999998682);
#15755 = STYLED_ITEM('color',(#15756),#2785);
#15756 = PRESENTATION_STYLE_ASSIGNMENT((#15757));
#15757 = SURFACE_STYLE_USAGE(.BOTH.,#15758);
#15758 = SURFACE_SIDE_STYLE('',(#15759));
#15759 = SURFACE_STYLE_FILL_AREA(#15760);
#15760 = FILL_AREA_STYLE('',(#15761));
#15761 = FILL_AREA_STYLE_COLOUR('',#15754);
#15762 = STYLED_ITEM('color',(#15763),#2816);
#15763 = PRESENTATION_STYLE_ASSIGNMENT((#15764));
#15764 = SURFACE_STYLE_USAGE(.BOTH.,#15765);
#15765 = SURFACE_SIDE_STYLE('',(#15766));
#15766 = SURFACE_STYLE_FILL_AREA(#15767);
#15767 = FILL_AREA_STYLE('',(#15768));
#15768 = FILL_AREA_STYLE_COLOUR('',#15754);
#15769 = STYLED_ITEM('color',(#15770),#2840);
#15770 = PRESENTATION_STYLE_ASSIGNMENT((#15771));
#15771 = SURFACE_STYLE_USAGE(.BOTH.,#15772);
#15772 = SURFACE_SIDE_STYLE('',(#15773));
#15773 = SURFACE_STYLE_FILL_AREA(#15774);
#15774 = FILL_AREA_STYLE('',(#15775));
#15775 = FILL_AREA_STYLE_COLOUR('',#15754);
#15776 = STYLED_ITEM('color',(#15777),#2864);
#15777 = PRESENTATION_STYLE_ASSIGNMENT((#15778));
#15778 = SURFACE_STYLE_USAGE(.BOTH.,#15779);
#15779 = SURFACE_SIDE_STYLE('',(#15780));
#15780 = SURFACE_STYLE_FILL_AREA(#15781);
#15781 = FILL_AREA_STYLE('',(#15782));
#15782 = FILL_AREA_STYLE_COLOUR('',#15754);
#15783 = STYLED_ITEM('color',(#15784),#2881);
#15784 = PRESENTATION_STYLE_ASSIGNMENT((#15785));
#15785 = SURFACE_STYLE_USAGE(.BOTH.,#15786);
#15786 = SURFACE_SIDE_STYLE('',(#15787));
#15787 = SURFACE_STYLE_FILL_AREA(#15788);
#15788 = FILL_AREA_STYLE('',(#15789));
#15789 = FILL_AREA_STYLE_COLOUR('',#15790);
#15790 = COLOUR_RGB('',0.699999984889,0.699999984889,0.699999984889);
#15791 = STYLED_ITEM('color',(#15792),#2902);
#15792 = PRESENTATION_STYLE_ASSIGNMENT((#15793));
#15793 = SURFACE_STYLE_USAGE(.BOTH.,#15794);
#15794 = SURFACE_SIDE_STYLE('',(#15795));
#15795 = SURFACE_STYLE_FILL_AREA(#15796);
#15796 = FILL_AREA_STYLE('',(#15797));
#15797 = FILL_AREA_STYLE_COLOUR('',#15790);
#15798 = STYLED_ITEM('color',(#15799),#2923);
#15799 = PRESENTATION_STYLE_ASSIGNMENT((#15800));
#15800 = SURFACE_STYLE_USAGE(.BOTH.,#15801);
#15801 = SURFACE_SIDE_STYLE('',(#15802));
#15802 = SURFACE_STYLE_FILL_AREA(#15803);
#15803 = FILL_AREA_STYLE('',(#15804));
#15804 = FILL_AREA_STYLE_COLOUR('',#15790);
#15805 = STYLED_ITEM('color',(#15806),#2944);
#15806 = PRESENTATION_STYLE_ASSIGNMENT((#15807));
#15807 = SURFACE_STYLE_USAGE(.BOTH.,#15808);
#15808 = SURFACE_SIDE_STYLE('',(#15809));
#15809 = SURFACE_STYLE_FILL_AREA(#15810);
#15810 = FILL_AREA_STYLE('',(#15811));
#15811 = FILL_AREA_STYLE_COLOUR('',#15790);
#15812 = STYLED_ITEM('color',(#15813),#2965);
#15813 = PRESENTATION_STYLE_ASSIGNMENT((#15814));
#15814 = SURFACE_STYLE_USAGE(.BOTH.,#15815);
#15815 = SURFACE_SIDE_STYLE('',(#15816));
#15816 = SURFACE_STYLE_FILL_AREA(#15817);
#15817 = FILL_AREA_STYLE('',(#15818));
#15818 = FILL_AREA_STYLE_COLOUR('',#15790);
#15819 = STYLED_ITEM('color',(#15820),#2986);
#15820 = PRESENTATION_STYLE_ASSIGNMENT((#15821));
#15821 = SURFACE_STYLE_USAGE(.BOTH.,#15822);
#15822 = SURFACE_SIDE_STYLE('',(#15823));
#15823 = SURFACE_STYLE_FILL_AREA(#15824);
#15824 = FILL_AREA_STYLE('',(#15825));
#15825 = FILL_AREA_STYLE_COLOUR('',#15790);
#15826 = STYLED_ITEM('color',(#15827),#3007);
#15827 = PRESENTATION_STYLE_ASSIGNMENT((#15828));
#15828 = SURFACE_STYLE_USAGE(.BOTH.,#15829);
#15829 = SURFACE_SIDE_STYLE('',(#15830));
#15830 = SURFACE_STYLE_FILL_AREA(#15831);
#15831 = FILL_AREA_STYLE('',(#15832));
#15832 = FILL_AREA_STYLE_COLOUR('',#15790);
#15833 = STYLED_ITEM('color',(#15834),#3028);
#15834 = PRESENTATION_STYLE_ASSIGNMENT((#15835));
#15835 = SURFACE_STYLE_USAGE(.BOTH.,#15836);
#15836 = SURFACE_SIDE_STYLE('',(#15837));
#15837 = SURFACE_STYLE_FILL_AREA(#15838);
#15838 = FILL_AREA_STYLE('',(#15839));
#15839 = FILL_AREA_STYLE_COLOUR('',#15790);
#15840 = STYLED_ITEM('color',(#15841),#3049);
#15841 = PRESENTATION_STYLE_ASSIGNMENT((#15842));
#15842 = SURFACE_STYLE_USAGE(.BOTH.,#15843);
#15843 = SURFACE_SIDE_STYLE('',(#15844));
#15844 = SURFACE_STYLE_FILL_AREA(#15845);
#15845 = FILL_AREA_STYLE('',(#15846));
#15846 = FILL_AREA_STYLE_COLOUR('',#15790);
#15847 = STYLED_ITEM('color',(#15848),#3070);
#15848 = PRESENTATION_STYLE_ASSIGNMENT((#15849));
#15849 = SURFACE_STYLE_USAGE(.BOTH.,#15850);
#15850 = SURFACE_SIDE_STYLE('',(#15851));
#15851 = SURFACE_STYLE_FILL_AREA(#15852);
#15852 = FILL_AREA_STYLE('',(#15853));
#15853 = FILL_AREA_STYLE_COLOUR('',#15790);
#15854 = STYLED_ITEM('color',(#15855),#3091);
#15855 = PRESENTATION_STYLE_ASSIGNMENT((#15856));
#15856 = SURFACE_STYLE_USAGE(.BOTH.,#15857);
#15857 = SURFACE_SIDE_STYLE('',(#15858));
#15858 = SURFACE_STYLE_FILL_AREA(#15859);
#15859 = FILL_AREA_STYLE('',(#15860));
#15860 = FILL_AREA_STYLE_COLOUR('',#15790);
#15861 = STYLED_ITEM('color',(#15862),#3112);
#15862 = PRESENTATION_STYLE_ASSIGNMENT((#15863));
#15863 = SURFACE_STYLE_USAGE(.BOTH.,#15864);
#15864 = SURFACE_SIDE_STYLE('',(#15865));
#15865 = SURFACE_STYLE_FILL_AREA(#15866);
#15866 = FILL_AREA_STYLE('',(#15867));
#15867 = FILL_AREA_STYLE_COLOUR('',#15790);
#15868 = STYLED_ITEM('color',(#15869),#3133);
#15869 = PRESENTATION_STYLE_ASSIGNMENT((#15870));
#15870 = SURFACE_STYLE_USAGE(.BOTH.,#15871);
#15871 = SURFACE_SIDE_STYLE('',(#15872));
#15872 = SURFACE_STYLE_FILL_AREA(#15873);
#15873 = FILL_AREA_STYLE('',(#15874));
#15874 = FILL_AREA_STYLE_COLOUR('',#15790);
#15875 = STYLED_ITEM('color',(#15876),#3154);
#15876 = PRESENTATION_STYLE_ASSIGNMENT((#15877));
#15877 = SURFACE_STYLE_USAGE(.BOTH.,#15878);
#15878 = SURFACE_SIDE_STYLE('',(#15879));
#15879 = SURFACE_STYLE_FILL_AREA(#15880);
#15880 = FILL_AREA_STYLE('',(#15881));
#15881 = FILL_AREA_STYLE_COLOUR('',#15790);
#15882 = STYLED_ITEM('color',(#15883),#3175);
#15883 = PRESENTATION_STYLE_ASSIGNMENT((#15884));
#15884 = SURFACE_STYLE_USAGE(.BOTH.,#15885);
#15885 = SURFACE_SIDE_STYLE('',(#15886));
#15886 = SURFACE_STYLE_FILL_AREA(#15887);
#15887 = FILL_AREA_STYLE('',(#15888));
#15888 = FILL_AREA_STYLE_COLOUR('',#15790);
#15889 = STYLED_ITEM('color',(#15890),#3196);
#15890 = PRESENTATION_STYLE_ASSIGNMENT((#15891));
#15891 = SURFACE_STYLE_USAGE(.BOTH.,#15892);
#15892 = SURFACE_SIDE_STYLE('',(#15893));
#15893 = SURFACE_STYLE_FILL_AREA(#15894);
#15894 = FILL_AREA_STYLE('',(#15895));
#15895 = FILL_AREA_STYLE_COLOUR('',#15790);
#15896 = STYLED_ITEM('color',(#15897),#3217);
#15897 = PRESENTATION_STYLE_ASSIGNMENT((#15898));
#15898 = SURFACE_STYLE_USAGE(.BOTH.,#15899);
#15899 = SURFACE_SIDE_STYLE('',(#15900));
#15900 = SURFACE_STYLE_FILL_AREA(#15901);
#15901 = FILL_AREA_STYLE('',(#15902));
#15902 = FILL_AREA_STYLE_COLOUR('',#15790);
#15903 = STYLED_ITEM('color',(#15904),#3238);
#15904 = PRESENTATION_STYLE_ASSIGNMENT((#15905));
#15905 = SURFACE_STYLE_USAGE(.BOTH.,#15906);
#15906 = SURFACE_SIDE_STYLE('',(#15907));
#15907 = SURFACE_STYLE_FILL_AREA(#15908);
#15908 = FILL_AREA_STYLE('',(#15909));
#15909 = FILL_AREA_STYLE_COLOUR('',#15790);
#15910 = STYLED_ITEM('color',(#15911),#3259);
#15911 = PRESENTATION_STYLE_ASSIGNMENT((#15912));
#15912 = SURFACE_STYLE_USAGE(.BOTH.,#15913);
#15913 = SURFACE_SIDE_STYLE('',(#15914));
#15914 = SURFACE_STYLE_FILL_AREA(#15915);
#15915 = FILL_AREA_STYLE('',(#15916));
#15916 = FILL_AREA_STYLE_COLOUR('',#15790);
#15917 = STYLED_ITEM('color',(#15918),#3280);
#15918 = PRESENTATION_STYLE_ASSIGNMENT((#15919));
#15919 = SURFACE_STYLE_USAGE(.BOTH.,#15920);
#15920 = SURFACE_SIDE_STYLE('',(#15921));
#15921 = SURFACE_STYLE_FILL_AREA(#15922);
#15922 = FILL_AREA_STYLE('',(#15923));
#15923 = FILL_AREA_STYLE_COLOUR('',#15790);
#15924 = STYLED_ITEM('color',(#15925),#3301);
#15925 = PRESENTATION_STYLE_ASSIGNMENT((#15926));
#15926 = SURFACE_STYLE_USAGE(.BOTH.,#15927);
#15927 = SURFACE_SIDE_STYLE('',(#15928));
#15928 = SURFACE_STYLE_FILL_AREA(#15929);
#15929 = FILL_AREA_STYLE('',(#15930));
#15930 = FILL_AREA_STYLE_COLOUR('',#15790);
#15931 = STYLED_ITEM('color',(#15932),#3322);
#15932 = PRESENTATION_STYLE_ASSIGNMENT((#15933));
#15933 = SURFACE_STYLE_USAGE(.BOTH.,#15934);
#15934 = SURFACE_SIDE_STYLE('',(#15935));
#15935 = SURFACE_STYLE_FILL_AREA(#15936);
#15936 = FILL_AREA_STYLE('',(#15937));
#15937 = FILL_AREA_STYLE_COLOUR('',#15790);
#15938 = STYLED_ITEM('color',(#15939),#3343);
#15939 = PRESENTATION_STYLE_ASSIGNMENT((#15940));
#15940 = SURFACE_STYLE_USAGE(.BOTH.,#15941);
#15941 = SURFACE_SIDE_STYLE('',(#15942));
#15942 = SURFACE_STYLE_FILL_AREA(#15943);
#15943 = FILL_AREA_STYLE('',(#15944));
#15944 = FILL_AREA_STYLE_COLOUR('',#15790);
#15945 = STYLED_ITEM('color',(#15946),#3364);
#15946 = PRESENTATION_STYLE_ASSIGNMENT((#15947));
#15947 = SURFACE_STYLE_USAGE(.BOTH.,#15948);
#15948 = SURFACE_SIDE_STYLE('',(#15949));
#15949 = SURFACE_STYLE_FILL_AREA(#15950);
#15950 = FILL_AREA_STYLE('',(#15951));
#15951 = FILL_AREA_STYLE_COLOUR('',#15790);
#15952 = STYLED_ITEM('color',(#15953),#3385);
#15953 = PRESENTATION_STYLE_ASSIGNMENT((#15954));
#15954 = SURFACE_STYLE_USAGE(.BOTH.,#15955);
#15955 = SURFACE_SIDE_STYLE('',(#15956));
#15956 = SURFACE_STYLE_FILL_AREA(#15957);
#15957 = FILL_AREA_STYLE('',(#15958));
#15958 = FILL_AREA_STYLE_COLOUR('',#15790);
#15959 = STYLED_ITEM('color',(#15960),#3406);
#15960 = PRESENTATION_STYLE_ASSIGNMENT((#15961));
#15961 = SURFACE_STYLE_USAGE(.BOTH.,#15962);
#15962 = SURFACE_SIDE_STYLE('',(#15963));
#15963 = SURFACE_STYLE_FILL_AREA(#15964);
#15964 = FILL_AREA_STYLE('',(#15965));
#15965 = FILL_AREA_STYLE_COLOUR('',#15790);
#15966 = STYLED_ITEM('color',(#15967),#3427);
#15967 = PRESENTATION_STYLE_ASSIGNMENT((#15968));
#15968 = SURFACE_STYLE_USAGE(.BOTH.,#15969);
#15969 = SURFACE_SIDE_STYLE('',(#15970));
#15970 = SURFACE_STYLE_FILL_AREA(#15971);
#15971 = FILL_AREA_STYLE('',(#15972));
#15972 = FILL_AREA_STYLE_COLOUR('',#15790);
#15973 = STYLED_ITEM('color',(#15974),#3448);
#15974 = PRESENTATION_STYLE_ASSIGNMENT((#15975));
#15975 = SURFACE_STYLE_USAGE(.BOTH.,#15976);
#15976 = SURFACE_SIDE_STYLE('',(#15977));
#15977 = SURFACE_STYLE_FILL_AREA(#15978);
#15978 = FILL_AREA_STYLE('',(#15979));
#15979 = FILL_AREA_STYLE_COLOUR('',#15790);
#15980 = STYLED_ITEM('color',(#15981),#3469);
#15981 = PRESENTATION_STYLE_ASSIGNMENT((#15982));
#15982 = SURFACE_STYLE_USAGE(.BOTH.,#15983);
#15983 = SURFACE_SIDE_STYLE('',(#15984));
#15984 = SURFACE_STYLE_FILL_AREA(#15985);
#15985 = FILL_AREA_STYLE('',(#15986));
#15986 = FILL_AREA_STYLE_COLOUR('',#15790);
#15987 = STYLED_ITEM('color',(#15988),#3490);
#15988 = PRESENTATION_STYLE_ASSIGNMENT((#15989));
#15989 = SURFACE_STYLE_USAGE(.BOTH.,#15990);
#15990 = SURFACE_SIDE_STYLE('',(#15991));
#15991 = SURFACE_STYLE_FILL_AREA(#15992);
#15992 = FILL_AREA_STYLE('',(#15993));
#15993 = FILL_AREA_STYLE_COLOUR('',#15790);
#15994 = STYLED_ITEM('color',(#15995),#3511);
#15995 = PRESENTATION_STYLE_ASSIGNMENT((#15996));
#15996 = SURFACE_STYLE_USAGE(.BOTH.,#15997);
#15997 = SURFACE_SIDE_STYLE('',(#15998));
#15998 = SURFACE_STYLE_FILL_AREA(#15999);
#15999 = FILL_AREA_STYLE('',(#16000));
#16000 = FILL_AREA_STYLE_COLOUR('',#15790);
#16001 = STYLED_ITEM('color',(#16002),#3532);
#16002 = PRESENTATION_STYLE_ASSIGNMENT((#16003));
#16003 = SURFACE_STYLE_USAGE(.BOTH.,#16004);
#16004 = SURFACE_SIDE_STYLE('',(#16005));
#16005 = SURFACE_STYLE_FILL_AREA(#16006);
#16006 = FILL_AREA_STYLE('',(#16007));
#16007 = FILL_AREA_STYLE_COLOUR('',#15790);
#16008 = STYLED_ITEM('color',(#16009),#3553);
#16009 = PRESENTATION_STYLE_ASSIGNMENT((#16010));
#16010 = SURFACE_STYLE_USAGE(.BOTH.,#16011);
#16011 = SURFACE_SIDE_STYLE('',(#16012));
#16012 = SURFACE_STYLE_FILL_AREA(#16013);
#16013 = FILL_AREA_STYLE('',(#16014));
#16014 = FILL_AREA_STYLE_COLOUR('',#15754);
#16015 = STYLED_ITEM('color',(#16016),#3672);
#16016 = PRESENTATION_STYLE_ASSIGNMENT((#16017));
#16017 = SURFACE_STYLE_USAGE(.BOTH.,#16018);
#16018 = SURFACE_SIDE_STYLE('',(#16019));
#16019 = SURFACE_STYLE_FILL_AREA(#16020);
#16020 = FILL_AREA_STYLE('',(#16021));
#16021 = FILL_AREA_STYLE_COLOUR('',#15790);
#16022 = STYLED_ITEM('color',(#16023),#3685);
#16023 = PRESENTATION_STYLE_ASSIGNMENT((#16024));
#16024 = SURFACE_STYLE_USAGE(.BOTH.,#16025);
#16025 = SURFACE_SIDE_STYLE('',(#16026));
#16026 = SURFACE_STYLE_FILL_AREA(#16027);
#16027 = FILL_AREA_STYLE('',(#16028));
#16028 = FILL_AREA_STYLE_COLOUR('',#15754);
#16029 = STYLED_ITEM('color',(#16030),#3709);
#16030 = PRESENTATION_STYLE_ASSIGNMENT((#16031));
#16031 = SURFACE_STYLE_USAGE(.BOTH.,#16032);
#16032 = SURFACE_SIDE_STYLE('',(#16033));
#16033 = SURFACE_STYLE_FILL_AREA(#16034);
#16034 = FILL_AREA_STYLE('',(#16035));
#16035 = FILL_AREA_STYLE_COLOUR('',#15754);
#16036 = MECHANICAL_DESIGN_GEOMETRIC_PRESENTATION_REPRESENTATION('',(
    #16037,#16044,#16051,#16058,#16065,#16072,#16079,#16086,#16093,
    #16100,#16107,#16114,#16121,#16128,#16135,#16142,#16149,#16156,
    #16163,#16170,#16177,#16184,#16191,#16198,#16205,#16212,#16219,
    #16226),#6806);
#16037 = STYLED_ITEM('color',(#16038),#5954);
#16038 = PRESENTATION_STYLE_ASSIGNMENT((#16039));
#16039 = SURFACE_STYLE_USAGE(.BOTH.,#16040);
#16040 = SURFACE_SIDE_STYLE('',(#16041));
#16041 = SURFACE_STYLE_FILL_AREA(#16042);
#16042 = FILL_AREA_STYLE('',(#16043));
#16043 = FILL_AREA_STYLE_COLOUR('',#15336);
#16044 = STYLED_ITEM('color',(#16045),#6030);
#16045 = PRESENTATION_STYLE_ASSIGNMENT((#16046));
#16046 = SURFACE_STYLE_USAGE(.BOTH.,#16047);
#16047 = SURFACE_SIDE_STYLE('',(#16048));
#16048 = SURFACE_STYLE_FILL_AREA(#16049);
#16049 = FILL_AREA_STYLE('',(#16050));
#16050 = FILL_AREA_STYLE_COLOUR('',#15336);
#16051 = STYLED_ITEM('color',(#16052),#6061);
#16052 = PRESENTATION_STYLE_ASSIGNMENT((#16053));
#16053 = SURFACE_STYLE_USAGE(.BOTH.,#16054);
#16054 = SURFACE_SIDE_STYLE('',(#16055));
#16055 = SURFACE_STYLE_FILL_AREA(#16056);
#16056 = FILL_AREA_STYLE('',(#16057));
#16057 = FILL_AREA_STYLE_COLOUR('',#15336);
#16058 = STYLED_ITEM('color',(#16059),#6086);
#16059 = PRESENTATION_STYLE_ASSIGNMENT((#16060));
#16060 = SURFACE_STYLE_USAGE(.BOTH.,#16061);
#16061 = SURFACE_SIDE_STYLE('',(#16062));
#16062 = SURFACE_STYLE_FILL_AREA(#16063);
#16063 = FILL_AREA_STYLE('',(#16064));
#16064 = FILL_AREA_STYLE_COLOUR('',#15336);
#16065 = STYLED_ITEM('color',(#16066),#6111);
#16066 = PRESENTATION_STYLE_ASSIGNMENT((#16067));
#16067 = SURFACE_STYLE_USAGE(.BOTH.,#16068);
#16068 = SURFACE_SIDE_STYLE('',(#16069));
#16069 = SURFACE_STYLE_FILL_AREA(#16070);
#16070 = FILL_AREA_STYLE('',(#16071));
#16071 = FILL_AREA_STYLE_COLOUR('',#15336);
#16072 = STYLED_ITEM('color',(#16073),#6135);
#16073 = PRESENTATION_STYLE_ASSIGNMENT((#16074));
#16074 = SURFACE_STYLE_USAGE(.BOTH.,#16075);
#16075 = SURFACE_SIDE_STYLE('',(#16076));
#16076 = SURFACE_STYLE_FILL_AREA(#16077);
#16077 = FILL_AREA_STYLE('',(#16078));
#16078 = FILL_AREA_STYLE_COLOUR('',#15336);
#16079 = STYLED_ITEM('color',(#16080),#6159);
#16080 = PRESENTATION_STYLE_ASSIGNMENT((#16081));
#16081 = SURFACE_STYLE_USAGE(.BOTH.,#16082);
#16082 = SURFACE_SIDE_STYLE('',(#16083));
#16083 = SURFACE_STYLE_FILL_AREA(#16084);
#16084 = FILL_AREA_STYLE('',(#16085));
#16085 = FILL_AREA_STYLE_COLOUR('',#15336);
#16086 = STYLED_ITEM('color',(#16087),#6184);
#16087 = PRESENTATION_STYLE_ASSIGNMENT((#16088));
#16088 = SURFACE_STYLE_USAGE(.BOTH.,#16089);
#16089 = SURFACE_SIDE_STYLE('',(#16090));
#16090 = SURFACE_STYLE_FILL_AREA(#16091);
#16091 = FILL_AREA_STYLE('',(#16092));
#16092 = FILL_AREA_STYLE_COLOUR('',#15336);
#16093 = STYLED_ITEM('color',(#16094),#6209);
#16094 = PRESENTATION_STYLE_ASSIGNMENT((#16095));
#16095 = SURFACE_STYLE_USAGE(.BOTH.,#16096);
#16096 = SURFACE_SIDE_STYLE('',(#16097));
#16097 = SURFACE_STYLE_FILL_AREA(#16098);
#16098 = FILL_AREA_STYLE('',(#16099));
#16099 = FILL_AREA_STYLE_COLOUR('',#15336);
#16100 = STYLED_ITEM('color',(#16101),#6226);
#16101 = PRESENTATION_STYLE_ASSIGNMENT((#16102));
#16102 = SURFACE_STYLE_USAGE(.BOTH.,#16103);
#16103 = SURFACE_SIDE_STYLE('',(#16104));
#16104 = SURFACE_STYLE_FILL_AREA(#16105);
#16105 = FILL_AREA_STYLE('',(#16106));
#16106 = FILL_AREA_STYLE_COLOUR('',#15336);
#16107 = STYLED_ITEM('color',(#16108),#6312);
#16108 = PRESENTATION_STYLE_ASSIGNMENT((#16109));
#16109 = SURFACE_STYLE_USAGE(.BOTH.,#16110);
#16110 = SURFACE_SIDE_STYLE('',(#16111));
#16111 = SURFACE_STYLE_FILL_AREA(#16112);
#16112 = FILL_AREA_STYLE('',(#16113));
#16113 = FILL_AREA_STYLE_COLOUR('',#15407);
#16114 = STYLED_ITEM('color',(#16115),#6344);
#16115 = PRESENTATION_STYLE_ASSIGNMENT((#16116));
#16116 = SURFACE_STYLE_USAGE(.BOTH.,#16117);
#16117 = SURFACE_SIDE_STYLE('',(#16118));
#16118 = SURFACE_STYLE_FILL_AREA(#16119);
#16119 = FILL_AREA_STYLE('',(#16120));
#16120 = FILL_AREA_STYLE_COLOUR('',#15407);
#16121 = STYLED_ITEM('color',(#16122),#6368);
#16122 = PRESENTATION_STYLE_ASSIGNMENT((#16123));
#16123 = SURFACE_STYLE_USAGE(.BOTH.,#16124);
#16124 = SURFACE_SIDE_STYLE('',(#16125));
#16125 = SURFACE_STYLE_FILL_AREA(#16126);
#16126 = FILL_AREA_STYLE('',(#16127));
#16127 = FILL_AREA_STYLE_COLOUR('',#15407);
#16128 = STYLED_ITEM('color',(#16129),#6393);
#16129 = PRESENTATION_STYLE_ASSIGNMENT((#16130));
#16130 = SURFACE_STYLE_USAGE(.BOTH.,#16131);
#16131 = SURFACE_SIDE_STYLE('',(#16132));
#16132 = SURFACE_STYLE_FILL_AREA(#16133);
#16133 = FILL_AREA_STYLE('',(#16134));
#16134 = FILL_AREA_STYLE_COLOUR('',#15407);
#16135 = STYLED_ITEM('color',(#16136),#6417);
#16136 = PRESENTATION_STYLE_ASSIGNMENT((#16137));
#16137 = SURFACE_STYLE_USAGE(.BOTH.,#16138);
#16138 = SURFACE_SIDE_STYLE('',(#16139));
#16139 = SURFACE_STYLE_FILL_AREA(#16140);
#16140 = FILL_AREA_STYLE('',(#16141));
#16141 = FILL_AREA_STYLE_COLOUR('',#15407);
#16142 = STYLED_ITEM('color',(#16143),#6442);
#16143 = PRESENTATION_STYLE_ASSIGNMENT((#16144));
#16144 = SURFACE_STYLE_USAGE(.BOTH.,#16145);
#16145 = SURFACE_SIDE_STYLE('',(#16146));
#16146 = SURFACE_STYLE_FILL_AREA(#16147);
#16147 = FILL_AREA_STYLE('',(#16148));
#16148 = FILL_AREA_STYLE_COLOUR('',#15407);
#16149 = STYLED_ITEM('color',(#16150),#6466);
#16150 = PRESENTATION_STYLE_ASSIGNMENT((#16151));
#16151 = SURFACE_STYLE_USAGE(.BOTH.,#16152);
#16152 = SURFACE_SIDE_STYLE('',(#16153));
#16153 = SURFACE_STYLE_FILL_AREA(#16154);
#16154 = FILL_AREA_STYLE('',(#16155));
#16155 = FILL_AREA_STYLE_COLOUR('',#15407);
#16156 = STYLED_ITEM('color',(#16157),#6491);
#16157 = PRESENTATION_STYLE_ASSIGNMENT((#16158));
#16158 = SURFACE_STYLE_USAGE(.BOTH.,#16159);
#16159 = SURFACE_SIDE_STYLE('',(#16160));
#16160 = SURFACE_STYLE_FILL_AREA(#16161);
#16161 = FILL_AREA_STYLE('',(#16162));
#16162 = FILL_AREA_STYLE_COLOUR('',#15407);
#16163 = STYLED_ITEM('color',(#16164),#6508);
#16164 = PRESENTATION_STYLE_ASSIGNMENT((#16165));
#16165 = SURFACE_STYLE_USAGE(.BOTH.,#16166);
#16166 = SURFACE_SIDE_STYLE('',(#16167));
#16167 = SURFACE_STYLE_FILL_AREA(#16168);
#16168 = FILL_AREA_STYLE('',(#16169));
#16169 = FILL_AREA_STYLE_COLOUR('',#15336);
#16170 = STYLED_ITEM('color',(#16171),#6594);
#16171 = PRESENTATION_STYLE_ASSIGNMENT((#16172));
#16172 = SURFACE_STYLE_USAGE(.BOTH.,#16173);
#16173 = SURFACE_SIDE_STYLE('',(#16174));
#16174 = SURFACE_STYLE_FILL_AREA(#16175);
#16175 = FILL_AREA_STYLE('',(#16176));
#16176 = FILL_AREA_STYLE_COLOUR('',#15336);
#16177 = STYLED_ITEM('color',(#16178),#6625);
#16178 = PRESENTATION_STYLE_ASSIGNMENT((#16179));
#16179 = SURFACE_STYLE_USAGE(.BOTH.,#16180);
#16180 = SURFACE_SIDE_STYLE('',(#16181));
#16181 = SURFACE_STYLE_FILL_AREA(#16182);
#16182 = FILL_AREA_STYLE('',(#16183));
#16183 = FILL_AREA_STYLE_COLOUR('',#15336);
#16184 = STYLED_ITEM('color',(#16185),#6650);
#16185 = PRESENTATION_STYLE_ASSIGNMENT((#16186));
#16186 = SURFACE_STYLE_USAGE(.BOTH.,#16187);
#16187 = SURFACE_SIDE_STYLE('',(#16188));
#16188 = SURFACE_STYLE_FILL_AREA(#16189);
#16189 = FILL_AREA_STYLE('',(#16190));
#16190 = FILL_AREA_STYLE_COLOUR('',#15336);
#16191 = STYLED_ITEM('color',(#16192),#6675);
#16192 = PRESENTATION_STYLE_ASSIGNMENT((#16193));
#16193 = SURFACE_STYLE_USAGE(.BOTH.,#16194);
#16194 = SURFACE_SIDE_STYLE('',(#16195));
#16195 = SURFACE_STYLE_FILL_AREA(#16196);
#16196 = FILL_AREA_STYLE('',(#16197));
#16197 = FILL_AREA_STYLE_COLOUR('',#15336);
#16198 = STYLED_ITEM('color',(#16199),#6699);
#16199 = PRESENTATION_STYLE_ASSIGNMENT((#16200));
#16200 = SURFACE_STYLE_USAGE(.BOTH.,#16201);
#16201 = SURFACE_SIDE_STYLE('',(#16202));
#16202 = SURFACE_STYLE_FILL_AREA(#16203);
#16203 = FILL_AREA_STYLE('',(#16204));
#16204 = FILL_AREA_STYLE_COLOUR('',#15336);
#16205 = STYLED_ITEM('color',(#16206),#6723);
#16206 = PRESENTATION_STYLE_ASSIGNMENT((#16207));
#16207 = SURFACE_STYLE_USAGE(.BOTH.,#16208);
#16208 = SURFACE_SIDE_STYLE('',(#16209));
#16209 = SURFACE_STYLE_FILL_AREA(#16210);
#16210 = FILL_AREA_STYLE('',(#16211));
#16211 = FILL_AREA_STYLE_COLOUR('',#15336);
#16212 = STYLED_ITEM('color',(#16213),#6748);
#16213 = PRESENTATION_STYLE_ASSIGNMENT((#16214));
#16214 = SURFACE_STYLE_USAGE(.BOTH.,#16215);
#16215 = SURFACE_SIDE_STYLE('',(#16216));
#16216 = SURFACE_STYLE_FILL_AREA(#16217);
#16217 = FILL_AREA_STYLE('',(#16218));
#16218 = FILL_AREA_STYLE_COLOUR('',#15336);
#16219 = STYLED_ITEM('color',(#16220),#6773);
#16220 = PRESENTATION_STYLE_ASSIGNMENT((#16221));
#16221 = SURFACE_STYLE_USAGE(.BOTH.,#16222);
#16222 = SURFACE_SIDE_STYLE('',(#16223));
#16223 = SURFACE_STYLE_FILL_AREA(#16224);
#16224 = FILL_AREA_STYLE('',(#16225));
#16225 = FILL_AREA_STYLE_COLOUR('',#15336);
#16226 = STYLED_ITEM('color',(#16227),#6790);
#16227 = PRESENTATION_STYLE_ASSIGNMENT((#16228));
#16228 = SURFACE_STYLE_USAGE(.BOTH.,#16229);
#16229 = SURFACE_SIDE_STYLE('',(#16230));
#16230 = SURFACE_STYLE_FILL_AREA(#16231);
#16231 = FILL_AREA_STYLE('',(#16232));
#16232 = FILL_AREA_STYLE_COLOUR('',#15336);
#16233 = MECHANICAL_DESIGN_GEOMETRIC_PRESENTATION_REPRESENTATION('',(
    #16234,#16244,#16253,#16262,#16271,#16280,#16289,#16298,#16307,
    #16316,#16325,#16334,#16343,#16352,#16361,#16370,#16379,#16388,
    #16397,#16406,#16415,#16424,#16433,#16442,#16451,#16460,#16469,
    #16478,#16487,#16496),#1449);
#16234 = STYLED_ITEM('color',(#16235),#1089);
#16235 = PRESENTATION_STYLE_ASSIGNMENT((#16236,#16242));
#16236 = SURFACE_STYLE_USAGE(.BOTH.,#16237);
#16237 = SURFACE_SIDE_STYLE('',(#16238));
#16238 = SURFACE_STYLE_FILL_AREA(#16239);
#16239 = FILL_AREA_STYLE('',(#16240));
#16240 = FILL_AREA_STYLE_COLOUR('',#16241);
#16241 = COLOUR_RGB('',0.734000028196,0.773000013638,0.796999989372);
#16242 = CURVE_STYLE('',#16243,POSITIVE_LENGTH_MEASURE(0.1),#16241);
#16243 = DRAUGHTING_PRE_DEFINED_CURVE_FONT('continuous');
#16244 = STYLED_ITEM('color',(#16245),#1101);
#16245 = PRESENTATION_STYLE_ASSIGNMENT((#16246,#16251));
#16246 = SURFACE_STYLE_USAGE(.BOTH.,#16247);
#16247 = SURFACE_SIDE_STYLE('',(#16248));
#16248 = SURFACE_STYLE_FILL_AREA(#16249);
#16249 = FILL_AREA_STYLE('',(#16250));
#16250 = FILL_AREA_STYLE_COLOUR('',#16241);
#16251 = CURVE_STYLE('',#16252,POSITIVE_LENGTH_MEASURE(0.1),#16241);
#16252 = DRAUGHTING_PRE_DEFINED_CURVE_FONT('continuous');
#16253 = STYLED_ITEM('color',(#16254),#1113);
#16254 = PRESENTATION_STYLE_ASSIGNMENT((#16255,#16260));
#16255 = SURFACE_STYLE_USAGE(.BOTH.,#16256);
#16256 = SURFACE_SIDE_STYLE('',(#16257));
#16257 = SURFACE_STYLE_FILL_AREA(#16258);
#16258 = FILL_AREA_STYLE('',(#16259));
#16259 = FILL_AREA_STYLE_COLOUR('',#16241);
#16260 = CURVE_STYLE('',#16261,POSITIVE_LENGTH_MEASURE(0.1),#16241);
#16261 = DRAUGHTING_PRE_DEFINED_CURVE_FONT('continuous');
#16262 = STYLED_ITEM('color',(#16263),#1125);
#16263 = PRESENTATION_STYLE_ASSIGNMENT((#16264,#16269));
#16264 = SURFACE_STYLE_USAGE(.BOTH.,#16265);
#16265 = SURFACE_SIDE_STYLE('',(#16266));
#16266 = SURFACE_STYLE_FILL_AREA(#16267);
#16267 = FILL_AREA_STYLE('',(#16268));
#16268 = FILL_AREA_STYLE_COLOUR('',#16241);
#16269 = CURVE_STYLE('',#16270,POSITIVE_LENGTH_MEASURE(0.1),#16241);
#16270 = DRAUGHTING_PRE_DEFINED_CURVE_FONT('continuous');
#16271 = STYLED_ITEM('color',(#16272),#1137);
#16272 = PRESENTATION_STYLE_ASSIGNMENT((#16273,#16278));
#16273 = SURFACE_STYLE_USAGE(.BOTH.,#16274);
#16274 = SURFACE_SIDE_STYLE('',(#16275));
#16275 = SURFACE_STYLE_FILL_AREA(#16276);
#16276 = FILL_AREA_STYLE('',(#16277));
#16277 = FILL_AREA_STYLE_COLOUR('',#16241);
#16278 = CURVE_STYLE('',#16279,POSITIVE_LENGTH_MEASURE(0.1),#16241);
#16279 = DRAUGHTING_PRE_DEFINED_CURVE_FONT('continuous');
#16280 = STYLED_ITEM('color',(#16281),#1149);
#16281 = PRESENTATION_STYLE_ASSIGNMENT((#16282,#16287));
#16282 = SURFACE_STYLE_USAGE(.BOTH.,#16283);
#16283 = SURFACE_SIDE_STYLE('',(#16284));
#16284 = SURFACE_STYLE_FILL_AREA(#16285);
#16285 = FILL_AREA_STYLE('',(#16286));
#16286 = FILL_AREA_STYLE_COLOUR('',#16241);
#16287 = CURVE_STYLE('',#16288,POSITIVE_LENGTH_MEASURE(0.1),#16241);
#16288 = DRAUGHTING_PRE_DEFINED_CURVE_FONT('continuous');
#16289 = STYLED_ITEM('color',(#16290),#1161);
#16290 = PRESENTATION_STYLE_ASSIGNMENT((#16291,#16296));
#16291 = SURFACE_STYLE_USAGE(.BOTH.,#16292);
#16292 = SURFACE_SIDE_STYLE('',(#16293));
#16293 = SURFACE_STYLE_FILL_AREA(#16294);
#16294 = FILL_AREA_STYLE('',(#16295));
#16295 = FILL_AREA_STYLE_COLOUR('',#16241);
#16296 = CURVE_STYLE('',#16297,POSITIVE_LENGTH_MEASURE(0.1),#16241);
#16297 = DRAUGHTING_PRE_DEFINED_CURVE_FONT('continuous');
#16298 = STYLED_ITEM('color',(#16299),#1173);
#16299 = PRESENTATION_STYLE_ASSIGNMENT((#16300,#16305));
#16300 = SURFACE_STYLE_USAGE(.BOTH.,#16301);
#16301 = SURFACE_SIDE_STYLE('',(#16302));
#16302 = SURFACE_STYLE_FILL_AREA(#16303);
#16303 = FILL_AREA_STYLE('',(#16304));
#16304 = FILL_AREA_STYLE_COLOUR('',#16241);
#16305 = CURVE_STYLE('',#16306,POSITIVE_LENGTH_MEASURE(0.1),#16241);
#16306 = DRAUGHTING_PRE_DEFINED_CURVE_FONT('continuous');
#16307 = STYLED_ITEM('color',(#16308),#1185);
#16308 = PRESENTATION_STYLE_ASSIGNMENT((#16309,#16314));
#16309 = SURFACE_STYLE_USAGE(.BOTH.,#16310);
#16310 = SURFACE_SIDE_STYLE('',(#16311));
#16311 = SURFACE_STYLE_FILL_AREA(#16312);
#16312 = FILL_AREA_STYLE('',(#16313));
#16313 = FILL_AREA_STYLE_COLOUR('',#16241);
#16314 = CURVE_STYLE('',#16315,POSITIVE_LENGTH_MEASURE(0.1),#16241);
#16315 = DRAUGHTING_PRE_DEFINED_CURVE_FONT('continuous');
#16316 = STYLED_ITEM('color',(#16317),#1197);
#16317 = PRESENTATION_STYLE_ASSIGNMENT((#16318,#16323));
#16318 = SURFACE_STYLE_USAGE(.BOTH.,#16319);
#16319 = SURFACE_SIDE_STYLE('',(#16320));
#16320 = SURFACE_STYLE_FILL_AREA(#16321);
#16321 = FILL_AREA_STYLE('',(#16322));
#16322 = FILL_AREA_STYLE_COLOUR('',#16241);
#16323 = CURVE_STYLE('',#16324,POSITIVE_LENGTH_MEASURE(0.1),#16241);
#16324 = DRAUGHTING_PRE_DEFINED_CURVE_FONT('continuous');
#16325 = STYLED_ITEM('color',(#16326),#1209);
#16326 = PRESENTATION_STYLE_ASSIGNMENT((#16327,#16332));
#16327 = SURFACE_STYLE_USAGE(.BOTH.,#16328);
#16328 = SURFACE_SIDE_STYLE('',(#16329));
#16329 = SURFACE_STYLE_FILL_AREA(#16330);
#16330 = FILL_AREA_STYLE('',(#16331));
#16331 = FILL_AREA_STYLE_COLOUR('',#16241);
#16332 = CURVE_STYLE('',#16333,POSITIVE_LENGTH_MEASURE(0.1),#16241);
#16333 = DRAUGHTING_PRE_DEFINED_CURVE_FONT('continuous');
#16334 = STYLED_ITEM('color',(#16335),#1221);
#16335 = PRESENTATION_STYLE_ASSIGNMENT((#16336,#16341));
#16336 = SURFACE_STYLE_USAGE(.BOTH.,#16337);
#16337 = SURFACE_SIDE_STYLE('',(#16338));
#16338 = SURFACE_STYLE_FILL_AREA(#16339);
#16339 = FILL_AREA_STYLE('',(#16340));
#16340 = FILL_AREA_STYLE_COLOUR('',#16241);
#16341 = CURVE_STYLE('',#16342,POSITIVE_LENGTH_MEASURE(0.1),#16241);
#16342 = DRAUGHTING_PRE_DEFINED_CURVE_FONT('continuous');
#16343 = STYLED_ITEM('color',(#16344),#1233);
#16344 = PRESENTATION_STYLE_ASSIGNMENT((#16345,#16350));
#16345 = SURFACE_STYLE_USAGE(.BOTH.,#16346);
#16346 = SURFACE_SIDE_STYLE('',(#16347));
#16347 = SURFACE_STYLE_FILL_AREA(#16348);
#16348 = FILL_AREA_STYLE('',(#16349));
#16349 = FILL_AREA_STYLE_COLOUR('',#16241);
#16350 = CURVE_STYLE('',#16351,POSITIVE_LENGTH_MEASURE(0.1),#16241);
#16351 = DRAUGHTING_PRE_DEFINED_CURVE_FONT('continuous');
#16352 = STYLED_ITEM('color',(#16353),#1245);
#16353 = PRESENTATION_STYLE_ASSIGNMENT((#16354,#16359));
#16354 = SURFACE_STYLE_USAGE(.BOTH.,#16355);
#16355 = SURFACE_SIDE_STYLE('',(#16356));
#16356 = SURFACE_STYLE_FILL_AREA(#16357);
#16357 = FILL_AREA_STYLE('',(#16358));
#16358 = FILL_AREA_STYLE_COLOUR('',#16241);
#16359 = CURVE_STYLE('',#16360,POSITIVE_LENGTH_MEASURE(0.1),#16241);
#16360 = DRAUGHTING_PRE_DEFINED_CURVE_FONT('continuous');
#16361 = STYLED_ITEM('color',(#16362),#1257);
#16362 = PRESENTATION_STYLE_ASSIGNMENT((#16363,#16368));
#16363 = SURFACE_STYLE_USAGE(.BOTH.,#16364);
#16364 = SURFACE_SIDE_STYLE('',(#16365));
#16365 = SURFACE_STYLE_FILL_AREA(#16366);
#16366 = FILL_AREA_STYLE('',(#16367));
#16367 = FILL_AREA_STYLE_COLOUR('',#16241);
#16368 = CURVE_STYLE('',#16369,POSITIVE_LENGTH_MEASURE(0.1),#16241);
#16369 = DRAUGHTING_PRE_DEFINED_CURVE_FONT('continuous');
#16370 = STYLED_ITEM('color',(#16371),#1269);
#16371 = PRESENTATION_STYLE_ASSIGNMENT((#16372,#16377));
#16372 = SURFACE_STYLE_USAGE(.BOTH.,#16373);
#16373 = SURFACE_SIDE_STYLE('',(#16374));
#16374 = SURFACE_STYLE_FILL_AREA(#16375);
#16375 = FILL_AREA_STYLE('',(#16376));
#16376 = FILL_AREA_STYLE_COLOUR('',#16241);
#16377 = CURVE_STYLE('',#16378,POSITIVE_LENGTH_MEASURE(0.1),#16241);
#16378 = DRAUGHTING_PRE_DEFINED_CURVE_FONT('continuous');
#16379 = STYLED_ITEM('color',(#16380),#1281);
#16380 = PRESENTATION_STYLE_ASSIGNMENT((#16381,#16386));
#16381 = SURFACE_STYLE_USAGE(.BOTH.,#16382);
#16382 = SURFACE_SIDE_STYLE('',(#16383));
#16383 = SURFACE_STYLE_FILL_AREA(#16384);
#16384 = FILL_AREA_STYLE('',(#16385));
#16385 = FILL_AREA_STYLE_COLOUR('',#16241);
#16386 = CURVE_STYLE('',#16387,POSITIVE_LENGTH_MEASURE(0.1),#16241);
#16387 = DRAUGHTING_PRE_DEFINED_CURVE_FONT('continuous');
#16388 = STYLED_ITEM('color',(#16389),#1293);
#16389 = PRESENTATION_STYLE_ASSIGNMENT((#16390,#16395));
#16390 = SURFACE_STYLE_USAGE(.BOTH.,#16391);
#16391 = SURFACE_SIDE_STYLE('',(#16392));
#16392 = SURFACE_STYLE_FILL_AREA(#16393);
#16393 = FILL_AREA_STYLE('',(#16394));
#16394 = FILL_AREA_STYLE_COLOUR('',#16241);
#16395 = CURVE_STYLE('',#16396,POSITIVE_LENGTH_MEASURE(0.1),#16241);
#16396 = DRAUGHTING_PRE_DEFINED_CURVE_FONT('continuous');
#16397 = STYLED_ITEM('color',(#16398),#1305);
#16398 = PRESENTATION_STYLE_ASSIGNMENT((#16399,#16404));
#16399 = SURFACE_STYLE_USAGE(.BOTH.,#16400);
#16400 = SURFACE_SIDE_STYLE('',(#16401));
#16401 = SURFACE_STYLE_FILL_AREA(#16402);
#16402 = FILL_AREA_STYLE('',(#16403));
#16403 = FILL_AREA_STYLE_COLOUR('',#16241);
#16404 = CURVE_STYLE('',#16405,POSITIVE_LENGTH_MEASURE(0.1),#16241);
#16405 = DRAUGHTING_PRE_DEFINED_CURVE_FONT('continuous');
#16406 = STYLED_ITEM('color',(#16407),#1317);
#16407 = PRESENTATION_STYLE_ASSIGNMENT((#16408,#16413));
#16408 = SURFACE_STYLE_USAGE(.BOTH.,#16409);
#16409 = SURFACE_SIDE_STYLE('',(#16410));
#16410 = SURFACE_STYLE_FILL_AREA(#16411);
#16411 = FILL_AREA_STYLE('',(#16412));
#16412 = FILL_AREA_STYLE_COLOUR('',#16241);
#16413 = CURVE_STYLE('',#16414,POSITIVE_LENGTH_MEASURE(0.1),#16241);
#16414 = DRAUGHTING_PRE_DEFINED_CURVE_FONT('continuous');
#16415 = STYLED_ITEM('color',(#16416),#1329);
#16416 = PRESENTATION_STYLE_ASSIGNMENT((#16417,#16422));
#16417 = SURFACE_STYLE_USAGE(.BOTH.,#16418);
#16418 = SURFACE_SIDE_STYLE('',(#16419));
#16419 = SURFACE_STYLE_FILL_AREA(#16420);
#16420 = FILL_AREA_STYLE('',(#16421));
#16421 = FILL_AREA_STYLE_COLOUR('',#16241);
#16422 = CURVE_STYLE('',#16423,POSITIVE_LENGTH_MEASURE(0.1),#16241);
#16423 = DRAUGHTING_PRE_DEFINED_CURVE_FONT('continuous');
#16424 = STYLED_ITEM('color',(#16425),#1341);
#16425 = PRESENTATION_STYLE_ASSIGNMENT((#16426,#16431));
#16426 = SURFACE_STYLE_USAGE(.BOTH.,#16427);
#16427 = SURFACE_SIDE_STYLE('',(#16428));
#16428 = SURFACE_STYLE_FILL_AREA(#16429);
#16429 = FILL_AREA_STYLE('',(#16430));
#16430 = FILL_AREA_STYLE_COLOUR('',#16241);
#16431 = CURVE_STYLE('',#16432,POSITIVE_LENGTH_MEASURE(0.1),#16241);
#16432 = DRAUGHTING_PRE_DEFINED_CURVE_FONT('continuous');
#16433 = STYLED_ITEM('color',(#16434),#1353);
#16434 = PRESENTATION_STYLE_ASSIGNMENT((#16435,#16440));
#16435 = SURFACE_STYLE_USAGE(.BOTH.,#16436);
#16436 = SURFACE_SIDE_STYLE('',(#16437));
#16437 = SURFACE_STYLE_FILL_AREA(#16438);
#16438 = FILL_AREA_STYLE('',(#16439));
#16439 = FILL_AREA_STYLE_COLOUR('',#16241);
#16440 = CURVE_STYLE('',#16441,POSITIVE_LENGTH_MEASURE(0.1),#16241);
#16441 = DRAUGHTING_PRE_DEFINED_CURVE_FONT('continuous');
#16442 = STYLED_ITEM('color',(#16443),#1365);
#16443 = PRESENTATION_STYLE_ASSIGNMENT((#16444,#16449));
#16444 = SURFACE_STYLE_USAGE(.BOTH.,#16445);
#16445 = SURFACE_SIDE_STYLE('',(#16446));
#16446 = SURFACE_STYLE_FILL_AREA(#16447);
#16447 = FILL_AREA_STYLE('',(#16448));
#16448 = FILL_AREA_STYLE_COLOUR('',#16241);
#16449 = CURVE_STYLE('',#16450,POSITIVE_LENGTH_MEASURE(0.1),#16241);
#16450 = DRAUGHTING_PRE_DEFINED_CURVE_FONT('continuous');
#16451 = STYLED_ITEM('color',(#16452),#1377);
#16452 = PRESENTATION_STYLE_ASSIGNMENT((#16453,#16458));
#16453 = SURFACE_STYLE_USAGE(.BOTH.,#16454);
#16454 = SURFACE_SIDE_STYLE('',(#16455));
#16455 = SURFACE_STYLE_FILL_AREA(#16456);
#16456 = FILL_AREA_STYLE('',(#16457));
#16457 = FILL_AREA_STYLE_COLOUR('',#16241);
#16458 = CURVE_STYLE('',#16459,POSITIVE_LENGTH_MEASURE(0.1),#16241);
#16459 = DRAUGHTING_PRE_DEFINED_CURVE_FONT('continuous');
#16460 = STYLED_ITEM('color',(#16461),#1389);
#16461 = PRESENTATION_STYLE_ASSIGNMENT((#16462,#16467));
#16462 = SURFACE_STYLE_USAGE(.BOTH.,#16463);
#16463 = SURFACE_SIDE_STYLE('',(#16464));
#16464 = SURFACE_STYLE_FILL_AREA(#16465);
#16465 = FILL_AREA_STYLE('',(#16466));
#16466 = FILL_AREA_STYLE_COLOUR('',#16241);
#16467 = CURVE_STYLE('',#16468,POSITIVE_LENGTH_MEASURE(0.1),#16241);
#16468 = DRAUGHTING_PRE_DEFINED_CURVE_FONT('continuous');
#16469 = STYLED_ITEM('color',(#16470),#1401);
#16470 = PRESENTATION_STYLE_ASSIGNMENT((#16471,#16476));
#16471 = SURFACE_STYLE_USAGE(.BOTH.,#16472);
#16472 = SURFACE_SIDE_STYLE('',(#16473));
#16473 = SURFACE_STYLE_FILL_AREA(#16474);
#16474 = FILL_AREA_STYLE('',(#16475));
#16475 = FILL_AREA_STYLE_COLOUR('',#16241);
#16476 = CURVE_STYLE('',#16477,POSITIVE_LENGTH_MEASURE(0.1),#16241);
#16477 = DRAUGHTING_PRE_DEFINED_CURVE_FONT('continuous');
#16478 = STYLED_ITEM('color',(#16479),#1413);
#16479 = PRESENTATION_STYLE_ASSIGNMENT((#16480,#16485));
#16480 = SURFACE_STYLE_USAGE(.BOTH.,#16481);
#16481 = SURFACE_SIDE_STYLE('',(#16482));
#16482 = SURFACE_STYLE_FILL_AREA(#16483);
#16483 = FILL_AREA_STYLE('',(#16484));
#16484 = FILL_AREA_STYLE_COLOUR('',#16241);
#16485 = CURVE_STYLE('',#16486,POSITIVE_LENGTH_MEASURE(0.1),#16241);
#16486 = DRAUGHTING_PRE_DEFINED_CURVE_FONT('continuous');
#16487 = STYLED_ITEM('color',(#16488),#1425);
#16488 = PRESENTATION_STYLE_ASSIGNMENT((#16489,#16494));
#16489 = SURFACE_STYLE_USAGE(.BOTH.,#16490);
#16490 = SURFACE_SIDE_STYLE('',(#16491));
#16491 = SURFACE_STYLE_FILL_AREA(#16492);
#16492 = FILL_AREA_STYLE('',(#16493));
#16493 = FILL_AREA_STYLE_COLOUR('',#16241);
#16494 = CURVE_STYLE('',#16495,POSITIVE_LENGTH_MEASURE(0.1),#16241);
#16495 = DRAUGHTING_PRE_DEFINED_CURVE_FONT('continuous');
#16496 = STYLED_ITEM('color',(#16497),#1437);
#16497 = PRESENTATION_STYLE_ASSIGNMENT((#16498,#16503));
#16498 = SURFACE_STYLE_USAGE(.BOTH.,#16499);
#16499 = SURFACE_SIDE_STYLE('',(#16500));
#16500 = SURFACE_STYLE_FILL_AREA(#16501);
#16501 = FILL_AREA_STYLE('',(#16502));
#16502 = FILL_AREA_STYLE_COLOUR('',#16241);
#16503 = CURVE_STYLE('',#16504,POSITIVE_LENGTH_MEASURE(0.1),#16241);
#16504 = DRAUGHTING_PRE_DEFINED_CURVE_FONT('continuous');
#16505 = MECHANICAL_DESIGN_GEOMETRIC_PRESENTATION_REPRESENTATION('',(
    #16506,#16513,#16520,#16527,#16534,#16541,#16548,#16555,#16563,
    #16570,#16577,#16584,#16591,#16598,#16606,#16613,#16620,#16627,
    #16634,#16641,#16648,#16655,#16662,#16669,#16676,#16683),#2477);
#16506 = STYLED_ITEM('color',(#16507),#1689);
#16507 = PRESENTATION_STYLE_ASSIGNMENT((#16508));
#16508 = SURFACE_STYLE_USAGE(.BOTH.,#16509);
#16509 = SURFACE_SIDE_STYLE('',(#16510));
#16510 = SURFACE_STYLE_FILL_AREA(#16511);
#16511 = FILL_AREA_STYLE('',(#16512));
#16512 = FILL_AREA_STYLE_COLOUR('',#15336);
#16513 = STYLED_ITEM('color',(#16514),#1729);
#16514 = PRESENTATION_STYLE_ASSIGNMENT((#16515));
#16515 = SURFACE_STYLE_USAGE(.BOTH.,#16516);
#16516 = SURFACE_SIDE_STYLE('',(#16517));
#16517 = SURFACE_STYLE_FILL_AREA(#16518);
#16518 = FILL_AREA_STYLE('',(#16519));
#16519 = FILL_AREA_STYLE_COLOUR('',#15336);
#16520 = STYLED_ITEM('color',(#16521),#1812);
#16521 = PRESENTATION_STYLE_ASSIGNMENT((#16522));
#16522 = SURFACE_STYLE_USAGE(.BOTH.,#16523);
#16523 = SURFACE_SIDE_STYLE('',(#16524));
#16524 = SURFACE_STYLE_FILL_AREA(#16525);
#16525 = FILL_AREA_STYLE('',(#16526));
#16526 = FILL_AREA_STYLE_COLOUR('',#15336);
#16527 = STYLED_ITEM('color',(#16528),#1837);
#16528 = PRESENTATION_STYLE_ASSIGNMENT((#16529));
#16529 = SURFACE_STYLE_USAGE(.BOTH.,#16530);
#16530 = SURFACE_SIDE_STYLE('',(#16531));
#16531 = SURFACE_STYLE_FILL_AREA(#16532);
#16532 = FILL_AREA_STYLE('',(#16533));
#16533 = FILL_AREA_STYLE_COLOUR('',#15336);
#16534 = STYLED_ITEM('color',(#16535),#1862);
#16535 = PRESENTATION_STYLE_ASSIGNMENT((#16536));
#16536 = SURFACE_STYLE_USAGE(.BOTH.,#16537);
#16537 = SURFACE_SIDE_STYLE('',(#16538));
#16538 = SURFACE_STYLE_FILL_AREA(#16539);
#16539 = FILL_AREA_STYLE('',(#16540));
#16540 = FILL_AREA_STYLE_COLOUR('',#15336);
#16541 = STYLED_ITEM('color',(#16542),#1929);
#16542 = PRESENTATION_STYLE_ASSIGNMENT((#16543));
#16543 = SURFACE_STYLE_USAGE(.BOTH.,#16544);
#16544 = SURFACE_SIDE_STYLE('',(#16545));
#16545 = SURFACE_STYLE_FILL_AREA(#16546);
#16546 = FILL_AREA_STYLE('',(#16547));
#16547 = FILL_AREA_STYLE_COLOUR('',#15336);
#16548 = STYLED_ITEM('color',(#16549),#1946);
#16549 = PRESENTATION_STYLE_ASSIGNMENT((#16550));
#16550 = SURFACE_STYLE_USAGE(.BOTH.,#16551);
#16551 = SURFACE_SIDE_STYLE('',(#16552));
#16552 = SURFACE_STYLE_FILL_AREA(#16553);
#16553 = FILL_AREA_STYLE('',(#16554));
#16554 = FILL_AREA_STYLE_COLOUR('',#15336);
#16555 = STYLED_ITEM('color',(#16556),#1963);
#16556 = PRESENTATION_STYLE_ASSIGNMENT((#16557));
#16557 = SURFACE_STYLE_USAGE(.BOTH.,#16558);
#16558 = SURFACE_SIDE_STYLE('',(#16559));
#16559 = SURFACE_STYLE_FILL_AREA(#16560);
#16560 = FILL_AREA_STYLE('',(#16561));
#16561 = FILL_AREA_STYLE_COLOUR('',#16562);
#16562 = COLOUR_RGB('',0.894999966383,0.890999961016,0.813000030345);
#16563 = STYLED_ITEM('color',(#16564),#2012);
#16564 = PRESENTATION_STYLE_ASSIGNMENT((#16565));
#16565 = SURFACE_STYLE_USAGE(.BOTH.,#16566);
#16566 = SURFACE_SIDE_STYLE('',(#16567));
#16567 = SURFACE_STYLE_FILL_AREA(#16568);
#16568 = FILL_AREA_STYLE('',(#16569));
#16569 = FILL_AREA_STYLE_COLOUR('',#15336);
#16570 = STYLED_ITEM('color',(#16571),#2029);
#16571 = PRESENTATION_STYLE_ASSIGNMENT((#16572));
#16572 = SURFACE_STYLE_USAGE(.BOTH.,#16573);
#16573 = SURFACE_SIDE_STYLE('',(#16574));
#16574 = SURFACE_STYLE_FILL_AREA(#16575);
#16575 = FILL_AREA_STYLE('',(#16576));
#16576 = FILL_AREA_STYLE_COLOUR('',#15336);
#16577 = STYLED_ITEM('color',(#16578),#2046);
#16578 = PRESENTATION_STYLE_ASSIGNMENT((#16579));
#16579 = SURFACE_STYLE_USAGE(.BOTH.,#16580);
#16580 = SURFACE_SIDE_STYLE('',(#16581));
#16581 = SURFACE_STYLE_FILL_AREA(#16582);
#16582 = FILL_AREA_STYLE('',(#16583));
#16583 = FILL_AREA_STYLE_COLOUR('',#16562);
#16584 = STYLED_ITEM('color',(#16585),#2095);
#16585 = PRESENTATION_STYLE_ASSIGNMENT((#16586));
#16586 = SURFACE_STYLE_USAGE(.BOTH.,#16587);
#16587 = SURFACE_SIDE_STYLE('',(#16588));
#16588 = SURFACE_STYLE_FILL_AREA(#16589);
#16589 = FILL_AREA_STYLE('',(#16590));
#16590 = FILL_AREA_STYLE_COLOUR('',#16562);
#16591 = STYLED_ITEM('color',(#16592),#2112);
#16592 = PRESENTATION_STYLE_ASSIGNMENT((#16593));
#16593 = SURFACE_STYLE_USAGE(.BOTH.,#16594);
#16594 = SURFACE_SIDE_STYLE('',(#16595));
#16595 = SURFACE_STYLE_FILL_AREA(#16596);
#16596 = FILL_AREA_STYLE('',(#16597));
#16597 = FILL_AREA_STYLE_COLOUR('',#15336);
#16598 = STYLED_ITEM('color',(#16599),#2181);
#16599 = PRESENTATION_STYLE_ASSIGNMENT((#16600));
#16600 = SURFACE_STYLE_USAGE(.BOTH.,#16601);
#16601 = SURFACE_SIDE_STYLE('',(#16602));
#16602 = SURFACE_STYLE_FILL_AREA(#16603);
#16603 = FILL_AREA_STYLE('',(#16604));
#16604 = FILL_AREA_STYLE_COLOUR('',#16605);
#16605 = COLOUR_RGB('',8.200000279077E-02,8.600000121357E-02,
  9.399999706163E-02);
#16606 = STYLED_ITEM('color',(#16607),#2212);
#16607 = PRESENTATION_STYLE_ASSIGNMENT((#16608));
#16608 = SURFACE_STYLE_USAGE(.BOTH.,#16609);
#16609 = SURFACE_SIDE_STYLE('',(#16610));
#16610 = SURFACE_STYLE_FILL_AREA(#16611);
#16611 = FILL_AREA_STYLE('',(#16612));
#16612 = FILL_AREA_STYLE_COLOUR('',#16605);
#16613 = STYLED_ITEM('color',(#16614),#2236);
#16614 = PRESENTATION_STYLE_ASSIGNMENT((#16615));
#16615 = SURFACE_STYLE_USAGE(.BOTH.,#16616);
#16616 = SURFACE_SIDE_STYLE('',(#16617));
#16617 = SURFACE_STYLE_FILL_AREA(#16618);
#16618 = FILL_AREA_STYLE('',(#16619));
#16619 = FILL_AREA_STYLE_COLOUR('',#15336);
#16620 = STYLED_ITEM('color',(#16621),#2305);
#16621 = PRESENTATION_STYLE_ASSIGNMENT((#16622));
#16622 = SURFACE_STYLE_USAGE(.BOTH.,#16623);
#16623 = SURFACE_SIDE_STYLE('',(#16624));
#16624 = SURFACE_STYLE_FILL_AREA(#16625);
#16625 = FILL_AREA_STYLE('',(#16626));
#16626 = FILL_AREA_STYLE_COLOUR('',#16605);
#16627 = STYLED_ITEM('color',(#16628),#2329);
#16628 = PRESENTATION_STYLE_ASSIGNMENT((#16629));
#16629 = SURFACE_STYLE_USAGE(.BOTH.,#16630);
#16630 = SURFACE_SIDE_STYLE('',(#16631));
#16631 = SURFACE_STYLE_FILL_AREA(#16632);
#16632 = FILL_AREA_STYLE('',(#16633));
#16633 = FILL_AREA_STYLE_COLOUR('',#15336);
#16634 = STYLED_ITEM('color',(#16635),#2346);
#16635 = PRESENTATION_STYLE_ASSIGNMENT((#16636));
#16636 = SURFACE_STYLE_USAGE(.BOTH.,#16637);
#16637 = SURFACE_SIDE_STYLE('',(#16638));
#16638 = SURFACE_STYLE_FILL_AREA(#16639);
#16639 = FILL_AREA_STYLE('',(#16640));
#16640 = FILL_AREA_STYLE_COLOUR('',#15336);
#16641 = STYLED_ITEM('color',(#16642),#2363);
#16642 = PRESENTATION_STYLE_ASSIGNMENT((#16643));
#16643 = SURFACE_STYLE_USAGE(.BOTH.,#16644);
#16644 = SURFACE_SIDE_STYLE('',(#16645));
#16645 = SURFACE_STYLE_FILL_AREA(#16646);
#16646 = FILL_AREA_STYLE('',(#16647));
#16647 = FILL_AREA_STYLE_COLOUR('',#15336);
#16648 = STYLED_ITEM('color',(#16649),#2380);
#16649 = PRESENTATION_STYLE_ASSIGNMENT((#16650));
#16650 = SURFACE_STYLE_USAGE(.BOTH.,#16651);
#16651 = SURFACE_SIDE_STYLE('',(#16652));
#16652 = SURFACE_STYLE_FILL_AREA(#16653);
#16653 = FILL_AREA_STYLE('',(#16654));
#16654 = FILL_AREA_STYLE_COLOUR('',#15336);
#16655 = STYLED_ITEM('color',(#16656),#2397);
#16656 = PRESENTATION_STYLE_ASSIGNMENT((#16657));
#16657 = SURFACE_STYLE_USAGE(.BOTH.,#16658);
#16658 = SURFACE_SIDE_STYLE('',(#16659));
#16659 = SURFACE_STYLE_FILL_AREA(#16660);
#16660 = FILL_AREA_STYLE('',(#16661));
#16661 = FILL_AREA_STYLE_COLOUR('',#15336);
#16662 = STYLED_ITEM('color',(#16663),#2414);
#16663 = PRESENTATION_STYLE_ASSIGNMENT((#16664));
#16664 = SURFACE_STYLE_USAGE(.BOTH.,#16665);
#16665 = SURFACE_SIDE_STYLE('',(#16666));
#16666 = SURFACE_STYLE_FILL_AREA(#16667);
#16667 = FILL_AREA_STYLE('',(#16668));
#16668 = FILL_AREA_STYLE_COLOUR('',#15336);
#16669 = STYLED_ITEM('color',(#16670),#2431);
#16670 = PRESENTATION_STYLE_ASSIGNMENT((#16671));
#16671 = SURFACE_STYLE_USAGE(.BOTH.,#16672);
#16672 = SURFACE_SIDE_STYLE('',(#16673));
#16673 = SURFACE_STYLE_FILL_AREA(#16674);
#16674 = FILL_AREA_STYLE('',(#16675));
#16675 = FILL_AREA_STYLE_COLOUR('',#15336);
#16676 = STYLED_ITEM('color',(#16677),#2448);
#16677 = PRESENTATION_STYLE_ASSIGNMENT((#16678));
#16678 = SURFACE_STYLE_USAGE(.BOTH.,#16679);
#16679 = SURFACE_SIDE_STYLE('',(#16680));
#16680 = SURFACE_STYLE_FILL_AREA(#16681);
#16681 = FILL_AREA_STYLE('',(#16682));
#16682 = FILL_AREA_STYLE_COLOUR('',#16605);
#16683 = STYLED_ITEM('color',(#16684),#2465);
#16684 = PRESENTATION_STYLE_ASSIGNMENT((#16685));
#16685 = SURFACE_STYLE_USAGE(.BOTH.,#16686);
#16686 = SURFACE_SIDE_STYLE('',(#16687));
#16687 = SURFACE_STYLE_FILL_AREA(#16688);
#16688 = FILL_AREA_STYLE('',(#16689));
#16689 = FILL_AREA_STYLE_COLOUR('',#16605);
#16690 = MECHANICAL_DESIGN_GEOMETRIC_PRESENTATION_REPRESENTATION('',(
    #16691),#2713);
#16691 = STYLED_ITEM('color',(#16692),#2524);
#16692 = PRESENTATION_STYLE_ASSIGNMENT((#16693,#16699));
#16693 = SURFACE_STYLE_USAGE(.BOTH.,#16694);
#16694 = SURFACE_SIDE_STYLE('',(#16695));
#16695 = SURFACE_STYLE_FILL_AREA(#16696);
#16696 = FILL_AREA_STYLE('',(#16697));
#16697 = FILL_AREA_STYLE_COLOUR('',#16698);
#16698 = COLOUR_RGB('',0.,0.501960817233,0.);
#16699 = CURVE_STYLE('',#16700,POSITIVE_LENGTH_MEASURE(0.1),#16698);
#16700 = DRAUGHTING_PRE_DEFINED_CURVE_FONT('continuous');
#16701 = MECHANICAL_DESIGN_GEOMETRIC_PRESENTATION_REPRESENTATION('',(
    #16702),#15317);
#16702 = STYLED_ITEM('color',(#16703),#13807);
#16703 = PRESENTATION_STYLE_ASSIGNMENT((#16704));
#16704 = SURFACE_STYLE_USAGE(.BOTH.,#16705);
#16705 = SURFACE_SIDE_STYLE('',(#16706));
#16706 = SURFACE_STYLE_FILL_AREA(#16707);
#16707 = FILL_AREA_STYLE('',(#16708));
#16708 = FILL_AREA_STYLE_COLOUR('',#16709);
#16709 = COLOUR_RGB('',0.313304153717,0.484529207832,0.410020903123);
#16710 = MECHANICAL_DESIGN_GEOMETRIC_PRESENTATION_REPRESENTATION('',(
    #16711,#16720,#16729,#16738,#16747,#16756,#16765,#16774),#4801);
#16711 = STYLED_ITEM('color',(#16712),#4705);
#16712 = PRESENTATION_STYLE_ASSIGNMENT((#16713,#16718));
#16713 = SURFACE_STYLE_USAGE(.BOTH.,#16714);
#16714 = SURFACE_SIDE_STYLE('',(#16715));
#16715 = SURFACE_STYLE_FILL_AREA(#16716);
#16716 = FILL_AREA_STYLE('',(#16717));
#16717 = FILL_AREA_STYLE_COLOUR('',#16241);
#16718 = CURVE_STYLE('',#16719,POSITIVE_LENGTH_MEASURE(0.1),#16241);
#16719 = DRAUGHTING_PRE_DEFINED_CURVE_FONT('continuous');
#16720 = STYLED_ITEM('color',(#16721),#4717);
#16721 = PRESENTATION_STYLE_ASSIGNMENT((#16722,#16727));
#16722 = SURFACE_STYLE_USAGE(.BOTH.,#16723);
#16723 = SURFACE_SIDE_STYLE('',(#16724));
#16724 = SURFACE_STYLE_FILL_AREA(#16725);
#16725 = FILL_AREA_STYLE('',(#16726));
#16726 = FILL_AREA_STYLE_COLOUR('',#16241);
#16727 = CURVE_STYLE('',#16728,POSITIVE_LENGTH_MEASURE(0.1),#16241);
#16728 = DRAUGHTING_PRE_DEFINED_CURVE_FONT('continuous');
#16729 = STYLED_ITEM('color',(#16730),#4729);
#16730 = PRESENTATION_STYLE_ASSIGNMENT((#16731,#16736));
#16731 = SURFACE_STYLE_USAGE(.BOTH.,#16732);
#16732 = SURFACE_SIDE_STYLE('',(#16733));
#16733 = SURFACE_STYLE_FILL_AREA(#16734);
#16734 = FILL_AREA_STYLE('',(#16735));
#16735 = FILL_AREA_STYLE_COLOUR('',#16241);
#16736 = CURVE_STYLE('',#16737,POSITIVE_LENGTH_MEASURE(0.1),#16241);
#16737 = DRAUGHTING_PRE_DEFINED_CURVE_FONT('continuous');
#16738 = STYLED_ITEM('color',(#16739),#4741);
#16739 = PRESENTATION_STYLE_ASSIGNMENT((#16740,#16745));
#16740 = SURFACE_STYLE_USAGE(.BOTH.,#16741);
#16741 = SURFACE_SIDE_STYLE('',(#16742));
#16742 = SURFACE_STYLE_FILL_AREA(#16743);
#16743 = FILL_AREA_STYLE('',(#16744));
#16744 = FILL_AREA_STYLE_COLOUR('',#16241);
#16745 = CURVE_STYLE('',#16746,POSITIVE_LENGTH_MEASURE(0.1),#16241);
#16746 = DRAUGHTING_PRE_DEFINED_CURVE_FONT('continuous');
#16747 = STYLED_ITEM('color',(#16748),#4753);
#16748 = PRESENTATION_STYLE_ASSIGNMENT((#16749,#16754));
#16749 = SURFACE_STYLE_USAGE(.BOTH.,#16750);
#16750 = SURFACE_SIDE_STYLE('',(#16751));
#16751 = SURFACE_STYLE_FILL_AREA(#16752);
#16752 = FILL_AREA_STYLE('',(#16753));
#16753 = FILL_AREA_STYLE_COLOUR('',#16241);
#16754 = CURVE_STYLE('',#16755,POSITIVE_LENGTH_MEASURE(0.1),#16241);
#16755 = DRAUGHTING_PRE_DEFINED_CURVE_FONT('continuous');
#16756 = STYLED_ITEM('color',(#16757),#4765);
#16757 = PRESENTATION_STYLE_ASSIGNMENT((#16758,#16763));
#16758 = SURFACE_STYLE_USAGE(.BOTH.,#16759);
#16759 = SURFACE_SIDE_STYLE('',(#16760));
#16760 = SURFACE_STYLE_FILL_AREA(#16761);
#16761 = FILL_AREA_STYLE('',(#16762));
#16762 = FILL_AREA_STYLE_COLOUR('',#16241);
#16763 = CURVE_STYLE('',#16764,POSITIVE_LENGTH_MEASURE(0.1),#16241);
#16764 = DRAUGHTING_PRE_DEFINED_CURVE_FONT('continuous');
#16765 = STYLED_ITEM('color',(#16766),#4777);
#16766 = PRESENTATION_STYLE_ASSIGNMENT((#16767,#16772));
#16767 = SURFACE_STYLE_USAGE(.BOTH.,#16768);
#16768 = SURFACE_SIDE_STYLE('',(#16769));
#16769 = SURFACE_STYLE_FILL_AREA(#16770);
#16770 = FILL_AREA_STYLE('',(#16771));
#16771 = FILL_AREA_STYLE_COLOUR('',#16241);
#16772 = CURVE_STYLE('',#16773,POSITIVE_LENGTH_MEASURE(0.1),#16241);
#16773 = DRAUGHTING_PRE_DEFINED_CURVE_FONT('continuous');
#16774 = STYLED_ITEM('color',(#16775),#4789);
#16775 = PRESENTATION_STYLE_ASSIGNMENT((#16776,#16781));
#16776 = SURFACE_STYLE_USAGE(.BOTH.,#16777);
#16777 = SURFACE_SIDE_STYLE('',(#16778));
#16778 = SURFACE_STYLE_FILL_AREA(#16779);
#16779 = FILL_AREA_STYLE('',(#16780));
#16780 = FILL_AREA_STYLE_COLOUR('',#16241);
#16781 = CURVE_STYLE('',#16782,POSITIVE_LENGTH_MEASURE(0.1),#16241);
#16782 = DRAUGHTING_PRE_DEFINED_CURVE_FONT('continuous');
#16783 = MECHANICAL_DESIGN_GEOMETRIC_PRESENTATION_REPRESENTATION('',(
    #16784,#16792,#16799,#16806,#16813,#16820,#16827,#16834,#16841,
    #16848,#16855,#16862,#16869,#16876,#16883,#16890,#16897,#16904,
    #16911,#16919,#16926,#16933,#16940,#16947,#16954,#16961,#16968,
    #16975),#8645);
#16784 = STYLED_ITEM('color',(#16785),#7705);
#16785 = PRESENTATION_STYLE_ASSIGNMENT((#16786));
#16786 = SURFACE_STYLE_USAGE(.BOTH.,#16787);
#16787 = SURFACE_SIDE_STYLE('',(#16788));
#16788 = SURFACE_STYLE_FILL_AREA(#16789);
#16789 = FILL_AREA_STYLE('',(#16790));
#16790 = FILL_AREA_STYLE_COLOUR('',#16791);
#16791 = COLOUR_RGB('',0.147999998088,0.144999993226,0.144999993226);
#16792 = STYLED_ITEM('color',(#16793),#7747);
#16793 = PRESENTATION_STYLE_ASSIGNMENT((#16794));
#16794 = SURFACE_STYLE_USAGE(.BOTH.,#16795);
#16795 = SURFACE_SIDE_STYLE('',(#16796));
#16796 = SURFACE_STYLE_FILL_AREA(#16797);
#16797 = FILL_AREA_STYLE('',(#16798));
#16798 = FILL_AREA_STYLE_COLOUR('',#16791);
#16799 = STYLED_ITEM('color',(#16800),#7813);
#16800 = PRESENTATION_STYLE_ASSIGNMENT((#16801));
#16801 = SURFACE_STYLE_USAGE(.BOTH.,#16802);
#16802 = SURFACE_SIDE_STYLE('',(#16803));
#16803 = SURFACE_STYLE_FILL_AREA(#16804);
#16804 = FILL_AREA_STYLE('',(#16805));
#16805 = FILL_AREA_STYLE_COLOUR('',#16791);
#16806 = STYLED_ITEM('color',(#16807),#7837);
#16807 = PRESENTATION_STYLE_ASSIGNMENT((#16808));
#16808 = SURFACE_STYLE_USAGE(.BOTH.,#16809);
#16809 = SURFACE_SIDE_STYLE('',(#16810));
#16810 = SURFACE_STYLE_FILL_AREA(#16811);
#16811 = FILL_AREA_STYLE('',(#16812));
#16812 = FILL_AREA_STYLE_COLOUR('',#16791);
#16813 = STYLED_ITEM('color',(#16814),#7896);
#16814 = PRESENTATION_STYLE_ASSIGNMENT((#16815));
#16815 = SURFACE_STYLE_USAGE(.BOTH.,#16816);
#16816 = SURFACE_SIDE_STYLE('',(#16817));
#16817 = SURFACE_STYLE_FILL_AREA(#16818);
#16818 = FILL_AREA_STYLE('',(#16819));
#16819 = FILL_AREA_STYLE_COLOUR('',#16791);
#16820 = STYLED_ITEM('color',(#16821),#7945);
#16821 = PRESENTATION_STYLE_ASSIGNMENT((#16822));
#16822 = SURFACE_STYLE_USAGE(.BOTH.,#16823);
#16823 = SURFACE_SIDE_STYLE('',(#16824));
#16824 = SURFACE_STYLE_FILL_AREA(#16825);
#16825 = FILL_AREA_STYLE('',(#16826));
#16826 = FILL_AREA_STYLE_COLOUR('',#16791);
#16827 = STYLED_ITEM('color',(#16828),#7962);
#16828 = PRESENTATION_STYLE_ASSIGNMENT((#16829));
#16829 = SURFACE_STYLE_USAGE(.BOTH.,#16830);
#16830 = SURFACE_SIDE_STYLE('',(#16831));
#16831 = SURFACE_STYLE_FILL_AREA(#16832);
#16832 = FILL_AREA_STYLE('',(#16833));
#16833 = FILL_AREA_STYLE_COLOUR('',#16791);
#16834 = STYLED_ITEM('color',(#16835),#8011);
#16835 = PRESENTATION_STYLE_ASSIGNMENT((#16836));
#16836 = SURFACE_STYLE_USAGE(.BOTH.,#16837);
#16837 = SURFACE_SIDE_STYLE('',(#16838));
#16838 = SURFACE_STYLE_FILL_AREA(#16839);
#16839 = FILL_AREA_STYLE('',(#16840));
#16840 = FILL_AREA_STYLE_COLOUR('',#16791);
#16841 = STYLED_ITEM('color',(#16842),#8079);
#16842 = PRESENTATION_STYLE_ASSIGNMENT((#16843));
#16843 = SURFACE_STYLE_USAGE(.BOTH.,#16844);
#16844 = SURFACE_SIDE_STYLE('',(#16845));
#16845 = SURFACE_STYLE_FILL_AREA(#16846);
#16846 = FILL_AREA_STYLE('',(#16847));
#16847 = FILL_AREA_STYLE_COLOUR('',#16791);
#16848 = STYLED_ITEM('color',(#16849),#8103);
#16849 = PRESENTATION_STYLE_ASSIGNMENT((#16850));
#16850 = SURFACE_STYLE_USAGE(.BOTH.,#16851);
#16851 = SURFACE_SIDE_STYLE('',(#16852));
#16852 = SURFACE_STYLE_FILL_AREA(#16853);
#16853 = FILL_AREA_STYLE('',(#16854));
#16854 = FILL_AREA_STYLE_COLOUR('',#16791);
#16855 = STYLED_ITEM('color',(#16856),#8164);
#16856 = PRESENTATION_STYLE_ASSIGNMENT((#16857));
#16857 = SURFACE_STYLE_USAGE(.BOTH.,#16858);
#16858 = SURFACE_SIDE_STYLE('',(#16859));
#16859 = SURFACE_STYLE_FILL_AREA(#16860);
#16860 = FILL_AREA_STYLE('',(#16861));
#16861 = FILL_AREA_STYLE_COLOUR('',#16791);
#16862 = STYLED_ITEM('color',(#16863),#8189);
#16863 = PRESENTATION_STYLE_ASSIGNMENT((#16864));
#16864 = SURFACE_STYLE_USAGE(.BOTH.,#16865);
#16865 = SURFACE_SIDE_STYLE('',(#16866));
#16866 = SURFACE_STYLE_FILL_AREA(#16867);
#16867 = FILL_AREA_STYLE('',(#16868));
#16868 = FILL_AREA_STYLE_COLOUR('',#16791);
#16869 = STYLED_ITEM('color',(#16870),#8213);
#16870 = PRESENTATION_STYLE_ASSIGNMENT((#16871));
#16871 = SURFACE_STYLE_USAGE(.BOTH.,#16872);
#16872 = SURFACE_SIDE_STYLE('',(#16873));
#16873 = SURFACE_STYLE_FILL_AREA(#16874);
#16874 = FILL_AREA_STYLE('',(#16875));
#16875 = FILL_AREA_STYLE_COLOUR('',#16791);
#16876 = STYLED_ITEM('color',(#16877),#8231);
#16877 = PRESENTATION_STYLE_ASSIGNMENT((#16878));
#16878 = SURFACE_STYLE_USAGE(.BOTH.,#16879);
#16879 = SURFACE_SIDE_STYLE('',(#16880));
#16880 = SURFACE_STYLE_FILL_AREA(#16881);
#16881 = FILL_AREA_STYLE('',(#16882));
#16882 = FILL_AREA_STYLE_COLOUR('',#16791);
#16883 = STYLED_ITEM('color',(#16884),#8248);
#16884 = PRESENTATION_STYLE_ASSIGNMENT((#16885));
#16885 = SURFACE_STYLE_USAGE(.BOTH.,#16886);
#16886 = SURFACE_SIDE_STYLE('',(#16887));
#16887 = SURFACE_STYLE_FILL_AREA(#16888);
#16888 = FILL_AREA_STYLE('',(#16889));
#16889 = FILL_AREA_STYLE_COLOUR('',#16791);
#16890 = STYLED_ITEM('color',(#16891),#8285);
#16891 = PRESENTATION_STYLE_ASSIGNMENT((#16892));
#16892 = SURFACE_STYLE_USAGE(.BOTH.,#16893);
#16893 = SURFACE_SIDE_STYLE('',(#16894));
#16894 = SURFACE_STYLE_FILL_AREA(#16895);
#16895 = FILL_AREA_STYLE('',(#16896));
#16896 = FILL_AREA_STYLE_COLOUR('',#16791);
#16897 = STYLED_ITEM('color',(#16898),#8302);
#16898 = PRESENTATION_STYLE_ASSIGNMENT((#16899));
#16899 = SURFACE_STYLE_USAGE(.BOTH.,#16900);
#16900 = SURFACE_SIDE_STYLE('',(#16901));
#16901 = SURFACE_STYLE_FILL_AREA(#16902);
#16902 = FILL_AREA_STYLE('',(#16903));
#16903 = FILL_AREA_STYLE_COLOUR('',#16791);
#16904 = STYLED_ITEM('color',(#16905),#8326);
#16905 = PRESENTATION_STYLE_ASSIGNMENT((#16906));
#16906 = SURFACE_STYLE_USAGE(.BOTH.,#16907);
#16907 = SURFACE_SIDE_STYLE('',(#16908));
#16908 = SURFACE_STYLE_FILL_AREA(#16909);
#16909 = FILL_AREA_STYLE('',(#16910));
#16910 = FILL_AREA_STYLE_COLOUR('',#16791);
#16911 = STYLED_ITEM('color',(#16912),#8438);
#16912 = PRESENTATION_STYLE_ASSIGNMENT((#16913));
#16913 = SURFACE_STYLE_USAGE(.BOTH.,#16914);
#16914 = SURFACE_SIDE_STYLE('',(#16915));
#16915 = SURFACE_STYLE_FILL_AREA(#16916);
#16916 = FILL_AREA_STYLE('',(#16917));
#16917 = FILL_AREA_STYLE_COLOUR('',#16918);
#16918 = COLOUR_RGB('',0.859000020776,0.737999965183,0.495999988746);
#16919 = STYLED_ITEM('color',(#16920),#8450);
#16920 = PRESENTATION_STYLE_ASSIGNMENT((#16921));
#16921 = SURFACE_STYLE_USAGE(.BOTH.,#16922);
#16922 = SURFACE_SIDE_STYLE('',(#16923));
#16923 = SURFACE_STYLE_FILL_AREA(#16924);
#16924 = FILL_AREA_STYLE('',(#16925));
#16925 = FILL_AREA_STYLE_COLOUR('',#16791);
#16926 = STYLED_ITEM('color',(#16927),#8467);
#16927 = PRESENTATION_STYLE_ASSIGNMENT((#16928));
#16928 = SURFACE_STYLE_USAGE(.BOTH.,#16929);
#16929 = SURFACE_SIDE_STYLE('',(#16930));
#16930 = SURFACE_STYLE_FILL_AREA(#16931);
#16931 = FILL_AREA_STYLE('',(#16932));
#16932 = FILL_AREA_STYLE_COLOUR('',#16918);
#16933 = STYLED_ITEM('color',(#16934),#8479);
#16934 = PRESENTATION_STYLE_ASSIGNMENT((#16935));
#16935 = SURFACE_STYLE_USAGE(.BOTH.,#16936);
#16936 = SURFACE_SIDE_STYLE('',(#16937));
#16937 = SURFACE_STYLE_FILL_AREA(#16938);
#16938 = FILL_AREA_STYLE('',(#16939));
#16939 = FILL_AREA_STYLE_COLOUR('',#16791);
#16940 = STYLED_ITEM('color',(#16941),#8532);
#16941 = PRESENTATION_STYLE_ASSIGNMENT((#16942));
#16942 = SURFACE_STYLE_USAGE(.BOTH.,#16943);
#16943 = SURFACE_SIDE_STYLE('',(#16944));
#16944 = SURFACE_STYLE_FILL_AREA(#16945);
#16945 = FILL_AREA_STYLE('',(#16946));
#16946 = FILL_AREA_STYLE_COLOUR('',#16791);
#16947 = STYLED_ITEM('color',(#16948),#8549);
#16948 = PRESENTATION_STYLE_ASSIGNMENT((#16949));
#16949 = SURFACE_STYLE_USAGE(.BOTH.,#16950);
#16950 = SURFACE_SIDE_STYLE('',(#16951));
#16951 = SURFACE_STYLE_FILL_AREA(#16952);
#16952 = FILL_AREA_STYLE('',(#16953));
#16953 = FILL_AREA_STYLE_COLOUR('',#16791);
#16954 = STYLED_ITEM('color',(#16955),#8597);
#16955 = PRESENTATION_STYLE_ASSIGNMENT((#16956));
#16956 = SURFACE_STYLE_USAGE(.BOTH.,#16957);
#16957 = SURFACE_SIDE_STYLE('',(#16958));
#16958 = SURFACE_STYLE_FILL_AREA(#16959);
#16959 = FILL_AREA_STYLE('',(#16960));
#16960 = FILL_AREA_STYLE_COLOUR('',#16918);
#16961 = STYLED_ITEM('color',(#16962),#8609);
#16962 = PRESENTATION_STYLE_ASSIGNMENT((#16963));
#16963 = SURFACE_STYLE_USAGE(.BOTH.,#16964);
#16964 = SURFACE_SIDE_STYLE('',(#16965));
#16965 = SURFACE_STYLE_FILL_AREA(#16966);
#16966 = FILL_AREA_STYLE('',(#16967));
#16967 = FILL_AREA_STYLE_COLOUR('',#16918);
#16968 = STYLED_ITEM('color',(#16969),#8621);
#16969 = PRESENTATION_STYLE_ASSIGNMENT((#16970));
#16970 = SURFACE_STYLE_USAGE(.BOTH.,#16971);
#16971 = SURFACE_SIDE_STYLE('',(#16972));
#16972 = SURFACE_STYLE_FILL_AREA(#16973);
#16973 = FILL_AREA_STYLE('',(#16974));
#16974 = FILL_AREA_STYLE_COLOUR('',#16918);
#16975 = STYLED_ITEM('color',(#16976),#8633);
#16976 = PRESENTATION_STYLE_ASSIGNMENT((#16977));
#16977 = SURFACE_STYLE_USAGE(.BOTH.,#16978);
#16978 = SURFACE_SIDE_STYLE('',(#16979));
#16979 = SURFACE_STYLE_FILL_AREA(#16980);
#16980 = FILL_AREA_STYLE('',(#16981));
#16981 = FILL_AREA_STYLE_COLOUR('',#16918);
#16982 = MECHANICAL_DESIGN_GEOMETRIC_PRESENTATION_REPRESENTATION('',(
    #16983,#16990,#16997,#17004,#17011,#17018,#17025,#17032,#17039,
    #17046,#17053,#17060,#17067,#17074,#17081,#17088,#17095,#17102,
    #17109,#17116,#17123,#17130,#17137,#17144,#17151,#17158,#17165,
    #17172),#1023);
#16983 = STYLED_ITEM('color',(#16984),#171);
#16984 = PRESENTATION_STYLE_ASSIGNMENT((#16985));
#16985 = SURFACE_STYLE_USAGE(.BOTH.,#16986);
#16986 = SURFACE_SIDE_STYLE('',(#16987));
#16987 = SURFACE_STYLE_FILL_AREA(#16988);
#16988 = FILL_AREA_STYLE('',(#16989));
#16989 = FILL_AREA_STYLE_COLOUR('',#15336);
#16990 = STYLED_ITEM('color',(#16991),#247);
#16991 = PRESENTATION_STYLE_ASSIGNMENT((#16992));
#16992 = SURFACE_STYLE_USAGE(.BOTH.,#16993);
#16993 = SURFACE_SIDE_STYLE('',(#16994));
#16994 = SURFACE_STYLE_FILL_AREA(#16995);
#16995 = FILL_AREA_STYLE('',(#16996));
#16996 = FILL_AREA_STYLE_COLOUR('',#15336);
#16997 = STYLED_ITEM('color',(#16998),#278);
#16998 = PRESENTATION_STYLE_ASSIGNMENT((#16999));
#16999 = SURFACE_STYLE_USAGE(.BOTH.,#17000);
#17000 = SURFACE_SIDE_STYLE('',(#17001));
#17001 = SURFACE_STYLE_FILL_AREA(#17002);
#17002 = FILL_AREA_STYLE('',(#17003));
#17003 = FILL_AREA_STYLE_COLOUR('',#15336);
#17004 = STYLED_ITEM('color',(#17005),#303);
#17005 = PRESENTATION_STYLE_ASSIGNMENT((#17006));
#17006 = SURFACE_STYLE_USAGE(.BOTH.,#17007);
#17007 = SURFACE_SIDE_STYLE('',(#17008));
#17008 = SURFACE_STYLE_FILL_AREA(#17009);
#17009 = FILL_AREA_STYLE('',(#17010));
#17010 = FILL_AREA_STYLE_COLOUR('',#15336);
#17011 = STYLED_ITEM('color',(#17012),#328);
#17012 = PRESENTATION_STYLE_ASSIGNMENT((#17013));
#17013 = SURFACE_STYLE_USAGE(.BOTH.,#17014);
#17014 = SURFACE_SIDE_STYLE('',(#17015));
#17015 = SURFACE_STYLE_FILL_AREA(#17016);
#17016 = FILL_AREA_STYLE('',(#17017));
#17017 = FILL_AREA_STYLE_COLOUR('',#15336);
#17018 = STYLED_ITEM('color',(#17019),#352);
#17019 = PRESENTATION_STYLE_ASSIGNMENT((#17020));
#17020 = SURFACE_STYLE_USAGE(.BOTH.,#17021);
#17021 = SURFACE_SIDE_STYLE('',(#17022));
#17022 = SURFACE_STYLE_FILL_AREA(#17023);
#17023 = FILL_AREA_STYLE('',(#17024));
#17024 = FILL_AREA_STYLE_COLOUR('',#15336);
#17025 = STYLED_ITEM('color',(#17026),#376);
#17026 = PRESENTATION_STYLE_ASSIGNMENT((#17027));
#17027 = SURFACE_STYLE_USAGE(.BOTH.,#17028);
#17028 = SURFACE_SIDE_STYLE('',(#17029));
#17029 = SURFACE_STYLE_FILL_AREA(#17030);
#17030 = FILL_AREA_STYLE('',(#17031));
#17031 = FILL_AREA_STYLE_COLOUR('',#15336);
#17032 = STYLED_ITEM('color',(#17033),#401);
#17033 = PRESENTATION_STYLE_ASSIGNMENT((#17034));
#17034 = SURFACE_STYLE_USAGE(.BOTH.,#17035);
#17035 = SURFACE_SIDE_STYLE('',(#17036));
#17036 = SURFACE_STYLE_FILL_AREA(#17037);
#17037 = FILL_AREA_STYLE('',(#17038));
#17038 = FILL_AREA_STYLE_COLOUR('',#15336);
#17039 = STYLED_ITEM('color',(#17040),#426);
#17040 = PRESENTATION_STYLE_ASSIGNMENT((#17041));
#17041 = SURFACE_STYLE_USAGE(.BOTH.,#17042);
#17042 = SURFACE_SIDE_STYLE('',(#17043));
#17043 = SURFACE_STYLE_FILL_AREA(#17044);
#17044 = FILL_AREA_STYLE('',(#17045));
#17045 = FILL_AREA_STYLE_COLOUR('',#15336);
#17046 = STYLED_ITEM('color',(#17047),#443);
#17047 = PRESENTATION_STYLE_ASSIGNMENT((#17048));
#17048 = SURFACE_STYLE_USAGE(.BOTH.,#17049);
#17049 = SURFACE_SIDE_STYLE('',(#17050));
#17050 = SURFACE_STYLE_FILL_AREA(#17051);
#17051 = FILL_AREA_STYLE('',(#17052));
#17052 = FILL_AREA_STYLE_COLOUR('',#15336);
#17053 = STYLED_ITEM('color',(#17054),#529);
#17054 = PRESENTATION_STYLE_ASSIGNMENT((#17055));
#17055 = SURFACE_STYLE_USAGE(.BOTH.,#17056);
#17056 = SURFACE_SIDE_STYLE('',(#17057));
#17057 = SURFACE_STYLE_FILL_AREA(#17058);
#17058 = FILL_AREA_STYLE('',(#17059));
#17059 = FILL_AREA_STYLE_COLOUR('',#15616);
#17060 = STYLED_ITEM('color',(#17061),#561);
#17061 = PRESENTATION_STYLE_ASSIGNMENT((#17062));
#17062 = SURFACE_STYLE_USAGE(.BOTH.,#17063);
#17063 = SURFACE_SIDE_STYLE('',(#17064));
#17064 = SURFACE_STYLE_FILL_AREA(#17065);
#17065 = FILL_AREA_STYLE('',(#17066));
#17066 = FILL_AREA_STYLE_COLOUR('',#15616);
#17067 = STYLED_ITEM('color',(#17068),#585);
#17068 = PRESENTATION_STYLE_ASSIGNMENT((#17069));
#17069 = SURFACE_STYLE_USAGE(.BOTH.,#17070);
#17070 = SURFACE_SIDE_STYLE('',(#17071));
#17071 = SURFACE_STYLE_FILL_AREA(#17072);
#17072 = FILL_AREA_STYLE('',(#17073));
#17073 = FILL_AREA_STYLE_COLOUR('',#15616);
#17074 = STYLED_ITEM('color',(#17075),#610);
#17075 = PRESENTATION_STYLE_ASSIGNMENT((#17076));
#17076 = SURFACE_STYLE_USAGE(.BOTH.,#17077);
#17077 = SURFACE_SIDE_STYLE('',(#17078));
#17078 = SURFACE_STYLE_FILL_AREA(#17079);
#17079 = FILL_AREA_STYLE('',(#17080));
#17080 = FILL_AREA_STYLE_COLOUR('',#15616);
#17081 = STYLED_ITEM('color',(#17082),#634);
#17082 = PRESENTATION_STYLE_ASSIGNMENT((#17083));
#17083 = SURFACE_STYLE_USAGE(.BOTH.,#17084);
#17084 = SURFACE_SIDE_STYLE('',(#17085));
#17085 = SURFACE_STYLE_FILL_AREA(#17086);
#17086 = FILL_AREA_STYLE('',(#17087));
#17087 = FILL_AREA_STYLE_COLOUR('',#15616);
#17088 = STYLED_ITEM('color',(#17089),#659);
#17089 = PRESENTATION_STYLE_ASSIGNMENT((#17090));
#17090 = SURFACE_STYLE_USAGE(.BOTH.,#17091);
#17091 = SURFACE_SIDE_STYLE('',(#17092));
#17092 = SURFACE_STYLE_FILL_AREA(#17093);
#17093 = FILL_AREA_STYLE('',(#17094));
#17094 = FILL_AREA_STYLE_COLOUR('',#15616);
#17095 = STYLED_ITEM('color',(#17096),#683);
#17096 = PRESENTATION_STYLE_ASSIGNMENT((#17097));
#17097 = SURFACE_STYLE_USAGE(.BOTH.,#17098);
#17098 = SURFACE_SIDE_STYLE('',(#17099));
#17099 = SURFACE_STYLE_FILL_AREA(#17100);
#17100 = FILL_AREA_STYLE('',(#17101));
#17101 = FILL_AREA_STYLE_COLOUR('',#15616);
#17102 = STYLED_ITEM('color',(#17103),#708);
#17103 = PRESENTATION_STYLE_ASSIGNMENT((#17104));
#17104 = SURFACE_STYLE_USAGE(.BOTH.,#17105);
#17105 = SURFACE_SIDE_STYLE('',(#17106));
#17106 = SURFACE_STYLE_FILL_AREA(#17107);
#17107 = FILL_AREA_STYLE('',(#17108));
#17108 = FILL_AREA_STYLE_COLOUR('',#15616);
#17109 = STYLED_ITEM('color',(#17110),#725);
#17110 = PRESENTATION_STYLE_ASSIGNMENT((#17111));
#17111 = SURFACE_STYLE_USAGE(.BOTH.,#17112);
#17112 = SURFACE_SIDE_STYLE('',(#17113));
#17113 = SURFACE_STYLE_FILL_AREA(#17114);
#17114 = FILL_AREA_STYLE('',(#17115));
#17115 = FILL_AREA_STYLE_COLOUR('',#15336);
#17116 = STYLED_ITEM('color',(#17117),#811);
#17117 = PRESENTATION_STYLE_ASSIGNMENT((#17118));
#17118 = SURFACE_STYLE_USAGE(.BOTH.,#17119);
#17119 = SURFACE_SIDE_STYLE('',(#17120));
#17120 = SURFACE_STYLE_FILL_AREA(#17121);
#17121 = FILL_AREA_STYLE('',(#17122));
#17122 = FILL_AREA_STYLE_COLOUR('',#15336);
#17123 = STYLED_ITEM('color',(#17124),#842);
#17124 = PRESENTATION_STYLE_ASSIGNMENT((#17125));
#17125 = SURFACE_STYLE_USAGE(.BOTH.,#17126);
#17126 = SURFACE_SIDE_STYLE('',(#17127));
#17127 = SURFACE_STYLE_FILL_AREA(#17128);
#17128 = FILL_AREA_STYLE('',(#17129));
#17129 = FILL_AREA_STYLE_COLOUR('',#15336);
#17130 = STYLED_ITEM('color',(#17131),#867);
#17131 = PRESENTATION_STYLE_ASSIGNMENT((#17132));
#17132 = SURFACE_STYLE_USAGE(.BOTH.,#17133);
#17133 = SURFACE_SIDE_STYLE('',(#17134));
#17134 = SURFACE_STYLE_FILL_AREA(#17135);
#17135 = FILL_AREA_STYLE('',(#17136));
#17136 = FILL_AREA_STYLE_COLOUR('',#15336);
#17137 = STYLED_ITEM('color',(#17138),#892);
#17138 = PRESENTATION_STYLE_ASSIGNMENT((#17139));
#17139 = SURFACE_STYLE_USAGE(.BOTH.,#17140);
#17140 = SURFACE_SIDE_STYLE('',(#17141));
#17141 = SURFACE_STYLE_FILL_AREA(#17142);
#17142 = FILL_AREA_STYLE('',(#17143));
#17143 = FILL_AREA_STYLE_COLOUR('',#15336);
#17144 = STYLED_ITEM('color',(#17145),#916);
#17145 = PRESENTATION_STYLE_ASSIGNMENT((#17146));
#17146 = SURFACE_STYLE_USAGE(.BOTH.,#17147);
#17147 = SURFACE_SIDE_STYLE('',(#17148));
#17148 = SURFACE_STYLE_FILL_AREA(#17149);
#17149 = FILL_AREA_STYLE('',(#17150));
#17150 = FILL_AREA_STYLE_COLOUR('',#15336);
#17151 = STYLED_ITEM('color',(#17152),#940);
#17152 = PRESENTATION_STYLE_ASSIGNMENT((#17153));
#17153 = SURFACE_STYLE_USAGE(.BOTH.,#17154);
#17154 = SURFACE_SIDE_STYLE('',(#17155));
#17155 = SURFACE_STYLE_FILL_AREA(#17156);
#17156 = FILL_AREA_STYLE('',(#17157));
#17157 = FILL_AREA_STYLE_COLOUR('',#15336);
#17158 = STYLED_ITEM('color',(#17159),#965);
#17159 = PRESENTATION_STYLE_ASSIGNMENT((#17160));
#17160 = SURFACE_STYLE_USAGE(.BOTH.,#17161);
#17161 = SURFACE_SIDE_STYLE('',(#17162));
#17162 = SURFACE_STYLE_FILL_AREA(#17163);
#17163 = FILL_AREA_STYLE('',(#17164));
#17164 = FILL_AREA_STYLE_COLOUR('',#15336);
#17165 = STYLED_ITEM('color',(#17166),#990);
#17166 = PRESENTATION_STYLE_ASSIGNMENT((#17167));
#17167 = SURFACE_STYLE_USAGE(.BOTH.,#17168);
#17168 = SURFACE_SIDE_STYLE('',(#17169));
#17169 = SURFACE_STYLE_FILL_AREA(#17170);
#17170 = FILL_AREA_STYLE('',(#17171));
#17171 = FILL_AREA_STYLE_COLOUR('',#15336);
#17172 = STYLED_ITEM('color',(#17173),#1007);
#17173 = PRESENTATION_STYLE_ASSIGNMENT((#17174));
#17174 = SURFACE_STYLE_USAGE(.BOTH.,#17175);
#17175 = SURFACE_SIDE_STYLE('',(#17176));
#17176 = SURFACE_STYLE_FILL_AREA(#17177);
#17177 = FILL_AREA_STYLE('',(#17178));
#17178 = FILL_AREA_STYLE_COLOUR('',#15336);
#17179 = MECHANICAL_DESIGN_GEOMETRIC_PRESENTATION_REPRESENTATION('',(
    #17180,#17190,#17199,#17208,#17217,#17226,#17235,#17244,#17253,
    #17262,#17271,#17280,#17289,#17298,#17307,#17316,#17325,#17334,
    #17343,#17352,#17361,#17370,#17379,#17388,#17397,#17406,#17415,
    #17424,#17433,#17442,#17451,#17460,#17469,#17478,#17487,#17496,
    #17505,#17514,#17523,#17532,#17541,#17550,#17559,#17568,#17577,
    #17586,#17595,#17604,#17613,#17622,#17631,#17640,#17649,#17658,
    #17667,#17676,#17685,#17694,#17703,#17712,#17721,#17731,#17740,
    #17749,#17759,#17768,#17777,#17786,#17795),#4659);
#17180 = STYLED_ITEM('color',(#17181),#3739);
#17181 = PRESENTATION_STYLE_ASSIGNMENT((#17182,#17188));
#17182 = SURFACE_STYLE_USAGE(.BOTH.,#17183);
#17183 = SURFACE_SIDE_STYLE('',(#17184));
#17184 = SURFACE_STYLE_FILL_AREA(#17185);
#17185 = FILL_AREA_STYLE('',(#17186));
#17186 = FILL_AREA_STYLE_COLOUR('',#17187);
#17187 = COLOUR_RGB('',0.72499999117,0.72499999117,0.72499999117);
#17188 = CURVE_STYLE('',#17189,POSITIVE_LENGTH_MEASURE(0.1),#17187);
#17189 = DRAUGHTING_PRE_DEFINED_CURVE_FONT('continuous');
#17190 = STYLED_ITEM('color',(#17191),#3751);
#17191 = PRESENTATION_STYLE_ASSIGNMENT((#17192,#17197));
#17192 = SURFACE_STYLE_USAGE(.BOTH.,#17193);
#17193 = SURFACE_SIDE_STYLE('',(#17194));
#17194 = SURFACE_STYLE_FILL_AREA(#17195);
#17195 = FILL_AREA_STYLE('',(#17196));
#17196 = FILL_AREA_STYLE_COLOUR('',#17187);
#17197 = CURVE_STYLE('',#17198,POSITIVE_LENGTH_MEASURE(0.1),#17187);
#17198 = DRAUGHTING_PRE_DEFINED_CURVE_FONT('continuous');
#17199 = STYLED_ITEM('color',(#17200),#3763);
#17200 = PRESENTATION_STYLE_ASSIGNMENT((#17201,#17206));
#17201 = SURFACE_STYLE_USAGE(.BOTH.,#17202);
#17202 = SURFACE_SIDE_STYLE('',(#17203));
#17203 = SURFACE_STYLE_FILL_AREA(#17204);
#17204 = FILL_AREA_STYLE('',(#17205));
#17205 = FILL_AREA_STYLE_COLOUR('',#17187);
#17206 = CURVE_STYLE('',#17207,POSITIVE_LENGTH_MEASURE(0.1),#17187);
#17207 = DRAUGHTING_PRE_DEFINED_CURVE_FONT('continuous');
#17208 = STYLED_ITEM('color',(#17209),#3775);
#17209 = PRESENTATION_STYLE_ASSIGNMENT((#17210,#17215));
#17210 = SURFACE_STYLE_USAGE(.BOTH.,#17211);
#17211 = SURFACE_SIDE_STYLE('',(#17212));
#17212 = SURFACE_STYLE_FILL_AREA(#17213);
#17213 = FILL_AREA_STYLE('',(#17214));
#17214 = FILL_AREA_STYLE_COLOUR('',#17187);
#17215 = CURVE_STYLE('',#17216,POSITIVE_LENGTH_MEASURE(0.1),#17187);
#17216 = DRAUGHTING_PRE_DEFINED_CURVE_FONT('continuous');
#17217 = STYLED_ITEM('color',(#17218),#3787);
#17218 = PRESENTATION_STYLE_ASSIGNMENT((#17219,#17224));
#17219 = SURFACE_STYLE_USAGE(.BOTH.,#17220);
#17220 = SURFACE_SIDE_STYLE('',(#17221));
#17221 = SURFACE_STYLE_FILL_AREA(#17222);
#17222 = FILL_AREA_STYLE('',(#17223));
#17223 = FILL_AREA_STYLE_COLOUR('',#17187);
#17224 = CURVE_STYLE('',#17225,POSITIVE_LENGTH_MEASURE(0.1),#17187);
#17225 = DRAUGHTING_PRE_DEFINED_CURVE_FONT('continuous');
#17226 = STYLED_ITEM('color',(#17227),#3799);
#17227 = PRESENTATION_STYLE_ASSIGNMENT((#17228,#17233));
#17228 = SURFACE_STYLE_USAGE(.BOTH.,#17229);
#17229 = SURFACE_SIDE_STYLE('',(#17230));
#17230 = SURFACE_STYLE_FILL_AREA(#17231);
#17231 = FILL_AREA_STYLE('',(#17232));
#17232 = FILL_AREA_STYLE_COLOUR('',#17187);
#17233 = CURVE_STYLE('',#17234,POSITIVE_LENGTH_MEASURE(0.1),#17187);
#17234 = DRAUGHTING_PRE_DEFINED_CURVE_FONT('continuous');
#17235 = STYLED_ITEM('color',(#17236),#3811);
#17236 = PRESENTATION_STYLE_ASSIGNMENT((#17237,#17242));
#17237 = SURFACE_STYLE_USAGE(.BOTH.,#17238);
#17238 = SURFACE_SIDE_STYLE('',(#17239));
#17239 = SURFACE_STYLE_FILL_AREA(#17240);
#17240 = FILL_AREA_STYLE('',(#17241));
#17241 = FILL_AREA_STYLE_COLOUR('',#17187);
#17242 = CURVE_STYLE('',#17243,POSITIVE_LENGTH_MEASURE(0.1),#17187);
#17243 = DRAUGHTING_PRE_DEFINED_CURVE_FONT('continuous');
#17244 = STYLED_ITEM('color',(#17245),#3823);
#17245 = PRESENTATION_STYLE_ASSIGNMENT((#17246,#17251));
#17246 = SURFACE_STYLE_USAGE(.BOTH.,#17247);
#17247 = SURFACE_SIDE_STYLE('',(#17248));
#17248 = SURFACE_STYLE_FILL_AREA(#17249);
#17249 = FILL_AREA_STYLE('',(#17250));
#17250 = FILL_AREA_STYLE_COLOUR('',#17187);
#17251 = CURVE_STYLE('',#17252,POSITIVE_LENGTH_MEASURE(0.1),#17187);
#17252 = DRAUGHTING_PRE_DEFINED_CURVE_FONT('continuous');
#17253 = STYLED_ITEM('color',(#17254),#3835);
#17254 = PRESENTATION_STYLE_ASSIGNMENT((#17255,#17260));
#17255 = SURFACE_STYLE_USAGE(.BOTH.,#17256);
#17256 = SURFACE_SIDE_STYLE('',(#17257));
#17257 = SURFACE_STYLE_FILL_AREA(#17258);
#17258 = FILL_AREA_STYLE('',(#17259));
#17259 = FILL_AREA_STYLE_COLOUR('',#17187);
#17260 = CURVE_STYLE('',#17261,POSITIVE_LENGTH_MEASURE(0.1),#17187);
#17261 = DRAUGHTING_PRE_DEFINED_CURVE_FONT('continuous');
#17262 = STYLED_ITEM('color',(#17263),#3847);
#17263 = PRESENTATION_STYLE_ASSIGNMENT((#17264,#17269));
#17264 = SURFACE_STYLE_USAGE(.BOTH.,#17265);
#17265 = SURFACE_SIDE_STYLE('',(#17266));
#17266 = SURFACE_STYLE_FILL_AREA(#17267);
#17267 = FILL_AREA_STYLE('',(#17268));
#17268 = FILL_AREA_STYLE_COLOUR('',#17187);
#17269 = CURVE_STYLE('',#17270,POSITIVE_LENGTH_MEASURE(0.1),#17187);
#17270 = DRAUGHTING_PRE_DEFINED_CURVE_FONT('continuous');
#17271 = STYLED_ITEM('color',(#17272),#3859);
#17272 = PRESENTATION_STYLE_ASSIGNMENT((#17273,#17278));
#17273 = SURFACE_STYLE_USAGE(.BOTH.,#17274);
#17274 = SURFACE_SIDE_STYLE('',(#17275));
#17275 = SURFACE_STYLE_FILL_AREA(#17276);
#17276 = FILL_AREA_STYLE('',(#17277));
#17277 = FILL_AREA_STYLE_COLOUR('',#17187);
#17278 = CURVE_STYLE('',#17279,POSITIVE_LENGTH_MEASURE(0.1),#17187);
#17279 = DRAUGHTING_PRE_DEFINED_CURVE_FONT('continuous');
#17280 = STYLED_ITEM('color',(#17281),#3871);
#17281 = PRESENTATION_STYLE_ASSIGNMENT((#17282,#17287));
#17282 = SURFACE_STYLE_USAGE(.BOTH.,#17283);
#17283 = SURFACE_SIDE_STYLE('',(#17284));
#17284 = SURFACE_STYLE_FILL_AREA(#17285);
#17285 = FILL_AREA_STYLE('',(#17286));
#17286 = FILL_AREA_STYLE_COLOUR('',#17187);
#17287 = CURVE_STYLE('',#17288,POSITIVE_LENGTH_MEASURE(0.1),#17187);
#17288 = DRAUGHTING_PRE_DEFINED_CURVE_FONT('continuous');
#17289 = STYLED_ITEM('color',(#17290),#3883);
#17290 = PRESENTATION_STYLE_ASSIGNMENT((#17291,#17296));
#17291 = SURFACE_STYLE_USAGE(.BOTH.,#17292);
#17292 = SURFACE_SIDE_STYLE('',(#17293));
#17293 = SURFACE_STYLE_FILL_AREA(#17294);
#17294 = FILL_AREA_STYLE('',(#17295));
#17295 = FILL_AREA_STYLE_COLOUR('',#17187);
#17296 = CURVE_STYLE('',#17297,POSITIVE_LENGTH_MEASURE(0.1),#17187);
#17297 = DRAUGHTING_PRE_DEFINED_CURVE_FONT('continuous');
#17298 = STYLED_ITEM('color',(#17299),#3895);
#17299 = PRESENTATION_STYLE_ASSIGNMENT((#17300,#17305));
#17300 = SURFACE_STYLE_USAGE(.BOTH.,#17301);
#17301 = SURFACE_SIDE_STYLE('',(#17302));
#17302 = SURFACE_STYLE_FILL_AREA(#17303);
#17303 = FILL_AREA_STYLE('',(#17304));
#17304 = FILL_AREA_STYLE_COLOUR('',#17187);
#17305 = CURVE_STYLE('',#17306,POSITIVE_LENGTH_MEASURE(0.1),#17187);
#17306 = DRAUGHTING_PRE_DEFINED_CURVE_FONT('continuous');
#17307 = STYLED_ITEM('color',(#17308),#3907);
#17308 = PRESENTATION_STYLE_ASSIGNMENT((#17309,#17314));
#17309 = SURFACE_STYLE_USAGE(.BOTH.,#17310);
#17310 = SURFACE_SIDE_STYLE('',(#17311));
#17311 = SURFACE_STYLE_FILL_AREA(#17312);
#17312 = FILL_AREA_STYLE('',(#17313));
#17313 = FILL_AREA_STYLE_COLOUR('',#17187);
#17314 = CURVE_STYLE('',#17315,POSITIVE_LENGTH_MEASURE(0.1),#17187);
#17315 = DRAUGHTING_PRE_DEFINED_CURVE_FONT('continuous');
#17316 = STYLED_ITEM('color',(#17317),#3919);
#17317 = PRESENTATION_STYLE_ASSIGNMENT((#17318,#17323));
#17318 = SURFACE_STYLE_USAGE(.BOTH.,#17319);
#17319 = SURFACE_SIDE_STYLE('',(#17320));
#17320 = SURFACE_STYLE_FILL_AREA(#17321);
#17321 = FILL_AREA_STYLE('',(#17322));
#17322 = FILL_AREA_STYLE_COLOUR('',#17187);
#17323 = CURVE_STYLE('',#17324,POSITIVE_LENGTH_MEASURE(0.1),#17187);
#17324 = DRAUGHTING_PRE_DEFINED_CURVE_FONT('continuous');
#17325 = STYLED_ITEM('color',(#17326),#3931);
#17326 = PRESENTATION_STYLE_ASSIGNMENT((#17327,#17332));
#17327 = SURFACE_STYLE_USAGE(.BOTH.,#17328);
#17328 = SURFACE_SIDE_STYLE('',(#17329));
#17329 = SURFACE_STYLE_FILL_AREA(#17330);
#17330 = FILL_AREA_STYLE('',(#17331));
#17331 = FILL_AREA_STYLE_COLOUR('',#17187);
#17332 = CURVE_STYLE('',#17333,POSITIVE_LENGTH_MEASURE(0.1),#17187);
#17333 = DRAUGHTING_PRE_DEFINED_CURVE_FONT('continuous');
#17334 = STYLED_ITEM('color',(#17335),#3943);
#17335 = PRESENTATION_STYLE_ASSIGNMENT((#17336,#17341));
#17336 = SURFACE_STYLE_USAGE(.BOTH.,#17337);
#17337 = SURFACE_SIDE_STYLE('',(#17338));
#17338 = SURFACE_STYLE_FILL_AREA(#17339);
#17339 = FILL_AREA_STYLE('',(#17340));
#17340 = FILL_AREA_STYLE_COLOUR('',#17187);
#17341 = CURVE_STYLE('',#17342,POSITIVE_LENGTH_MEASURE(0.1),#17187);
#17342 = DRAUGHTING_PRE_DEFINED_CURVE_FONT('continuous');
#17343 = STYLED_ITEM('color',(#17344),#3955);
#17344 = PRESENTATION_STYLE_ASSIGNMENT((#17345,#17350));
#17345 = SURFACE_STYLE_USAGE(.BOTH.,#17346);
#17346 = SURFACE_SIDE_STYLE('',(#17347));
#17347 = SURFACE_STYLE_FILL_AREA(#17348);
#17348 = FILL_AREA_STYLE('',(#17349));
#17349 = FILL_AREA_STYLE_COLOUR('',#17187);
#17350 = CURVE_STYLE('',#17351,POSITIVE_LENGTH_MEASURE(0.1),#17187);
#17351 = DRAUGHTING_PRE_DEFINED_CURVE_FONT('continuous');
#17352 = STYLED_ITEM('color',(#17353),#3967);
#17353 = PRESENTATION_STYLE_ASSIGNMENT((#17354,#17359));
#17354 = SURFACE_STYLE_USAGE(.BOTH.,#17355);
#17355 = SURFACE_SIDE_STYLE('',(#17356));
#17356 = SURFACE_STYLE_FILL_AREA(#17357);
#17357 = FILL_AREA_STYLE('',(#17358));
#17358 = FILL_AREA_STYLE_COLOUR('',#17187);
#17359 = CURVE_STYLE('',#17360,POSITIVE_LENGTH_MEASURE(0.1),#17187);
#17360 = DRAUGHTING_PRE_DEFINED_CURVE_FONT('continuous');
#17361 = STYLED_ITEM('color',(#17362),#3979);
#17362 = PRESENTATION_STYLE_ASSIGNMENT((#17363,#17368));
#17363 = SURFACE_STYLE_USAGE(.BOTH.,#17364);
#17364 = SURFACE_SIDE_STYLE('',(#17365));
#17365 = SURFACE_STYLE_FILL_AREA(#17366);
#17366 = FILL_AREA_STYLE('',(#17367));
#17367 = FILL_AREA_STYLE_COLOUR('',#17187);
#17368 = CURVE_STYLE('',#17369,POSITIVE_LENGTH_MEASURE(0.1),#17187);
#17369 = DRAUGHTING_PRE_DEFINED_CURVE_FONT('continuous');
#17370 = STYLED_ITEM('color',(#17371),#3991);
#17371 = PRESENTATION_STYLE_ASSIGNMENT((#17372,#17377));
#17372 = SURFACE_STYLE_USAGE(.BOTH.,#17373);
#17373 = SURFACE_SIDE_STYLE('',(#17374));
#17374 = SURFACE_STYLE_FILL_AREA(#17375);
#17375 = FILL_AREA_STYLE('',(#17376));
#17376 = FILL_AREA_STYLE_COLOUR('',#17187);
#17377 = CURVE_STYLE('',#17378,POSITIVE_LENGTH_MEASURE(0.1),#17187);
#17378 = DRAUGHTING_PRE_DEFINED_CURVE_FONT('continuous');
#17379 = STYLED_ITEM('color',(#17380),#4003);
#17380 = PRESENTATION_STYLE_ASSIGNMENT((#17381,#17386));
#17381 = SURFACE_STYLE_USAGE(.BOTH.,#17382);
#17382 = SURFACE_SIDE_STYLE('',(#17383));
#17383 = SURFACE_STYLE_FILL_AREA(#17384);
#17384 = FILL_AREA_STYLE('',(#17385));
#17385 = FILL_AREA_STYLE_COLOUR('',#17187);
#17386 = CURVE_STYLE('',#17387,POSITIVE_LENGTH_MEASURE(0.1),#17187);
#17387 = DRAUGHTING_PRE_DEFINED_CURVE_FONT('continuous');
#17388 = STYLED_ITEM('color',(#17389),#4015);
#17389 = PRESENTATION_STYLE_ASSIGNMENT((#17390,#17395));
#17390 = SURFACE_STYLE_USAGE(.BOTH.,#17391);
#17391 = SURFACE_SIDE_STYLE('',(#17392));
#17392 = SURFACE_STYLE_FILL_AREA(#17393);
#17393 = FILL_AREA_STYLE('',(#17394));
#17394 = FILL_AREA_STYLE_COLOUR('',#17187);
#17395 = CURVE_STYLE('',#17396,POSITIVE_LENGTH_MEASURE(0.1),#17187);
#17396 = DRAUGHTING_PRE_DEFINED_CURVE_FONT('continuous');
#17397 = STYLED_ITEM('color',(#17398),#4027);
#17398 = PRESENTATION_STYLE_ASSIGNMENT((#17399,#17404));
#17399 = SURFACE_STYLE_USAGE(.BOTH.,#17400);
#17400 = SURFACE_SIDE_STYLE('',(#17401));
#17401 = SURFACE_STYLE_FILL_AREA(#17402);
#17402 = FILL_AREA_STYLE('',(#17403));
#17403 = FILL_AREA_STYLE_COLOUR('',#17187);
#17404 = CURVE_STYLE('',#17405,POSITIVE_LENGTH_MEASURE(0.1),#17187);
#17405 = DRAUGHTING_PRE_DEFINED_CURVE_FONT('continuous');
#17406 = STYLED_ITEM('color',(#17407),#4039);
#17407 = PRESENTATION_STYLE_ASSIGNMENT((#17408,#17413));
#17408 = SURFACE_STYLE_USAGE(.BOTH.,#17409);
#17409 = SURFACE_SIDE_STYLE('',(#17410));
#17410 = SURFACE_STYLE_FILL_AREA(#17411);
#17411 = FILL_AREA_STYLE('',(#17412));
#17412 = FILL_AREA_STYLE_COLOUR('',#17187);
#17413 = CURVE_STYLE('',#17414,POSITIVE_LENGTH_MEASURE(0.1),#17187);
#17414 = DRAUGHTING_PRE_DEFINED_CURVE_FONT('continuous');
#17415 = STYLED_ITEM('color',(#17416),#4051);
#17416 = PRESENTATION_STYLE_ASSIGNMENT((#17417,#17422));
#17417 = SURFACE_STYLE_USAGE(.BOTH.,#17418);
#17418 = SURFACE_SIDE_STYLE('',(#17419));
#17419 = SURFACE_STYLE_FILL_AREA(#17420);
#17420 = FILL_AREA_STYLE('',(#17421));
#17421 = FILL_AREA_STYLE_COLOUR('',#17187);
#17422 = CURVE_STYLE('',#17423,POSITIVE_LENGTH_MEASURE(0.1),#17187);
#17423 = DRAUGHTING_PRE_DEFINED_CURVE_FONT('continuous');
#17424 = STYLED_ITEM('color',(#17425),#4063);
#17425 = PRESENTATION_STYLE_ASSIGNMENT((#17426,#17431));
#17426 = SURFACE_STYLE_USAGE(.BOTH.,#17427);
#17427 = SURFACE_SIDE_STYLE('',(#17428));
#17428 = SURFACE_STYLE_FILL_AREA(#17429);
#17429 = FILL_AREA_STYLE('',(#17430));
#17430 = FILL_AREA_STYLE_COLOUR('',#17187);
#17431 = CURVE_STYLE('',#17432,POSITIVE_LENGTH_MEASURE(0.1),#17187);
#17432 = DRAUGHTING_PRE_DEFINED_CURVE_FONT('continuous');
#17433 = STYLED_ITEM('color',(#17434),#4075);
#17434 = PRESENTATION_STYLE_ASSIGNMENT((#17435,#17440));
#17435 = SURFACE_STYLE_USAGE(.BOTH.,#17436);
#17436 = SURFACE_SIDE_STYLE('',(#17437));
#17437 = SURFACE_STYLE_FILL_AREA(#17438);
#17438 = FILL_AREA_STYLE('',(#17439));
#17439 = FILL_AREA_STYLE_COLOUR('',#17187);
#17440 = CURVE_STYLE('',#17441,POSITIVE_LENGTH_MEASURE(0.1),#17187);
#17441 = DRAUGHTING_PRE_DEFINED_CURVE_FONT('continuous');
#17442 = STYLED_ITEM('color',(#17443),#4087);
#17443 = PRESENTATION_STYLE_ASSIGNMENT((#17444,#17449));
#17444 = SURFACE_STYLE_USAGE(.BOTH.,#17445);
#17445 = SURFACE_SIDE_STYLE('',(#17446));
#17446 = SURFACE_STYLE_FILL_AREA(#17447);
#17447 = FILL_AREA_STYLE('',(#17448));
#17448 = FILL_AREA_STYLE_COLOUR('',#17187);
#17449 = CURVE_STYLE('',#17450,POSITIVE_LENGTH_MEASURE(0.1),#17187);
#17450 = DRAUGHTING_PRE_DEFINED_CURVE_FONT('continuous');
#17451 = STYLED_ITEM('color',(#17452),#4099);
#17452 = PRESENTATION_STYLE_ASSIGNMENT((#17453,#17458));
#17453 = SURFACE_STYLE_USAGE(.BOTH.,#17454);
#17454 = SURFACE_SIDE_STYLE('',(#17455));
#17455 = SURFACE_STYLE_FILL_AREA(#17456);
#17456 = FILL_AREA_STYLE('',(#17457));
#17457 = FILL_AREA_STYLE_COLOUR('',#17187);
#17458 = CURVE_STYLE('',#17459,POSITIVE_LENGTH_MEASURE(0.1),#17187);
#17459 = DRAUGHTING_PRE_DEFINED_CURVE_FONT('continuous');
#17460 = STYLED_ITEM('color',(#17461),#4111);
#17461 = PRESENTATION_STYLE_ASSIGNMENT((#17462,#17467));
#17462 = SURFACE_STYLE_USAGE(.BOTH.,#17463);
#17463 = SURFACE_SIDE_STYLE('',(#17464));
#17464 = SURFACE_STYLE_FILL_AREA(#17465);
#17465 = FILL_AREA_STYLE('',(#17466));
#17466 = FILL_AREA_STYLE_COLOUR('',#17187);
#17467 = CURVE_STYLE('',#17468,POSITIVE_LENGTH_MEASURE(0.1),#17187);
#17468 = DRAUGHTING_PRE_DEFINED_CURVE_FONT('continuous');
#17469 = STYLED_ITEM('color',(#17470),#4123);
#17470 = PRESENTATION_STYLE_ASSIGNMENT((#17471,#17476));
#17471 = SURFACE_STYLE_USAGE(.BOTH.,#17472);
#17472 = SURFACE_SIDE_STYLE('',(#17473));
#17473 = SURFACE_STYLE_FILL_AREA(#17474);
#17474 = FILL_AREA_STYLE('',(#17475));
#17475 = FILL_AREA_STYLE_COLOUR('',#17187);
#17476 = CURVE_STYLE('',#17477,POSITIVE_LENGTH_MEASURE(0.1),#17187);
#17477 = DRAUGHTING_PRE_DEFINED_CURVE_FONT('continuous');
#17478 = STYLED_ITEM('color',(#17479),#4135);
#17479 = PRESENTATION_STYLE_ASSIGNMENT((#17480,#17485));
#17480 = SURFACE_STYLE_USAGE(.BOTH.,#17481);
#17481 = SURFACE_SIDE_STYLE('',(#17482));
#17482 = SURFACE_STYLE_FILL_AREA(#17483);
#17483 = FILL_AREA_STYLE('',(#17484));
#17484 = FILL_AREA_STYLE_COLOUR('',#17187);
#17485 = CURVE_STYLE('',#17486,POSITIVE_LENGTH_MEASURE(0.1),#17187);
#17486 = DRAUGHTING_PRE_DEFINED_CURVE_FONT('continuous');
#17487 = STYLED_ITEM('color',(#17488),#4147);
#17488 = PRESENTATION_STYLE_ASSIGNMENT((#17489,#17494));
#17489 = SURFACE_STYLE_USAGE(.BOTH.,#17490);
#17490 = SURFACE_SIDE_STYLE('',(#17491));
#17491 = SURFACE_STYLE_FILL_AREA(#17492);
#17492 = FILL_AREA_STYLE('',(#17493));
#17493 = FILL_AREA_STYLE_COLOUR('',#17187);
#17494 = CURVE_STYLE('',#17495,POSITIVE_LENGTH_MEASURE(0.1),#17187);
#17495 = DRAUGHTING_PRE_DEFINED_CURVE_FONT('continuous');
#17496 = STYLED_ITEM('color',(#17497),#4159);
#17497 = PRESENTATION_STYLE_ASSIGNMENT((#17498,#17503));
#17498 = SURFACE_STYLE_USAGE(.BOTH.,#17499);
#17499 = SURFACE_SIDE_STYLE('',(#17500));
#17500 = SURFACE_STYLE_FILL_AREA(#17501);
#17501 = FILL_AREA_STYLE('',(#17502));
#17502 = FILL_AREA_STYLE_COLOUR('',#17187);
#17503 = CURVE_STYLE('',#17504,POSITIVE_LENGTH_MEASURE(0.1),#17187);
#17504 = DRAUGHTING_PRE_DEFINED_CURVE_FONT('continuous');
#17505 = STYLED_ITEM('color',(#17506),#4171);
#17506 = PRESENTATION_STYLE_ASSIGNMENT((#17507,#17512));
#17507 = SURFACE_STYLE_USAGE(.BOTH.,#17508);
#17508 = SURFACE_SIDE_STYLE('',(#17509));
#17509 = SURFACE_STYLE_FILL_AREA(#17510);
#17510 = FILL_AREA_STYLE('',(#17511));
#17511 = FILL_AREA_STYLE_COLOUR('',#17187);
#17512 = CURVE_STYLE('',#17513,POSITIVE_LENGTH_MEASURE(0.1),#17187);
#17513 = DRAUGHTING_PRE_DEFINED_CURVE_FONT('continuous');
#17514 = STYLED_ITEM('color',(#17515),#4183);
#17515 = PRESENTATION_STYLE_ASSIGNMENT((#17516,#17521));
#17516 = SURFACE_STYLE_USAGE(.BOTH.,#17517);
#17517 = SURFACE_SIDE_STYLE('',(#17518));
#17518 = SURFACE_STYLE_FILL_AREA(#17519);
#17519 = FILL_AREA_STYLE('',(#17520));
#17520 = FILL_AREA_STYLE_COLOUR('',#17187);
#17521 = CURVE_STYLE('',#17522,POSITIVE_LENGTH_MEASURE(0.1),#17187);
#17522 = DRAUGHTING_PRE_DEFINED_CURVE_FONT('continuous');
#17523 = STYLED_ITEM('color',(#17524),#4195);
#17524 = PRESENTATION_STYLE_ASSIGNMENT((#17525,#17530));
#17525 = SURFACE_STYLE_USAGE(.BOTH.,#17526);
#17526 = SURFACE_SIDE_STYLE('',(#17527));
#17527 = SURFACE_STYLE_FILL_AREA(#17528);
#17528 = FILL_AREA_STYLE('',(#17529));
#17529 = FILL_AREA_STYLE_COLOUR('',#17187);
#17530 = CURVE_STYLE('',#17531,POSITIVE_LENGTH_MEASURE(0.1),#17187);
#17531 = DRAUGHTING_PRE_DEFINED_CURVE_FONT('continuous');
#17532 = STYLED_ITEM('color',(#17533),#4207);
#17533 = PRESENTATION_STYLE_ASSIGNMENT((#17534,#17539));
#17534 = SURFACE_STYLE_USAGE(.BOTH.,#17535);
#17535 = SURFACE_SIDE_STYLE('',(#17536));
#17536 = SURFACE_STYLE_FILL_AREA(#17537);
#17537 = FILL_AREA_STYLE('',(#17538));
#17538 = FILL_AREA_STYLE_COLOUR('',#17187);
#17539 = CURVE_STYLE('',#17540,POSITIVE_LENGTH_MEASURE(0.1),#17187);
#17540 = DRAUGHTING_PRE_DEFINED_CURVE_FONT('continuous');
#17541 = STYLED_ITEM('color',(#17542),#4219);
#17542 = PRESENTATION_STYLE_ASSIGNMENT((#17543,#17548));
#17543 = SURFACE_STYLE_USAGE(.BOTH.,#17544);
#17544 = SURFACE_SIDE_STYLE('',(#17545));
#17545 = SURFACE_STYLE_FILL_AREA(#17546);
#17546 = FILL_AREA_STYLE('',(#17547));
#17547 = FILL_AREA_STYLE_COLOUR('',#17187);
#17548 = CURVE_STYLE('',#17549,POSITIVE_LENGTH_MEASURE(0.1),#17187);
#17549 = DRAUGHTING_PRE_DEFINED_CURVE_FONT('continuous');
#17550 = STYLED_ITEM('color',(#17551),#4231);
#17551 = PRESENTATION_STYLE_ASSIGNMENT((#17552,#17557));
#17552 = SURFACE_STYLE_USAGE(.BOTH.,#17553);
#17553 = SURFACE_SIDE_STYLE('',(#17554));
#17554 = SURFACE_STYLE_FILL_AREA(#17555);
#17555 = FILL_AREA_STYLE('',(#17556));
#17556 = FILL_AREA_STYLE_COLOUR('',#17187);
#17557 = CURVE_STYLE('',#17558,POSITIVE_LENGTH_MEASURE(0.1),#17187);
#17558 = DRAUGHTING_PRE_DEFINED_CURVE_FONT('continuous');
#17559 = STYLED_ITEM('color',(#17560),#4243);
#17560 = PRESENTATION_STYLE_ASSIGNMENT((#17561,#17566));
#17561 = SURFACE_STYLE_USAGE(.BOTH.,#17562);
#17562 = SURFACE_SIDE_STYLE('',(#17563));
#17563 = SURFACE_STYLE_FILL_AREA(#17564);
#17564 = FILL_AREA_STYLE('',(#17565));
#17565 = FILL_AREA_STYLE_COLOUR('',#17187);
#17566 = CURVE_STYLE('',#17567,POSITIVE_LENGTH_MEASURE(0.1),#17187);
#17567 = DRAUGHTING_PRE_DEFINED_CURVE_FONT('continuous');
#17568 = STYLED_ITEM('color',(#17569),#4255);
#17569 = PRESENTATION_STYLE_ASSIGNMENT((#17570,#17575));
#17570 = SURFACE_STYLE_USAGE(.BOTH.,#17571);
#17571 = SURFACE_SIDE_STYLE('',(#17572));
#17572 = SURFACE_STYLE_FILL_AREA(#17573);
#17573 = FILL_AREA_STYLE('',(#17574));
#17574 = FILL_AREA_STYLE_COLOUR('',#17187);
#17575 = CURVE_STYLE('',#17576,POSITIVE_LENGTH_MEASURE(0.1),#17187);
#17576 = DRAUGHTING_PRE_DEFINED_CURVE_FONT('continuous');
#17577 = STYLED_ITEM('color',(#17578),#4267);
#17578 = PRESENTATION_STYLE_ASSIGNMENT((#17579,#17584));
#17579 = SURFACE_STYLE_USAGE(.BOTH.,#17580);
#17580 = SURFACE_SIDE_STYLE('',(#17581));
#17581 = SURFACE_STYLE_FILL_AREA(#17582);
#17582 = FILL_AREA_STYLE('',(#17583));
#17583 = FILL_AREA_STYLE_COLOUR('',#17187);
#17584 = CURVE_STYLE('',#17585,POSITIVE_LENGTH_MEASURE(0.1),#17187);
#17585 = DRAUGHTING_PRE_DEFINED_CURVE_FONT('continuous');
#17586 = STYLED_ITEM('color',(#17587),#4279);
#17587 = PRESENTATION_STYLE_ASSIGNMENT((#17588,#17593));
#17588 = SURFACE_STYLE_USAGE(.BOTH.,#17589);
#17589 = SURFACE_SIDE_STYLE('',(#17590));
#17590 = SURFACE_STYLE_FILL_AREA(#17591);
#17591 = FILL_AREA_STYLE('',(#17592));
#17592 = FILL_AREA_STYLE_COLOUR('',#17187);
#17593 = CURVE_STYLE('',#17594,POSITIVE_LENGTH_MEASURE(0.1),#17187);
#17594 = DRAUGHTING_PRE_DEFINED_CURVE_FONT('continuous');
#17595 = STYLED_ITEM('color',(#17596),#4291);
#17596 = PRESENTATION_STYLE_ASSIGNMENT((#17597,#17602));
#17597 = SURFACE_STYLE_USAGE(.BOTH.,#17598);
#17598 = SURFACE_SIDE_STYLE('',(#17599));
#17599 = SURFACE_STYLE_FILL_AREA(#17600);
#17600 = FILL_AREA_STYLE('',(#17601));
#17601 = FILL_AREA_STYLE_COLOUR('',#17187);
#17602 = CURVE_STYLE('',#17603,POSITIVE_LENGTH_MEASURE(0.1),#17187);
#17603 = DRAUGHTING_PRE_DEFINED_CURVE_FONT('continuous');
#17604 = STYLED_ITEM('color',(#17605),#4303);
#17605 = PRESENTATION_STYLE_ASSIGNMENT((#17606,#17611));
#17606 = SURFACE_STYLE_USAGE(.BOTH.,#17607);
#17607 = SURFACE_SIDE_STYLE('',(#17608));
#17608 = SURFACE_STYLE_FILL_AREA(#17609);
#17609 = FILL_AREA_STYLE('',(#17610));
#17610 = FILL_AREA_STYLE_COLOUR('',#17187);
#17611 = CURVE_STYLE('',#17612,POSITIVE_LENGTH_MEASURE(0.1),#17187);
#17612 = DRAUGHTING_PRE_DEFINED_CURVE_FONT('continuous');
#17613 = STYLED_ITEM('color',(#17614),#4315);
#17614 = PRESENTATION_STYLE_ASSIGNMENT((#17615,#17620));
#17615 = SURFACE_STYLE_USAGE(.BOTH.,#17616);
#17616 = SURFACE_SIDE_STYLE('',(#17617));
#17617 = SURFACE_STYLE_FILL_AREA(#17618);
#17618 = FILL_AREA_STYLE('',(#17619));
#17619 = FILL_AREA_STYLE_COLOUR('',#17187);
#17620 = CURVE_STYLE('',#17621,POSITIVE_LENGTH_MEASURE(0.1),#17187);
#17621 = DRAUGHTING_PRE_DEFINED_CURVE_FONT('continuous');
#17622 = STYLED_ITEM('color',(#17623),#4327);
#17623 = PRESENTATION_STYLE_ASSIGNMENT((#17624,#17629));
#17624 = SURFACE_STYLE_USAGE(.BOTH.,#17625);
#17625 = SURFACE_SIDE_STYLE('',(#17626));
#17626 = SURFACE_STYLE_FILL_AREA(#17627);
#17627 = FILL_AREA_STYLE('',(#17628));
#17628 = FILL_AREA_STYLE_COLOUR('',#17187);
#17629 = CURVE_STYLE('',#17630,POSITIVE_LENGTH_MEASURE(0.1),#17187);
#17630 = DRAUGHTING_PRE_DEFINED_CURVE_FONT('continuous');
#17631 = STYLED_ITEM('color',(#17632),#4339);
#17632 = PRESENTATION_STYLE_ASSIGNMENT((#17633,#17638));
#17633 = SURFACE_STYLE_USAGE(.BOTH.,#17634);
#17634 = SURFACE_SIDE_STYLE('',(#17635));
#17635 = SURFACE_STYLE_FILL_AREA(#17636);
#17636 = FILL_AREA_STYLE('',(#17637));
#17637 = FILL_AREA_STYLE_COLOUR('',#17187);
#17638 = CURVE_STYLE('',#17639,POSITIVE_LENGTH_MEASURE(0.1),#17187);
#17639 = DRAUGHTING_PRE_DEFINED_CURVE_FONT('continuous');
#17640 = STYLED_ITEM('color',(#17641),#4351);
#17641 = PRESENTATION_STYLE_ASSIGNMENT((#17642,#17647));
#17642 = SURFACE_STYLE_USAGE(.BOTH.,#17643);
#17643 = SURFACE_SIDE_STYLE('',(#17644));
#17644 = SURFACE_STYLE_FILL_AREA(#17645);
#17645 = FILL_AREA_STYLE('',(#17646));
#17646 = FILL_AREA_STYLE_COLOUR('',#17187);
#17647 = CURVE_STYLE('',#17648,POSITIVE_LENGTH_MEASURE(0.1),#17187);
#17648 = DRAUGHTING_PRE_DEFINED_CURVE_FONT('continuous');
#17649 = STYLED_ITEM('color',(#17650),#4363);
#17650 = PRESENTATION_STYLE_ASSIGNMENT((#17651,#17656));
#17651 = SURFACE_STYLE_USAGE(.BOTH.,#17652);
#17652 = SURFACE_SIDE_STYLE('',(#17653));
#17653 = SURFACE_STYLE_FILL_AREA(#17654);
#17654 = FILL_AREA_STYLE('',(#17655));
#17655 = FILL_AREA_STYLE_COLOUR('',#17187);
#17656 = CURVE_STYLE('',#17657,POSITIVE_LENGTH_MEASURE(0.1),#17187);
#17657 = DRAUGHTING_PRE_DEFINED_CURVE_FONT('continuous');
#17658 = STYLED_ITEM('color',(#17659),#4375);
#17659 = PRESENTATION_STYLE_ASSIGNMENT((#17660,#17665));
#17660 = SURFACE_STYLE_USAGE(.BOTH.,#17661);
#17661 = SURFACE_SIDE_STYLE('',(#17662));
#17662 = SURFACE_STYLE_FILL_AREA(#17663);
#17663 = FILL_AREA_STYLE('',(#17664));
#17664 = FILL_AREA_STYLE_COLOUR('',#17187);
#17665 = CURVE_STYLE('',#17666,POSITIVE_LENGTH_MEASURE(0.1),#17187);
#17666 = DRAUGHTING_PRE_DEFINED_CURVE_FONT('continuous');
#17667 = STYLED_ITEM('color',(#17668),#4387);
#17668 = PRESENTATION_STYLE_ASSIGNMENT((#17669,#17674));
#17669 = SURFACE_STYLE_USAGE(.BOTH.,#17670);
#17670 = SURFACE_SIDE_STYLE('',(#17671));
#17671 = SURFACE_STYLE_FILL_AREA(#17672);
#17672 = FILL_AREA_STYLE('',(#17673));
#17673 = FILL_AREA_STYLE_COLOUR('',#17187);
#17674 = CURVE_STYLE('',#17675,POSITIVE_LENGTH_MEASURE(0.1),#17187);
#17675 = DRAUGHTING_PRE_DEFINED_CURVE_FONT('continuous');
#17676 = STYLED_ITEM('color',(#17677),#4399);
#17677 = PRESENTATION_STYLE_ASSIGNMENT((#17678,#17683));
#17678 = SURFACE_STYLE_USAGE(.BOTH.,#17679);
#17679 = SURFACE_SIDE_STYLE('',(#17680));
#17680 = SURFACE_STYLE_FILL_AREA(#17681);
#17681 = FILL_AREA_STYLE('',(#17682));
#17682 = FILL_AREA_STYLE_COLOUR('',#17187);
#17683 = CURVE_STYLE('',#17684,POSITIVE_LENGTH_MEASURE(0.1),#17187);
#17684 = DRAUGHTING_PRE_DEFINED_CURVE_FONT('continuous');
#17685 = STYLED_ITEM('color',(#17686),#4411);
#17686 = PRESENTATION_STYLE_ASSIGNMENT((#17687,#17692));
#17687 = SURFACE_STYLE_USAGE(.BOTH.,#17688);
#17688 = SURFACE_SIDE_STYLE('',(#17689));
#17689 = SURFACE_STYLE_FILL_AREA(#17690);
#17690 = FILL_AREA_STYLE('',(#17691));
#17691 = FILL_AREA_STYLE_COLOUR('',#17187);
#17692 = CURVE_STYLE('',#17693,POSITIVE_LENGTH_MEASURE(0.1),#17187);
#17693 = DRAUGHTING_PRE_DEFINED_CURVE_FONT('continuous');
#17694 = STYLED_ITEM('color',(#17695),#4423);
#17695 = PRESENTATION_STYLE_ASSIGNMENT((#17696,#17701));
#17696 = SURFACE_STYLE_USAGE(.BOTH.,#17697);
#17697 = SURFACE_SIDE_STYLE('',(#17698));
#17698 = SURFACE_STYLE_FILL_AREA(#17699);
#17699 = FILL_AREA_STYLE('',(#17700));
#17700 = FILL_AREA_STYLE_COLOUR('',#17187);
#17701 = CURVE_STYLE('',#17702,POSITIVE_LENGTH_MEASURE(0.1),#17187);
#17702 = DRAUGHTING_PRE_DEFINED_CURVE_FONT('continuous');
#17703 = STYLED_ITEM('color',(#17704),#4435);
#17704 = PRESENTATION_STYLE_ASSIGNMENT((#17705,#17710));
#17705 = SURFACE_STYLE_USAGE(.BOTH.,#17706);
#17706 = SURFACE_SIDE_STYLE('',(#17707));
#17707 = SURFACE_STYLE_FILL_AREA(#17708);
#17708 = FILL_AREA_STYLE('',(#17709));
#17709 = FILL_AREA_STYLE_COLOUR('',#17187);
#17710 = CURVE_STYLE('',#17711,POSITIVE_LENGTH_MEASURE(0.1),#17187);
#17711 = DRAUGHTING_PRE_DEFINED_CURVE_FONT('continuous');
#17712 = STYLED_ITEM('color',(#17713),#4447);
#17713 = PRESENTATION_STYLE_ASSIGNMENT((#17714,#17719));
#17714 = SURFACE_STYLE_USAGE(.BOTH.,#17715);
#17715 = SURFACE_SIDE_STYLE('',(#17716));
#17716 = SURFACE_STYLE_FILL_AREA(#17717);
#17717 = FILL_AREA_STYLE('',(#17718));
#17718 = FILL_AREA_STYLE_COLOUR('',#17187);
#17719 = CURVE_STYLE('',#17720,POSITIVE_LENGTH_MEASURE(0.1),#17187);
#17720 = DRAUGHTING_PRE_DEFINED_CURVE_FONT('continuous');
#17721 = STYLED_ITEM('color',(#17722),#4459);
#17722 = PRESENTATION_STYLE_ASSIGNMENT((#17723,#17729));
#17723 = SURFACE_STYLE_USAGE(.BOTH.,#17724);
#17724 = SURFACE_SIDE_STYLE('',(#17725));
#17725 = SURFACE_STYLE_FILL_AREA(#17726);
#17726 = FILL_AREA_STYLE('',(#17727));
#17727 = FILL_AREA_STYLE_COLOUR('',#17728);
#17728 = COLOUR_RGB('',0.587999997538,0.587999997538,0.587999997538);
#17729 = CURVE_STYLE('',#17730,POSITIVE_LENGTH_MEASURE(0.1),#17728);
#17730 = DRAUGHTING_PRE_DEFINED_CURVE_FONT('continuous');
#17731 = STYLED_ITEM('color',(#17732),#4491);
#17732 = PRESENTATION_STYLE_ASSIGNMENT((#17733,#17738));
#17733 = SURFACE_STYLE_USAGE(.BOTH.,#17734);
#17734 = SURFACE_SIDE_STYLE('',(#17735));
#17735 = SURFACE_STYLE_FILL_AREA(#17736);
#17736 = FILL_AREA_STYLE('',(#17737));
#17737 = FILL_AREA_STYLE_COLOUR('',#17728);
#17738 = CURVE_STYLE('',#17739,POSITIVE_LENGTH_MEASURE(0.1),#17728);
#17739 = DRAUGHTING_PRE_DEFINED_CURVE_FONT('continuous');
#17740 = STYLED_ITEM('color',(#17741),#4500);
#17741 = PRESENTATION_STYLE_ASSIGNMENT((#17742,#17747));
#17742 = SURFACE_STYLE_USAGE(.BOTH.,#17743);
#17743 = SURFACE_SIDE_STYLE('',(#17744));
#17744 = SURFACE_STYLE_FILL_AREA(#17745);
#17745 = FILL_AREA_STYLE('',(#17746));
#17746 = FILL_AREA_STYLE_COLOUR('',#17728);
#17747 = CURVE_STYLE('',#17748,POSITIVE_LENGTH_MEASURE(0.1),#17728);
#17748 = DRAUGHTING_PRE_DEFINED_CURVE_FONT('continuous');
#17749 = STYLED_ITEM('color',(#17750),#4511);
#17750 = PRESENTATION_STYLE_ASSIGNMENT((#17751,#17757));
#17751 = SURFACE_STYLE_USAGE(.BOTH.,#17752);
#17752 = SURFACE_SIDE_STYLE('',(#17753));
#17753 = SURFACE_STYLE_FILL_AREA(#17754);
#17754 = FILL_AREA_STYLE('',(#17755));
#17755 = FILL_AREA_STYLE_COLOUR('',#17756);
#17756 = COLOUR_RGB('',0.196000005209,0.196000005209,0.196000005209);
#17757 = CURVE_STYLE('',#17758,POSITIVE_LENGTH_MEASURE(0.1),#17756);
#17758 = DRAUGHTING_PRE_DEFINED_CURVE_FONT('continuous');
#17759 = STYLED_ITEM('color',(#17760),#4551);
#17760 = PRESENTATION_STYLE_ASSIGNMENT((#17761,#17766));
#17761 = SURFACE_STYLE_USAGE(.BOTH.,#17762);
#17762 = SURFACE_SIDE_STYLE('',(#17763));
#17763 = SURFACE_STYLE_FILL_AREA(#17764);
#17764 = FILL_AREA_STYLE('',(#17765));
#17765 = FILL_AREA_STYLE_COLOUR('',#17756);
#17766 = CURVE_STYLE('',#17767,POSITIVE_LENGTH_MEASURE(0.1),#17756);
#17767 = DRAUGHTING_PRE_DEFINED_CURVE_FONT('continuous');
#17768 = STYLED_ITEM('color',(#17769),#4582);
#17769 = PRESENTATION_STYLE_ASSIGNMENT((#17770,#17775));
#17770 = SURFACE_STYLE_USAGE(.BOTH.,#17771);
#17771 = SURFACE_SIDE_STYLE('',(#17772));
#17772 = SURFACE_STYLE_FILL_AREA(#17773);
#17773 = FILL_AREA_STYLE('',(#17774));
#17774 = FILL_AREA_STYLE_COLOUR('',#17756);
#17775 = CURVE_STYLE('',#17776,POSITIVE_LENGTH_MEASURE(0.1),#17756);
#17776 = DRAUGHTING_PRE_DEFINED_CURVE_FONT('continuous');
#17777 = STYLED_ITEM('color',(#17778),#4613);
#17778 = PRESENTATION_STYLE_ASSIGNMENT((#17779,#17784));
#17779 = SURFACE_STYLE_USAGE(.BOTH.,#17780);
#17780 = SURFACE_SIDE_STYLE('',(#17781));
#17781 = SURFACE_STYLE_FILL_AREA(#17782);
#17782 = FILL_AREA_STYLE('',(#17783));
#17783 = FILL_AREA_STYLE_COLOUR('',#17756);
#17784 = CURVE_STYLE('',#17785,POSITIVE_LENGTH_MEASURE(0.1),#17756);
#17785 = DRAUGHTING_PRE_DEFINED_CURVE_FONT('continuous');
#17786 = STYLED_ITEM('color',(#17787),#4635);
#17787 = PRESENTATION_STYLE_ASSIGNMENT((#17788,#17793));
#17788 = SURFACE_STYLE_USAGE(.BOTH.,#17789);
#17789 = SURFACE_SIDE_STYLE('',(#17790));
#17790 = SURFACE_STYLE_FILL_AREA(#17791);
#17791 = FILL_AREA_STYLE('',(#17792));
#17792 = FILL_AREA_STYLE_COLOUR('',#17756);
#17793 = CURVE_STYLE('',#17794,POSITIVE_LENGTH_MEASURE(0.1),#17756);
#17794 = DRAUGHTING_PRE_DEFINED_CURVE_FONT('continuous');
#17795 = STYLED_ITEM('color',(#17796),#4647);
#17796 = PRESENTATION_STYLE_ASSIGNMENT((#17797,#17802));
#17797 = SURFACE_STYLE_USAGE(.BOTH.,#17798);
#17798 = SURFACE_SIDE_STYLE('',(#17799));
#17799 = SURFACE_STYLE_FILL_AREA(#17800);
#17800 = FILL_AREA_STYLE('',(#17801));
#17801 = FILL_AREA_STYLE_COLOUR('',#17756);
#17802 = CURVE_STYLE('',#17803,POSITIVE_LENGTH_MEASURE(0.1),#17756);
#17803 = DRAUGHTING_PRE_DEFINED_CURVE_FONT('continuous');
#17804 = MECHANICAL_DESIGN_GEOMETRIC_PRESENTATION_REPRESENTATION('',(
    #17805,#17815,#17825,#17834,#17843,#17852,#17861,#17870,#17879,
    #17888,#17897,#17906,#17915,#17924,#17933,#17942,#17951,#17960,
    #17969,#17978,#17987,#17996,#18005,#18014,#18023,#18032,#18041,
    #18050,#18059,#18068,#18077,#18086,#18095,#18104,#18113,#18122,
    #18131,#18140,#18149,#18158,#18167,#18176,#18185,#18194,#18203,
    #18212,#18221,#18230,#18239,#18248,#18257,#18266,#18275,#18284,
    #18293,#18302,#18311,#18320,#18329,#18338,#18347,#18356,#18365,
    #18374,#18383,#18392,#18401,#18410,#18419,#18428,#18437,#18446,
    #18455,#18464,#18473,#18482,#18491,#18500,#18509,#18518,#18527,
    #18536,#18545,#18554,#18563,#18573,#18582,#18591,#18600,#18609,
    #18618,#18627,#18636,#18645,#18654,#18663,#18672,#18681,#18690,
    #18699,#18708,#18717,#18726,#18735,#18744,#18753,#18762,#18771,
    #18780,#18789,#18798,#18807,#18816,#18825,#18834,#18843,#18852,
    #18861,#18870,#18879,#18888,#18897,#18906,#18915,#18924,#18933,
    #18942,#18951,#18960,#18969,#18978,#18987,#18996,#19005,#19014,
    #19023,#19032,#19041,#19050,#19059,#19068,#19077,#19086,#19095,
    #19104,#19113,#19122,#19131,#19140,#19149,#19158,#19167,#19176,
    #19185,#19194,#19203,#19212,#19221,#19230,#19239,#19248,#19257,
    #19266,#19275,#19284,#19293,#19302,#19311,#19320,#19329,#19338,
    #19347,#19356,#19365,#19374,#19383,#19392,#19401,#19410,#19419,
    #19428,#19437,#19446,#19455,#19464,#19473,#19482,#19491,#19500,
    #19509,#19518,#19527,#19536,#19545,#19554,#19563,#19572,#19581,
    #19590,#19599,#19608,#19617,#19626,#19635,#19644,#19653,#19662,
    #19671,#19680,#19689,#19698,#19707,#19716,#19725,#19734,#19743,
    #19752,#19761,#19770,#19779,#19788,#19797,#19806,#19815),#13758);
#17805 = STYLED_ITEM('color',(#17806),#8666);
#17806 = PRESENTATION_STYLE_ASSIGNMENT((#17807,#17813));
#17807 = SURFACE_STYLE_USAGE(.BOTH.,#17808);
#17808 = SURFACE_SIDE_STYLE('',(#17809));
#17809 = SURFACE_STYLE_FILL_AREA(#17810);
#17810 = FILL_AREA_STYLE('',(#17811));
#17811 = FILL_AREA_STYLE_COLOUR('',#17812);
#17812 = COLOUR_RGB('',0.372321999003,0.371573996933,0.373173001298);
#17813 = CURVE_STYLE('',#17814,POSITIVE_LENGTH_MEASURE(0.1),#17812);
#17814 = DRAUGHTING_PRE_DEFINED_CURVE_FONT('continuous');
#17815 = OVER_RIDING_STYLED_ITEM('overriding color',(#17816),#8680,
  #17805);
#17816 = PRESENTATION_STYLE_ASSIGNMENT((#17817,#17823));
#17817 = SURFACE_STYLE_USAGE(.BOTH.,#17818);
#17818 = SURFACE_SIDE_STYLE('',(#17819));
#17819 = SURFACE_STYLE_FILL_AREA(#17820);
#17820 = FILL_AREA_STYLE('',(#17821));
#17821 = FILL_AREA_STYLE_COLOUR('',#17822);
#17822 = COLOUR_RGB('',0.858999988747,0.738000004258,0.496000005009);
#17823 = CURVE_STYLE('',#17824,POSITIVE_LENGTH_MEASURE(0.1),#17822);
#17824 = DRAUGHTING_PRE_DEFINED_CURVE_FONT('continuous');
#17825 = STYLED_ITEM('color',(#17826),#8706);
#17826 = PRESENTATION_STYLE_ASSIGNMENT((#17827,#17832));
#17827 = SURFACE_STYLE_USAGE(.BOTH.,#17828);
#17828 = SURFACE_SIDE_STYLE('',(#17829));
#17829 = SURFACE_STYLE_FILL_AREA(#17830);
#17830 = FILL_AREA_STYLE('',(#17831));
#17831 = FILL_AREA_STYLE_COLOUR('',#17812);
#17832 = CURVE_STYLE('',#17833,POSITIVE_LENGTH_MEASURE(0.1),#17812);
#17833 = DRAUGHTING_PRE_DEFINED_CURVE_FONT('continuous');
#17834 = OVER_RIDING_STYLED_ITEM('overriding color',(#17835),#8711,
  #17825);
#17835 = PRESENTATION_STYLE_ASSIGNMENT((#17836,#17841));
#17836 = SURFACE_STYLE_USAGE(.BOTH.,#17837);
#17837 = SURFACE_SIDE_STYLE('',(#17838));
#17838 = SURFACE_STYLE_FILL_AREA(#17839);
#17839 = FILL_AREA_STYLE('',(#17840));
#17840 = FILL_AREA_STYLE_COLOUR('',#17822);
#17841 = CURVE_STYLE('',#17842,POSITIVE_LENGTH_MEASURE(0.1),#17822);
#17842 = DRAUGHTING_PRE_DEFINED_CURVE_FONT('continuous');
#17843 = STYLED_ITEM('color',(#17844),#8739);
#17844 = PRESENTATION_STYLE_ASSIGNMENT((#17845,#17850));
#17845 = SURFACE_STYLE_USAGE(.BOTH.,#17846);
#17846 = SURFACE_SIDE_STYLE('',(#17847));
#17847 = SURFACE_STYLE_FILL_AREA(#17848);
#17848 = FILL_AREA_STYLE('',(#17849));
#17849 = FILL_AREA_STYLE_COLOUR('',#17812);
#17850 = CURVE_STYLE('',#17851,POSITIVE_LENGTH_MEASURE(0.1),#17812);
#17851 = DRAUGHTING_PRE_DEFINED_CURVE_FONT('continuous');
#17852 = STYLED_ITEM('color',(#17853),#8798);
#17853 = PRESENTATION_STYLE_ASSIGNMENT((#17854,#17859));
#17854 = SURFACE_STYLE_USAGE(.BOTH.,#17855);
#17855 = SURFACE_SIDE_STYLE('',(#17856));
#17856 = SURFACE_STYLE_FILL_AREA(#17857);
#17857 = FILL_AREA_STYLE('',(#17858));
#17858 = FILL_AREA_STYLE_COLOUR('',#17812);
#17859 = CURVE_STYLE('',#17860,POSITIVE_LENGTH_MEASURE(0.1),#17812);
#17860 = DRAUGHTING_PRE_DEFINED_CURVE_FONT('continuous');
#17861 = OVER_RIDING_STYLED_ITEM('overriding color',(#17862),#8810,
  #17852);
#17862 = PRESENTATION_STYLE_ASSIGNMENT((#17863,#17868));
#17863 = SURFACE_STYLE_USAGE(.BOTH.,#17864);
#17864 = SURFACE_SIDE_STYLE('',(#17865));
#17865 = SURFACE_STYLE_FILL_AREA(#17866);
#17866 = FILL_AREA_STYLE('',(#17867));
#17867 = FILL_AREA_STYLE_COLOUR('',#17822);
#17868 = CURVE_STYLE('',#17869,POSITIVE_LENGTH_MEASURE(0.1),#17822);
#17869 = DRAUGHTING_PRE_DEFINED_CURVE_FONT('continuous');
#17870 = STYLED_ITEM('color',(#17871),#8823);
#17871 = PRESENTATION_STYLE_ASSIGNMENT((#17872,#17877));
#17872 = SURFACE_STYLE_USAGE(.BOTH.,#17873);
#17873 = SURFACE_SIDE_STYLE('',(#17874));
#17874 = SURFACE_STYLE_FILL_AREA(#17875);
#17875 = FILL_AREA_STYLE('',(#17876));
#17876 = FILL_AREA_STYLE_COLOUR('',#17822);
#17877 = CURVE_STYLE('',#17878,POSITIVE_LENGTH_MEASURE(0.1),#17822);
#17878 = DRAUGHTING_PRE_DEFINED_CURVE_FONT('continuous');
#17879 = OVER_RIDING_STYLED_ITEM('overriding color',(#17880),#8899,
  #17870);
#17880 = PRESENTATION_STYLE_ASSIGNMENT((#17881,#17886));
#17881 = SURFACE_STYLE_USAGE(.BOTH.,#17882);
#17882 = SURFACE_SIDE_STYLE('',(#17883));
#17883 = SURFACE_STYLE_FILL_AREA(#17884);
#17884 = FILL_AREA_STYLE('',(#17885));
#17885 = FILL_AREA_STYLE_COLOUR('',#17822);
#17886 = CURVE_STYLE('',#17887,POSITIVE_LENGTH_MEASURE(0.1),#17822);
#17887 = DRAUGHTING_PRE_DEFINED_CURVE_FONT('continuous');
#17888 = OVER_RIDING_STYLED_ITEM('overriding color',(#17889),#8907,
  #17870);
#17889 = PRESENTATION_STYLE_ASSIGNMENT((#17890,#17895));
#17890 = SURFACE_STYLE_USAGE(.BOTH.,#17891);
#17891 = SURFACE_SIDE_STYLE('',(#17892));
#17892 = SURFACE_STYLE_FILL_AREA(#17893);
#17893 = FILL_AREA_STYLE('',(#17894));
#17894 = FILL_AREA_STYLE_COLOUR('',#17822);
#17895 = CURVE_STYLE('',#17896,POSITIVE_LENGTH_MEASURE(0.1),#17822);
#17896 = DRAUGHTING_PRE_DEFINED_CURVE_FONT('continuous');
#17897 = OVER_RIDING_STYLED_ITEM('overriding color',(#17898),#8916,
  #17870);
#17898 = PRESENTATION_STYLE_ASSIGNMENT((#17899,#17904));
#17899 = SURFACE_STYLE_USAGE(.BOTH.,#17900);
#17900 = SURFACE_SIDE_STYLE('',(#17901));
#17901 = SURFACE_STYLE_FILL_AREA(#17902);
#17902 = FILL_AREA_STYLE('',(#17903));
#17903 = FILL_AREA_STYLE_COLOUR('',#17822);
#17904 = CURVE_STYLE('',#17905,POSITIVE_LENGTH_MEASURE(0.1),#17822);
#17905 = DRAUGHTING_PRE_DEFINED_CURVE_FONT('continuous');
#17906 = OVER_RIDING_STYLED_ITEM('overriding color',(#17907),#8924,
  #17870);
#17907 = PRESENTATION_STYLE_ASSIGNMENT((#17908,#17913));
#17908 = SURFACE_STYLE_USAGE(.BOTH.,#17909);
#17909 = SURFACE_SIDE_STYLE('',(#17910));
#17910 = SURFACE_STYLE_FILL_AREA(#17911);
#17911 = FILL_AREA_STYLE('',(#17912));
#17912 = FILL_AREA_STYLE_COLOUR('',#17822);
#17913 = CURVE_STYLE('',#17914,POSITIVE_LENGTH_MEASURE(0.1),#17822);
#17914 = DRAUGHTING_PRE_DEFINED_CURVE_FONT('continuous');
#17915 = OVER_RIDING_STYLED_ITEM('overriding color',(#17916),#8933,
  #17870);
#17916 = PRESENTATION_STYLE_ASSIGNMENT((#17917,#17922));
#17917 = SURFACE_STYLE_USAGE(.BOTH.,#17918);
#17918 = SURFACE_SIDE_STYLE('',(#17919));
#17919 = SURFACE_STYLE_FILL_AREA(#17920);
#17920 = FILL_AREA_STYLE('',(#17921));
#17921 = FILL_AREA_STYLE_COLOUR('',#17822);
#17922 = CURVE_STYLE('',#17923,POSITIVE_LENGTH_MEASURE(0.1),#17822);
#17923 = DRAUGHTING_PRE_DEFINED_CURVE_FONT('continuous');
#17924 = STYLED_ITEM('color',(#17925),#8944);
#17925 = PRESENTATION_STYLE_ASSIGNMENT((#17926,#17931));
#17926 = SURFACE_STYLE_USAGE(.BOTH.,#17927);
#17927 = SURFACE_SIDE_STYLE('',(#17928));
#17928 = SURFACE_STYLE_FILL_AREA(#17929);
#17929 = FILL_AREA_STYLE('',(#17930));
#17930 = FILL_AREA_STYLE_COLOUR('',#17812);
#17931 = CURVE_STYLE('',#17932,POSITIVE_LENGTH_MEASURE(0.1),#17812);
#17932 = DRAUGHTING_PRE_DEFINED_CURVE_FONT('continuous');
#17933 = STYLED_ITEM('color',(#17934),#8961);
#17934 = PRESENTATION_STYLE_ASSIGNMENT((#17935,#17940));
#17935 = SURFACE_STYLE_USAGE(.BOTH.,#17936);
#17936 = SURFACE_SIDE_STYLE('',(#17937));
#17937 = SURFACE_STYLE_FILL_AREA(#17938);
#17938 = FILL_AREA_STYLE('',(#17939));
#17939 = FILL_AREA_STYLE_COLOUR('',#17812);
#17940 = CURVE_STYLE('',#17941,POSITIVE_LENGTH_MEASURE(0.1),#17812);
#17941 = DRAUGHTING_PRE_DEFINED_CURVE_FONT('continuous');
#17942 = STYLED_ITEM('color',(#17943),#8978);
#17943 = PRESENTATION_STYLE_ASSIGNMENT((#17944,#17949));
#17944 = SURFACE_STYLE_USAGE(.BOTH.,#17945);
#17945 = SURFACE_SIDE_STYLE('',(#17946));
#17946 = SURFACE_STYLE_FILL_AREA(#17947);
#17947 = FILL_AREA_STYLE('',(#17948));
#17948 = FILL_AREA_STYLE_COLOUR('',#17812);
#17949 = CURVE_STYLE('',#17950,POSITIVE_LENGTH_MEASURE(0.1),#17812);
#17950 = DRAUGHTING_PRE_DEFINED_CURVE_FONT('continuous');
#17951 = STYLED_ITEM('color',(#17952),#8995);
#17952 = PRESENTATION_STYLE_ASSIGNMENT((#17953,#17958));
#17953 = SURFACE_STYLE_USAGE(.BOTH.,#17954);
#17954 = SURFACE_SIDE_STYLE('',(#17955));
#17955 = SURFACE_STYLE_FILL_AREA(#17956);
#17956 = FILL_AREA_STYLE('',(#17957));
#17957 = FILL_AREA_STYLE_COLOUR('',#17812);
#17958 = CURVE_STYLE('',#17959,POSITIVE_LENGTH_MEASURE(0.1),#17812);
#17959 = DRAUGHTING_PRE_DEFINED_CURVE_FONT('continuous');
#17960 = STYLED_ITEM('color',(#17961),#9012);
#17961 = PRESENTATION_STYLE_ASSIGNMENT((#17962,#17967));
#17962 = SURFACE_STYLE_USAGE(.BOTH.,#17963);
#17963 = SURFACE_SIDE_STYLE('',(#17964));
#17964 = SURFACE_STYLE_FILL_AREA(#17965);
#17965 = FILL_AREA_STYLE('',(#17966));
#17966 = FILL_AREA_STYLE_COLOUR('',#17812);
#17967 = CURVE_STYLE('',#17968,POSITIVE_LENGTH_MEASURE(0.1),#17812);
#17968 = DRAUGHTING_PRE_DEFINED_CURVE_FONT('continuous');
#17969 = STYLED_ITEM('color',(#17970),#9024);
#17970 = PRESENTATION_STYLE_ASSIGNMENT((#17971,#17976));
#17971 = SURFACE_STYLE_USAGE(.BOTH.,#17972);
#17972 = SURFACE_SIDE_STYLE('',(#17973));
#17973 = SURFACE_STYLE_FILL_AREA(#17974);
#17974 = FILL_AREA_STYLE('',(#17975));
#17975 = FILL_AREA_STYLE_COLOUR('',#17822);
#17976 = CURVE_STYLE('',#17977,POSITIVE_LENGTH_MEASURE(0.1),#17822);
#17977 = DRAUGHTING_PRE_DEFINED_CURVE_FONT('continuous');
#17978 = STYLED_ITEM('color',(#17979),#9057);
#17979 = PRESENTATION_STYLE_ASSIGNMENT((#17980,#17985));
#17980 = SURFACE_STYLE_USAGE(.BOTH.,#17981);
#17981 = SURFACE_SIDE_STYLE('',(#17982));
#17982 = SURFACE_STYLE_FILL_AREA(#17983);
#17983 = FILL_AREA_STYLE('',(#17984));
#17984 = FILL_AREA_STYLE_COLOUR('',#17822);
#17985 = CURVE_STYLE('',#17986,POSITIVE_LENGTH_MEASURE(0.1),#17822);
#17986 = DRAUGHTING_PRE_DEFINED_CURVE_FONT('continuous');
#17987 = STYLED_ITEM('color',(#17988),#9083);
#17988 = PRESENTATION_STYLE_ASSIGNMENT((#17989,#17994));
#17989 = SURFACE_STYLE_USAGE(.BOTH.,#17990);
#17990 = SURFACE_SIDE_STYLE('',(#17991));
#17991 = SURFACE_STYLE_FILL_AREA(#17992);
#17992 = FILL_AREA_STYLE('',(#17993));
#17993 = FILL_AREA_STYLE_COLOUR('',#17822);
#17994 = CURVE_STYLE('',#17995,POSITIVE_LENGTH_MEASURE(0.1),#17822);
#17995 = DRAUGHTING_PRE_DEFINED_CURVE_FONT('continuous');
#17996 = STYLED_ITEM('color',(#17997),#9109);
#17997 = PRESENTATION_STYLE_ASSIGNMENT((#17998,#18003));
#17998 = SURFACE_STYLE_USAGE(.BOTH.,#17999);
#17999 = SURFACE_SIDE_STYLE('',(#18000));
#18000 = SURFACE_STYLE_FILL_AREA(#18001);
#18001 = FILL_AREA_STYLE('',(#18002));
#18002 = FILL_AREA_STYLE_COLOUR('',#17822);
#18003 = CURVE_STYLE('',#18004,POSITIVE_LENGTH_MEASURE(0.1),#17822);
#18004 = DRAUGHTING_PRE_DEFINED_CURVE_FONT('continuous');
#18005 = STYLED_ITEM('color',(#18006),#9134);
#18006 = PRESENTATION_STYLE_ASSIGNMENT((#18007,#18012));
#18007 = SURFACE_STYLE_USAGE(.BOTH.,#18008);
#18008 = SURFACE_SIDE_STYLE('',(#18009));
#18009 = SURFACE_STYLE_FILL_AREA(#18010);
#18010 = FILL_AREA_STYLE('',(#18011));
#18011 = FILL_AREA_STYLE_COLOUR('',#17822);
#18012 = CURVE_STYLE('',#18013,POSITIVE_LENGTH_MEASURE(0.1),#17822);
#18013 = DRAUGHTING_PRE_DEFINED_CURVE_FONT('continuous');
#18014 = STYLED_ITEM('color',(#18015),#9159);
#18015 = PRESENTATION_STYLE_ASSIGNMENT((#18016,#18021));
#18016 = SURFACE_STYLE_USAGE(.BOTH.,#18017);
#18017 = SURFACE_SIDE_STYLE('',(#18018));
#18018 = SURFACE_STYLE_FILL_AREA(#18019);
#18019 = FILL_AREA_STYLE('',(#18020));
#18020 = FILL_AREA_STYLE_COLOUR('',#17822);
#18021 = CURVE_STYLE('',#18022,POSITIVE_LENGTH_MEASURE(0.1),#17822);
#18022 = DRAUGHTING_PRE_DEFINED_CURVE_FONT('continuous');
#18023 = STYLED_ITEM('color',(#18024),#9185);
#18024 = PRESENTATION_STYLE_ASSIGNMENT((#18025,#18030));
#18025 = SURFACE_STYLE_USAGE(.BOTH.,#18026);
#18026 = SURFACE_SIDE_STYLE('',(#18027));
#18027 = SURFACE_STYLE_FILL_AREA(#18028);
#18028 = FILL_AREA_STYLE('',(#18029));
#18029 = FILL_AREA_STYLE_COLOUR('',#17822);
#18030 = CURVE_STYLE('',#18031,POSITIVE_LENGTH_MEASURE(0.1),#17822);
#18031 = DRAUGHTING_PRE_DEFINED_CURVE_FONT('continuous');
#18032 = STYLED_ITEM('color',(#18033),#9211);
#18033 = PRESENTATION_STYLE_ASSIGNMENT((#18034,#18039));
#18034 = SURFACE_STYLE_USAGE(.BOTH.,#18035);
#18035 = SURFACE_SIDE_STYLE('',(#18036));
#18036 = SURFACE_STYLE_FILL_AREA(#18037);
#18037 = FILL_AREA_STYLE('',(#18038));
#18038 = FILL_AREA_STYLE_COLOUR('',#17822);
#18039 = CURVE_STYLE('',#18040,POSITIVE_LENGTH_MEASURE(0.1),#17822);
#18040 = DRAUGHTING_PRE_DEFINED_CURVE_FONT('continuous');
#18041 = STYLED_ITEM('color',(#18042),#9228);
#18042 = PRESENTATION_STYLE_ASSIGNMENT((#18043,#18048));
#18043 = SURFACE_STYLE_USAGE(.BOTH.,#18044);
#18044 = SURFACE_SIDE_STYLE('',(#18045));
#18045 = SURFACE_STYLE_FILL_AREA(#18046);
#18046 = FILL_AREA_STYLE('',(#18047));
#18047 = FILL_AREA_STYLE_COLOUR('',#17822);
#18048 = CURVE_STYLE('',#18049,POSITIVE_LENGTH_MEASURE(0.1),#17822);
#18049 = DRAUGHTING_PRE_DEFINED_CURVE_FONT('continuous');
#18050 = STYLED_ITEM('color',(#18051),#9259);
#18051 = PRESENTATION_STYLE_ASSIGNMENT((#18052,#18057));
#18052 = SURFACE_STYLE_USAGE(.BOTH.,#18053);
#18053 = SURFACE_SIDE_STYLE('',(#18054));
#18054 = SURFACE_STYLE_FILL_AREA(#18055);
#18055 = FILL_AREA_STYLE('',(#18056));
#18056 = FILL_AREA_STYLE_COLOUR('',#17822);
#18057 = CURVE_STYLE('',#18058,POSITIVE_LENGTH_MEASURE(0.1),#17822);
#18058 = DRAUGHTING_PRE_DEFINED_CURVE_FONT('continuous');
#18059 = STYLED_ITEM('color',(#18060),#9284);
#18060 = PRESENTATION_STYLE_ASSIGNMENT((#18061,#18066));
#18061 = SURFACE_STYLE_USAGE(.BOTH.,#18062);
#18062 = SURFACE_SIDE_STYLE('',(#18063));
#18063 = SURFACE_STYLE_FILL_AREA(#18064);
#18064 = FILL_AREA_STYLE('',(#18065));
#18065 = FILL_AREA_STYLE_COLOUR('',#17822);
#18066 = CURVE_STYLE('',#18067,POSITIVE_LENGTH_MEASURE(0.1),#17822);
#18067 = DRAUGHTING_PRE_DEFINED_CURVE_FONT('continuous');
#18068 = STYLED_ITEM('color',(#18069),#9309);
#18069 = PRESENTATION_STYLE_ASSIGNMENT((#18070,#18075));
#18070 = SURFACE_STYLE_USAGE(.BOTH.,#18071);
#18071 = SURFACE_SIDE_STYLE('',(#18072));
#18072 = SURFACE_STYLE_FILL_AREA(#18073);
#18073 = FILL_AREA_STYLE('',(#18074));
#18074 = FILL_AREA_STYLE_COLOUR('',#17822);
#18075 = CURVE_STYLE('',#18076,POSITIVE_LENGTH_MEASURE(0.1),#17822);
#18076 = DRAUGHTING_PRE_DEFINED_CURVE_FONT('continuous');
#18077 = STYLED_ITEM('color',(#18078),#9333);
#18078 = PRESENTATION_STYLE_ASSIGNMENT((#18079,#18084));
#18079 = SURFACE_STYLE_USAGE(.BOTH.,#18080);
#18080 = SURFACE_SIDE_STYLE('',(#18081));
#18081 = SURFACE_STYLE_FILL_AREA(#18082);
#18082 = FILL_AREA_STYLE('',(#18083));
#18083 = FILL_AREA_STYLE_COLOUR('',#17822);
#18084 = CURVE_STYLE('',#18085,POSITIVE_LENGTH_MEASURE(0.1),#17822);
#18085 = DRAUGHTING_PRE_DEFINED_CURVE_FONT('continuous');
#18086 = STYLED_ITEM('color',(#18087),#9357);
#18087 = PRESENTATION_STYLE_ASSIGNMENT((#18088,#18093));
#18088 = SURFACE_STYLE_USAGE(.BOTH.,#18089);
#18089 = SURFACE_SIDE_STYLE('',(#18090));
#18090 = SURFACE_STYLE_FILL_AREA(#18091);
#18091 = FILL_AREA_STYLE('',(#18092));
#18092 = FILL_AREA_STYLE_COLOUR('',#17822);
#18093 = CURVE_STYLE('',#18094,POSITIVE_LENGTH_MEASURE(0.1),#17822);
#18094 = DRAUGHTING_PRE_DEFINED_CURVE_FONT('continuous');
#18095 = STYLED_ITEM('color',(#18096),#9382);
#18096 = PRESENTATION_STYLE_ASSIGNMENT((#18097,#18102));
#18097 = SURFACE_STYLE_USAGE(.BOTH.,#18098);
#18098 = SURFACE_SIDE_STYLE('',(#18099));
#18099 = SURFACE_STYLE_FILL_AREA(#18100);
#18100 = FILL_AREA_STYLE('',(#18101));
#18101 = FILL_AREA_STYLE_COLOUR('',#17822);
#18102 = CURVE_STYLE('',#18103,POSITIVE_LENGTH_MEASURE(0.1),#17822);
#18103 = DRAUGHTING_PRE_DEFINED_CURVE_FONT('continuous');
#18104 = STYLED_ITEM('color',(#18105),#9407);
#18105 = PRESENTATION_STYLE_ASSIGNMENT((#18106,#18111));
#18106 = SURFACE_STYLE_USAGE(.BOTH.,#18107);
#18107 = SURFACE_SIDE_STYLE('',(#18108));
#18108 = SURFACE_STYLE_FILL_AREA(#18109);
#18109 = FILL_AREA_STYLE('',(#18110));
#18110 = FILL_AREA_STYLE_COLOUR('',#17822);
#18111 = CURVE_STYLE('',#18112,POSITIVE_LENGTH_MEASURE(0.1),#17822);
#18112 = DRAUGHTING_PRE_DEFINED_CURVE_FONT('continuous');
#18113 = STYLED_ITEM('color',(#18114),#9424);
#18114 = PRESENTATION_STYLE_ASSIGNMENT((#18115,#18120));
#18115 = SURFACE_STYLE_USAGE(.BOTH.,#18116);
#18116 = SURFACE_SIDE_STYLE('',(#18117));
#18117 = SURFACE_STYLE_FILL_AREA(#18118);
#18118 = FILL_AREA_STYLE('',(#18119));
#18119 = FILL_AREA_STYLE_COLOUR('',#17822);
#18120 = CURVE_STYLE('',#18121,POSITIVE_LENGTH_MEASURE(0.1),#17822);
#18121 = DRAUGHTING_PRE_DEFINED_CURVE_FONT('continuous');
#18122 = STYLED_ITEM('color',(#18123),#9457);
#18123 = PRESENTATION_STYLE_ASSIGNMENT((#18124,#18129));
#18124 = SURFACE_STYLE_USAGE(.BOTH.,#18125);
#18125 = SURFACE_SIDE_STYLE('',(#18126));
#18126 = SURFACE_STYLE_FILL_AREA(#18127);
#18127 = FILL_AREA_STYLE('',(#18128));
#18128 = FILL_AREA_STYLE_COLOUR('',#17822);
#18129 = CURVE_STYLE('',#18130,POSITIVE_LENGTH_MEASURE(0.1),#17822);
#18130 = DRAUGHTING_PRE_DEFINED_CURVE_FONT('continuous');
#18131 = STYLED_ITEM('color',(#18132),#9483);
#18132 = PRESENTATION_STYLE_ASSIGNMENT((#18133,#18138));
#18133 = SURFACE_STYLE_USAGE(.BOTH.,#18134);
#18134 = SURFACE_SIDE_STYLE('',(#18135));
#18135 = SURFACE_STYLE_FILL_AREA(#18136);
#18136 = FILL_AREA_STYLE('',(#18137));
#18137 = FILL_AREA_STYLE_COLOUR('',#17822);
#18138 = CURVE_STYLE('',#18139,POSITIVE_LENGTH_MEASURE(0.1),#17822);
#18139 = DRAUGHTING_PRE_DEFINED_CURVE_FONT('continuous');
#18140 = STYLED_ITEM('color',(#18141),#9509);
#18141 = PRESENTATION_STYLE_ASSIGNMENT((#18142,#18147));
#18142 = SURFACE_STYLE_USAGE(.BOTH.,#18143);
#18143 = SURFACE_SIDE_STYLE('',(#18144));
#18144 = SURFACE_STYLE_FILL_AREA(#18145);
#18145 = FILL_AREA_STYLE('',(#18146));
#18146 = FILL_AREA_STYLE_COLOUR('',#17822);
#18147 = CURVE_STYLE('',#18148,POSITIVE_LENGTH_MEASURE(0.1),#17822);
#18148 = DRAUGHTING_PRE_DEFINED_CURVE_FONT('continuous');
#18149 = STYLED_ITEM('color',(#18150),#9534);
#18150 = PRESENTATION_STYLE_ASSIGNMENT((#18151,#18156));
#18151 = SURFACE_STYLE_USAGE(.BOTH.,#18152);
#18152 = SURFACE_SIDE_STYLE('',(#18153));
#18153 = SURFACE_STYLE_FILL_AREA(#18154);
#18154 = FILL_AREA_STYLE('',(#18155));
#18155 = FILL_AREA_STYLE_COLOUR('',#17822);
#18156 = CURVE_STYLE('',#18157,POSITIVE_LENGTH_MEASURE(0.1),#17822);
#18157 = DRAUGHTING_PRE_DEFINED_CURVE_FONT('continuous');
#18158 = STYLED_ITEM('color',(#18159),#9559);
#18159 = PRESENTATION_STYLE_ASSIGNMENT((#18160,#18165));
#18160 = SURFACE_STYLE_USAGE(.BOTH.,#18161);
#18161 = SURFACE_SIDE_STYLE('',(#18162));
#18162 = SURFACE_STYLE_FILL_AREA(#18163);
#18163 = FILL_AREA_STYLE('',(#18164));
#18164 = FILL_AREA_STYLE_COLOUR('',#17822);
#18165 = CURVE_STYLE('',#18166,POSITIVE_LENGTH_MEASURE(0.1),#17822);
#18166 = DRAUGHTING_PRE_DEFINED_CURVE_FONT('continuous');
#18167 = STYLED_ITEM('color',(#18168),#9585);
#18168 = PRESENTATION_STYLE_ASSIGNMENT((#18169,#18174));
#18169 = SURFACE_STYLE_USAGE(.BOTH.,#18170);
#18170 = SURFACE_SIDE_STYLE('',(#18171));
#18171 = SURFACE_STYLE_FILL_AREA(#18172);
#18172 = FILL_AREA_STYLE('',(#18173));
#18173 = FILL_AREA_STYLE_COLOUR('',#17822);
#18174 = CURVE_STYLE('',#18175,POSITIVE_LENGTH_MEASURE(0.1),#17822);
#18175 = DRAUGHTING_PRE_DEFINED_CURVE_FONT('continuous');
#18176 = STYLED_ITEM('color',(#18177),#9611);
#18177 = PRESENTATION_STYLE_ASSIGNMENT((#18178,#18183));
#18178 = SURFACE_STYLE_USAGE(.BOTH.,#18179);
#18179 = SURFACE_SIDE_STYLE('',(#18180));
#18180 = SURFACE_STYLE_FILL_AREA(#18181);
#18181 = FILL_AREA_STYLE('',(#18182));
#18182 = FILL_AREA_STYLE_COLOUR('',#17822);
#18183 = CURVE_STYLE('',#18184,POSITIVE_LENGTH_MEASURE(0.1),#17822);
#18184 = DRAUGHTING_PRE_DEFINED_CURVE_FONT('continuous');
#18185 = STYLED_ITEM('color',(#18186),#9628);
#18186 = PRESENTATION_STYLE_ASSIGNMENT((#18187,#18192));
#18187 = SURFACE_STYLE_USAGE(.BOTH.,#18188);
#18188 = SURFACE_SIDE_STYLE('',(#18189));
#18189 = SURFACE_STYLE_FILL_AREA(#18190);
#18190 = FILL_AREA_STYLE('',(#18191));
#18191 = FILL_AREA_STYLE_COLOUR('',#17822);
#18192 = CURVE_STYLE('',#18193,POSITIVE_LENGTH_MEASURE(0.1),#17822);
#18193 = DRAUGHTING_PRE_DEFINED_CURVE_FONT('continuous');
#18194 = STYLED_ITEM('color',(#18195),#9714);
#18195 = PRESENTATION_STYLE_ASSIGNMENT((#18196,#18201));
#18196 = SURFACE_STYLE_USAGE(.BOTH.,#18197);
#18197 = SURFACE_SIDE_STYLE('',(#18198));
#18198 = SURFACE_STYLE_FILL_AREA(#18199);
#18199 = FILL_AREA_STYLE('',(#18200));
#18200 = FILL_AREA_STYLE_COLOUR('',#17822);
#18201 = CURVE_STYLE('',#18202,POSITIVE_LENGTH_MEASURE(0.1),#17822);
#18202 = DRAUGHTING_PRE_DEFINED_CURVE_FONT('continuous');
#18203 = STYLED_ITEM('color',(#18204),#9747);
#18204 = PRESENTATION_STYLE_ASSIGNMENT((#18205,#18210));
#18205 = SURFACE_STYLE_USAGE(.BOTH.,#18206);
#18206 = SURFACE_SIDE_STYLE('',(#18207));
#18207 = SURFACE_STYLE_FILL_AREA(#18208);
#18208 = FILL_AREA_STYLE('',(#18209));
#18209 = FILL_AREA_STYLE_COLOUR('',#17822);
#18210 = CURVE_STYLE('',#18211,POSITIVE_LENGTH_MEASURE(0.1),#17822);
#18211 = DRAUGHTING_PRE_DEFINED_CURVE_FONT('continuous');
#18212 = STYLED_ITEM('color',(#18213),#9773);
#18213 = PRESENTATION_STYLE_ASSIGNMENT((#18214,#18219));
#18214 = SURFACE_STYLE_USAGE(.BOTH.,#18215);
#18215 = SURFACE_SIDE_STYLE('',(#18216));
#18216 = SURFACE_STYLE_FILL_AREA(#18217);
#18217 = FILL_AREA_STYLE('',(#18218));
#18218 = FILL_AREA_STYLE_COLOUR('',#17822);
#18219 = CURVE_STYLE('',#18220,POSITIVE_LENGTH_MEASURE(0.1),#17822);
#18220 = DRAUGHTING_PRE_DEFINED_CURVE_FONT('continuous');
#18221 = STYLED_ITEM('color',(#18222),#9799);
#18222 = PRESENTATION_STYLE_ASSIGNMENT((#18223,#18228));
#18223 = SURFACE_STYLE_USAGE(.BOTH.,#18224);
#18224 = SURFACE_SIDE_STYLE('',(#18225));
#18225 = SURFACE_STYLE_FILL_AREA(#18226);
#18226 = FILL_AREA_STYLE('',(#18227));
#18227 = FILL_AREA_STYLE_COLOUR('',#17822);
#18228 = CURVE_STYLE('',#18229,POSITIVE_LENGTH_MEASURE(0.1),#17822);
#18229 = DRAUGHTING_PRE_DEFINED_CURVE_FONT('continuous');
#18230 = STYLED_ITEM('color',(#18231),#9824);
#18231 = PRESENTATION_STYLE_ASSIGNMENT((#18232,#18237));
#18232 = SURFACE_STYLE_USAGE(.BOTH.,#18233);
#18233 = SURFACE_SIDE_STYLE('',(#18234));
#18234 = SURFACE_STYLE_FILL_AREA(#18235);
#18235 = FILL_AREA_STYLE('',(#18236));
#18236 = FILL_AREA_STYLE_COLOUR('',#17822);
#18237 = CURVE_STYLE('',#18238,POSITIVE_LENGTH_MEASURE(0.1),#17822);
#18238 = DRAUGHTING_PRE_DEFINED_CURVE_FONT('continuous');
#18239 = STYLED_ITEM('color',(#18240),#9849);
#18240 = PRESENTATION_STYLE_ASSIGNMENT((#18241,#18246));
#18241 = SURFACE_STYLE_USAGE(.BOTH.,#18242);
#18242 = SURFACE_SIDE_STYLE('',(#18243));
#18243 = SURFACE_STYLE_FILL_AREA(#18244);
#18244 = FILL_AREA_STYLE('',(#18245));
#18245 = FILL_AREA_STYLE_COLOUR('',#17822);
#18246 = CURVE_STYLE('',#18247,POSITIVE_LENGTH_MEASURE(0.1),#17822);
#18247 = DRAUGHTING_PRE_DEFINED_CURVE_FONT('continuous');
#18248 = STYLED_ITEM('color',(#18249),#9875);
#18249 = PRESENTATION_STYLE_ASSIGNMENT((#18250,#18255));
#18250 = SURFACE_STYLE_USAGE(.BOTH.,#18251);
#18251 = SURFACE_SIDE_STYLE('',(#18252));
#18252 = SURFACE_STYLE_FILL_AREA(#18253);
#18253 = FILL_AREA_STYLE('',(#18254));
#18254 = FILL_AREA_STYLE_COLOUR('',#17822);
#18255 = CURVE_STYLE('',#18256,POSITIVE_LENGTH_MEASURE(0.1),#17822);
#18256 = DRAUGHTING_PRE_DEFINED_CURVE_FONT('continuous');
#18257 = STYLED_ITEM('color',(#18258),#9901);
#18258 = PRESENTATION_STYLE_ASSIGNMENT((#18259,#18264));
#18259 = SURFACE_STYLE_USAGE(.BOTH.,#18260);
#18260 = SURFACE_SIDE_STYLE('',(#18261));
#18261 = SURFACE_STYLE_FILL_AREA(#18262);
#18262 = FILL_AREA_STYLE('',(#18263));
#18263 = FILL_AREA_STYLE_COLOUR('',#17822);
#18264 = CURVE_STYLE('',#18265,POSITIVE_LENGTH_MEASURE(0.1),#17822);
#18265 = DRAUGHTING_PRE_DEFINED_CURVE_FONT('continuous');
#18266 = STYLED_ITEM('color',(#18267),#9918);
#18267 = PRESENTATION_STYLE_ASSIGNMENT((#18268,#18273));
#18268 = SURFACE_STYLE_USAGE(.BOTH.,#18269);
#18269 = SURFACE_SIDE_STYLE('',(#18270));
#18270 = SURFACE_STYLE_FILL_AREA(#18271);
#18271 = FILL_AREA_STYLE('',(#18272));
#18272 = FILL_AREA_STYLE_COLOUR('',#17822);
#18273 = CURVE_STYLE('',#18274,POSITIVE_LENGTH_MEASURE(0.1),#17822);
#18274 = DRAUGHTING_PRE_DEFINED_CURVE_FONT('continuous');
#18275 = STYLED_ITEM('color',(#18276),#9949);
#18276 = PRESENTATION_STYLE_ASSIGNMENT((#18277,#18282));
#18277 = SURFACE_STYLE_USAGE(.BOTH.,#18278);
#18278 = SURFACE_SIDE_STYLE('',(#18279));
#18279 = SURFACE_STYLE_FILL_AREA(#18280);
#18280 = FILL_AREA_STYLE('',(#18281));
#18281 = FILL_AREA_STYLE_COLOUR('',#17822);
#18282 = CURVE_STYLE('',#18283,POSITIVE_LENGTH_MEASURE(0.1),#17822);
#18283 = DRAUGHTING_PRE_DEFINED_CURVE_FONT('continuous');
#18284 = STYLED_ITEM('color',(#18285),#9974);
#18285 = PRESENTATION_STYLE_ASSIGNMENT((#18286,#18291));
#18286 = SURFACE_STYLE_USAGE(.BOTH.,#18287);
#18287 = SURFACE_SIDE_STYLE('',(#18288));
#18288 = SURFACE_STYLE_FILL_AREA(#18289);
#18289 = FILL_AREA_STYLE('',(#18290));
#18290 = FILL_AREA_STYLE_COLOUR('',#17822);
#18291 = CURVE_STYLE('',#18292,POSITIVE_LENGTH_MEASURE(0.1),#17822);
#18292 = DRAUGHTING_PRE_DEFINED_CURVE_FONT('continuous');
#18293 = STYLED_ITEM('color',(#18294),#9999);
#18294 = PRESENTATION_STYLE_ASSIGNMENT((#18295,#18300));
#18295 = SURFACE_STYLE_USAGE(.BOTH.,#18296);
#18296 = SURFACE_SIDE_STYLE('',(#18297));
#18297 = SURFACE_STYLE_FILL_AREA(#18298);
#18298 = FILL_AREA_STYLE('',(#18299));
#18299 = FILL_AREA_STYLE_COLOUR('',#17822);
#18300 = CURVE_STYLE('',#18301,POSITIVE_LENGTH_MEASURE(0.1),#17822);
#18301 = DRAUGHTING_PRE_DEFINED_CURVE_FONT('continuous');
#18302 = STYLED_ITEM('color',(#18303),#10023);
#18303 = PRESENTATION_STYLE_ASSIGNMENT((#18304,#18309));
#18304 = SURFACE_STYLE_USAGE(.BOTH.,#18305);
#18305 = SURFACE_SIDE_STYLE('',(#18306));
#18306 = SURFACE_STYLE_FILL_AREA(#18307);
#18307 = FILL_AREA_STYLE('',(#18308));
#18308 = FILL_AREA_STYLE_COLOUR('',#17822);
#18309 = CURVE_STYLE('',#18310,POSITIVE_LENGTH_MEASURE(0.1),#17822);
#18310 = DRAUGHTING_PRE_DEFINED_CURVE_FONT('continuous');
#18311 = STYLED_ITEM('color',(#18312),#10047);
#18312 = PRESENTATION_STYLE_ASSIGNMENT((#18313,#18318));
#18313 = SURFACE_STYLE_USAGE(.BOTH.,#18314);
#18314 = SURFACE_SIDE_STYLE('',(#18315));
#18315 = SURFACE_STYLE_FILL_AREA(#18316);
#18316 = FILL_AREA_STYLE('',(#18317));
#18317 = FILL_AREA_STYLE_COLOUR('',#17822);
#18318 = CURVE_STYLE('',#18319,POSITIVE_LENGTH_MEASURE(0.1),#17822);
#18319 = DRAUGHTING_PRE_DEFINED_CURVE_FONT('continuous');
#18320 = STYLED_ITEM('color',(#18321),#10072);
#18321 = PRESENTATION_STYLE_ASSIGNMENT((#18322,#18327));
#18322 = SURFACE_STYLE_USAGE(.BOTH.,#18323);
#18323 = SURFACE_SIDE_STYLE('',(#18324));
#18324 = SURFACE_STYLE_FILL_AREA(#18325);
#18325 = FILL_AREA_STYLE('',(#18326));
#18326 = FILL_AREA_STYLE_COLOUR('',#17822);
#18327 = CURVE_STYLE('',#18328,POSITIVE_LENGTH_MEASURE(0.1),#17822);
#18328 = DRAUGHTING_PRE_DEFINED_CURVE_FONT('continuous');
#18329 = STYLED_ITEM('color',(#18330),#10097);
#18330 = PRESENTATION_STYLE_ASSIGNMENT((#18331,#18336));
#18331 = SURFACE_STYLE_USAGE(.BOTH.,#18332);
#18332 = SURFACE_SIDE_STYLE('',(#18333));
#18333 = SURFACE_STYLE_FILL_AREA(#18334);
#18334 = FILL_AREA_STYLE('',(#18335));
#18335 = FILL_AREA_STYLE_COLOUR('',#17822);
#18336 = CURVE_STYLE('',#18337,POSITIVE_LENGTH_MEASURE(0.1),#17822);
#18337 = DRAUGHTING_PRE_DEFINED_CURVE_FONT('continuous');
#18338 = STYLED_ITEM('color',(#18339),#10114);
#18339 = PRESENTATION_STYLE_ASSIGNMENT((#18340,#18345));
#18340 = SURFACE_STYLE_USAGE(.BOTH.,#18341);
#18341 = SURFACE_SIDE_STYLE('',(#18342));
#18342 = SURFACE_STYLE_FILL_AREA(#18343);
#18343 = FILL_AREA_STYLE('',(#18344));
#18344 = FILL_AREA_STYLE_COLOUR('',#17822);
#18345 = CURVE_STYLE('',#18346,POSITIVE_LENGTH_MEASURE(0.1),#17822);
#18346 = DRAUGHTING_PRE_DEFINED_CURVE_FONT('continuous');
#18347 = STYLED_ITEM('color',(#18348),#10147);
#18348 = PRESENTATION_STYLE_ASSIGNMENT((#18349,#18354));
#18349 = SURFACE_STYLE_USAGE(.BOTH.,#18350);
#18350 = SURFACE_SIDE_STYLE('',(#18351));
#18351 = SURFACE_STYLE_FILL_AREA(#18352);
#18352 = FILL_AREA_STYLE('',(#18353));
#18353 = FILL_AREA_STYLE_COLOUR('',#17822);
#18354 = CURVE_STYLE('',#18355,POSITIVE_LENGTH_MEASURE(0.1),#17822);
#18355 = DRAUGHTING_PRE_DEFINED_CURVE_FONT('continuous');
#18356 = STYLED_ITEM('color',(#18357),#10173);
#18357 = PRESENTATION_STYLE_ASSIGNMENT((#18358,#18363));
#18358 = SURFACE_STYLE_USAGE(.BOTH.,#18359);
#18359 = SURFACE_SIDE_STYLE('',(#18360));
#18360 = SURFACE_STYLE_FILL_AREA(#18361);
#18361 = FILL_AREA_STYLE('',(#18362));
#18362 = FILL_AREA_STYLE_COLOUR('',#17822);
#18363 = CURVE_STYLE('',#18364,POSITIVE_LENGTH_MEASURE(0.1),#17822);
#18364 = DRAUGHTING_PRE_DEFINED_CURVE_FONT('continuous');
#18365 = STYLED_ITEM('color',(#18366),#10199);
#18366 = PRESENTATION_STYLE_ASSIGNMENT((#18367,#18372));
#18367 = SURFACE_STYLE_USAGE(.BOTH.,#18368);
#18368 = SURFACE_SIDE_STYLE('',(#18369));
#18369 = SURFACE_STYLE_FILL_AREA(#18370);
#18370 = FILL_AREA_STYLE('',(#18371));
#18371 = FILL_AREA_STYLE_COLOUR('',#17822);
#18372 = CURVE_STYLE('',#18373,POSITIVE_LENGTH_MEASURE(0.1),#17822);
#18373 = DRAUGHTING_PRE_DEFINED_CURVE_FONT('continuous');
#18374 = STYLED_ITEM('color',(#18375),#10224);
#18375 = PRESENTATION_STYLE_ASSIGNMENT((#18376,#18381));
#18376 = SURFACE_STYLE_USAGE(.BOTH.,#18377);
#18377 = SURFACE_SIDE_STYLE('',(#18378));
#18378 = SURFACE_STYLE_FILL_AREA(#18379);
#18379 = FILL_AREA_STYLE('',(#18380));
#18380 = FILL_AREA_STYLE_COLOUR('',#17822);
#18381 = CURVE_STYLE('',#18382,POSITIVE_LENGTH_MEASURE(0.1),#17822);
#18382 = DRAUGHTING_PRE_DEFINED_CURVE_FONT('continuous');
#18383 = STYLED_ITEM('color',(#18384),#10249);
#18384 = PRESENTATION_STYLE_ASSIGNMENT((#18385,#18390));
#18385 = SURFACE_STYLE_USAGE(.BOTH.,#18386);
#18386 = SURFACE_SIDE_STYLE('',(#18387));
#18387 = SURFACE_STYLE_FILL_AREA(#18388);
#18388 = FILL_AREA_STYLE('',(#18389));
#18389 = FILL_AREA_STYLE_COLOUR('',#17822);
#18390 = CURVE_STYLE('',#18391,POSITIVE_LENGTH_MEASURE(0.1),#17822);
#18391 = DRAUGHTING_PRE_DEFINED_CURVE_FONT('continuous');
#18392 = STYLED_ITEM('color',(#18393),#10275);
#18393 = PRESENTATION_STYLE_ASSIGNMENT((#18394,#18399));
#18394 = SURFACE_STYLE_USAGE(.BOTH.,#18395);
#18395 = SURFACE_SIDE_STYLE('',(#18396));
#18396 = SURFACE_STYLE_FILL_AREA(#18397);
#18397 = FILL_AREA_STYLE('',(#18398));
#18398 = FILL_AREA_STYLE_COLOUR('',#17822);
#18399 = CURVE_STYLE('',#18400,POSITIVE_LENGTH_MEASURE(0.1),#17822);
#18400 = DRAUGHTING_PRE_DEFINED_CURVE_FONT('continuous');
#18401 = STYLED_ITEM('color',(#18402),#10301);
#18402 = PRESENTATION_STYLE_ASSIGNMENT((#18403,#18408));
#18403 = SURFACE_STYLE_USAGE(.BOTH.,#18404);
#18404 = SURFACE_SIDE_STYLE('',(#18405));
#18405 = SURFACE_STYLE_FILL_AREA(#18406);
#18406 = FILL_AREA_STYLE('',(#18407));
#18407 = FILL_AREA_STYLE_COLOUR('',#17822);
#18408 = CURVE_STYLE('',#18409,POSITIVE_LENGTH_MEASURE(0.1),#17822);
#18409 = DRAUGHTING_PRE_DEFINED_CURVE_FONT('continuous');
#18410 = STYLED_ITEM('color',(#18411),#10318);
#18411 = PRESENTATION_STYLE_ASSIGNMENT((#18412,#18417));
#18412 = SURFACE_STYLE_USAGE(.BOTH.,#18413);
#18413 = SURFACE_SIDE_STYLE('',(#18414));
#18414 = SURFACE_STYLE_FILL_AREA(#18415);
#18415 = FILL_AREA_STYLE('',(#18416));
#18416 = FILL_AREA_STYLE_COLOUR('',#17822);
#18417 = CURVE_STYLE('',#18418,POSITIVE_LENGTH_MEASURE(0.1),#17822);
#18418 = DRAUGHTING_PRE_DEFINED_CURVE_FONT('continuous');
#18419 = STYLED_ITEM('color',(#18420),#10404);
#18420 = PRESENTATION_STYLE_ASSIGNMENT((#18421,#18426));
#18421 = SURFACE_STYLE_USAGE(.BOTH.,#18422);
#18422 = SURFACE_SIDE_STYLE('',(#18423));
#18423 = SURFACE_STYLE_FILL_AREA(#18424);
#18424 = FILL_AREA_STYLE('',(#18425));
#18425 = FILL_AREA_STYLE_COLOUR('',#17822);
#18426 = CURVE_STYLE('',#18427,POSITIVE_LENGTH_MEASURE(0.1),#17822);
#18427 = DRAUGHTING_PRE_DEFINED_CURVE_FONT('continuous');
#18428 = STYLED_ITEM('color',(#18429),#10437);
#18429 = PRESENTATION_STYLE_ASSIGNMENT((#18430,#18435));
#18430 = SURFACE_STYLE_USAGE(.BOTH.,#18431);
#18431 = SURFACE_SIDE_STYLE('',(#18432));
#18432 = SURFACE_STYLE_FILL_AREA(#18433);
#18433 = FILL_AREA_STYLE('',(#18434));
#18434 = FILL_AREA_STYLE_COLOUR('',#17822);
#18435 = CURVE_STYLE('',#18436,POSITIVE_LENGTH_MEASURE(0.1),#17822);
#18436 = DRAUGHTING_PRE_DEFINED_CURVE_FONT('continuous');
#18437 = STYLED_ITEM('color',(#18438),#10463);
#18438 = PRESENTATION_STYLE_ASSIGNMENT((#18439,#18444));
#18439 = SURFACE_STYLE_USAGE(.BOTH.,#18440);
#18440 = SURFACE_SIDE_STYLE('',(#18441));
#18441 = SURFACE_STYLE_FILL_AREA(#18442);
#18442 = FILL_AREA_STYLE('',(#18443));
#18443 = FILL_AREA_STYLE_COLOUR('',#17822);
#18444 = CURVE_STYLE('',#18445,POSITIVE_LENGTH_MEASURE(0.1),#17822);
#18445 = DRAUGHTING_PRE_DEFINED_CURVE_FONT('continuous');
#18446 = STYLED_ITEM('color',(#18447),#10489);
#18447 = PRESENTATION_STYLE_ASSIGNMENT((#18448,#18453));
#18448 = SURFACE_STYLE_USAGE(.BOTH.,#18449);
#18449 = SURFACE_SIDE_STYLE('',(#18450));
#18450 = SURFACE_STYLE_FILL_AREA(#18451);
#18451 = FILL_AREA_STYLE('',(#18452));
#18452 = FILL_AREA_STYLE_COLOUR('',#17822);
#18453 = CURVE_STYLE('',#18454,POSITIVE_LENGTH_MEASURE(0.1),#17822);
#18454 = DRAUGHTING_PRE_DEFINED_CURVE_FONT('continuous');
#18455 = STYLED_ITEM('color',(#18456),#10514);
#18456 = PRESENTATION_STYLE_ASSIGNMENT((#18457,#18462));
#18457 = SURFACE_STYLE_USAGE(.BOTH.,#18458);
#18458 = SURFACE_SIDE_STYLE('',(#18459));
#18459 = SURFACE_STYLE_FILL_AREA(#18460);
#18460 = FILL_AREA_STYLE('',(#18461));
#18461 = FILL_AREA_STYLE_COLOUR('',#17822);
#18462 = CURVE_STYLE('',#18463,POSITIVE_LENGTH_MEASURE(0.1),#17822);
#18463 = DRAUGHTING_PRE_DEFINED_CURVE_FONT('continuous');
#18464 = STYLED_ITEM('color',(#18465),#10539);
#18465 = PRESENTATION_STYLE_ASSIGNMENT((#18466,#18471));
#18466 = SURFACE_STYLE_USAGE(.BOTH.,#18467);
#18467 = SURFACE_SIDE_STYLE('',(#18468));
#18468 = SURFACE_STYLE_FILL_AREA(#18469);
#18469 = FILL_AREA_STYLE('',(#18470));
#18470 = FILL_AREA_STYLE_COLOUR('',#17822);
#18471 = CURVE_STYLE('',#18472,POSITIVE_LENGTH_MEASURE(0.1),#17822);
#18472 = DRAUGHTING_PRE_DEFINED_CURVE_FONT('continuous');
#18473 = STYLED_ITEM('color',(#18474),#10565);
#18474 = PRESENTATION_STYLE_ASSIGNMENT((#18475,#18480));
#18475 = SURFACE_STYLE_USAGE(.BOTH.,#18476);
#18476 = SURFACE_SIDE_STYLE('',(#18477));
#18477 = SURFACE_STYLE_FILL_AREA(#18478);
#18478 = FILL_AREA_STYLE('',(#18479));
#18479 = FILL_AREA_STYLE_COLOUR('',#17822);
#18480 = CURVE_STYLE('',#18481,POSITIVE_LENGTH_MEASURE(0.1),#17822);
#18481 = DRAUGHTING_PRE_DEFINED_CURVE_FONT('continuous');
#18482 = STYLED_ITEM('color',(#18483),#10591);
#18483 = PRESENTATION_STYLE_ASSIGNMENT((#18484,#18489));
#18484 = SURFACE_STYLE_USAGE(.BOTH.,#18485);
#18485 = SURFACE_SIDE_STYLE('',(#18486));
#18486 = SURFACE_STYLE_FILL_AREA(#18487);
#18487 = FILL_AREA_STYLE('',(#18488));
#18488 = FILL_AREA_STYLE_COLOUR('',#17822);
#18489 = CURVE_STYLE('',#18490,POSITIVE_LENGTH_MEASURE(0.1),#17822);
#18490 = DRAUGHTING_PRE_DEFINED_CURVE_FONT('continuous');
#18491 = STYLED_ITEM('color',(#18492),#10608);
#18492 = PRESENTATION_STYLE_ASSIGNMENT((#18493,#18498));
#18493 = SURFACE_STYLE_USAGE(.BOTH.,#18494);
#18494 = SURFACE_SIDE_STYLE('',(#18495));
#18495 = SURFACE_STYLE_FILL_AREA(#18496);
#18496 = FILL_AREA_STYLE('',(#18497));
#18497 = FILL_AREA_STYLE_COLOUR('',#17822);
#18498 = CURVE_STYLE('',#18499,POSITIVE_LENGTH_MEASURE(0.1),#17822);
#18499 = DRAUGHTING_PRE_DEFINED_CURVE_FONT('continuous');
#18500 = STYLED_ITEM('color',(#18501),#10639);
#18501 = PRESENTATION_STYLE_ASSIGNMENT((#18502,#18507));
#18502 = SURFACE_STYLE_USAGE(.BOTH.,#18503);
#18503 = SURFACE_SIDE_STYLE('',(#18504));
#18504 = SURFACE_STYLE_FILL_AREA(#18505);
#18505 = FILL_AREA_STYLE('',(#18506));
#18506 = FILL_AREA_STYLE_COLOUR('',#17822);
#18507 = CURVE_STYLE('',#18508,POSITIVE_LENGTH_MEASURE(0.1),#17822);
#18508 = DRAUGHTING_PRE_DEFINED_CURVE_FONT('continuous');
#18509 = STYLED_ITEM('color',(#18510),#10664);
#18510 = PRESENTATION_STYLE_ASSIGNMENT((#18511,#18516));
#18511 = SURFACE_STYLE_USAGE(.BOTH.,#18512);
#18512 = SURFACE_SIDE_STYLE('',(#18513));
#18513 = SURFACE_STYLE_FILL_AREA(#18514);
#18514 = FILL_AREA_STYLE('',(#18515));
#18515 = FILL_AREA_STYLE_COLOUR('',#17822);
#18516 = CURVE_STYLE('',#18517,POSITIVE_LENGTH_MEASURE(0.1),#17822);
#18517 = DRAUGHTING_PRE_DEFINED_CURVE_FONT('continuous');
#18518 = STYLED_ITEM('color',(#18519),#10689);
#18519 = PRESENTATION_STYLE_ASSIGNMENT((#18520,#18525));
#18520 = SURFACE_STYLE_USAGE(.BOTH.,#18521);
#18521 = SURFACE_SIDE_STYLE('',(#18522));
#18522 = SURFACE_STYLE_FILL_AREA(#18523);
#18523 = FILL_AREA_STYLE('',(#18524));
#18524 = FILL_AREA_STYLE_COLOUR('',#17822);
#18525 = CURVE_STYLE('',#18526,POSITIVE_LENGTH_MEASURE(0.1),#17822);
#18526 = DRAUGHTING_PRE_DEFINED_CURVE_FONT('continuous');
#18527 = STYLED_ITEM('color',(#18528),#10713);
#18528 = PRESENTATION_STYLE_ASSIGNMENT((#18529,#18534));
#18529 = SURFACE_STYLE_USAGE(.BOTH.,#18530);
#18530 = SURFACE_SIDE_STYLE('',(#18531));
#18531 = SURFACE_STYLE_FILL_AREA(#18532);
#18532 = FILL_AREA_STYLE('',(#18533));
#18533 = FILL_AREA_STYLE_COLOUR('',#17822);
#18534 = CURVE_STYLE('',#18535,POSITIVE_LENGTH_MEASURE(0.1),#17822);
#18535 = DRAUGHTING_PRE_DEFINED_CURVE_FONT('continuous');
#18536 = STYLED_ITEM('color',(#18537),#10737);
#18537 = PRESENTATION_STYLE_ASSIGNMENT((#18538,#18543));
#18538 = SURFACE_STYLE_USAGE(.BOTH.,#18539);
#18539 = SURFACE_SIDE_STYLE('',(#18540));
#18540 = SURFACE_STYLE_FILL_AREA(#18541);
#18541 = FILL_AREA_STYLE('',(#18542));
#18542 = FILL_AREA_STYLE_COLOUR('',#17822);
#18543 = CURVE_STYLE('',#18544,POSITIVE_LENGTH_MEASURE(0.1),#17822);
#18544 = DRAUGHTING_PRE_DEFINED_CURVE_FONT('continuous');
#18545 = STYLED_ITEM('color',(#18546),#10762);
#18546 = PRESENTATION_STYLE_ASSIGNMENT((#18547,#18552));
#18547 = SURFACE_STYLE_USAGE(.BOTH.,#18548);
#18548 = SURFACE_SIDE_STYLE('',(#18549));
#18549 = SURFACE_STYLE_FILL_AREA(#18550);
#18550 = FILL_AREA_STYLE('',(#18551));
#18551 = FILL_AREA_STYLE_COLOUR('',#17822);
#18552 = CURVE_STYLE('',#18553,POSITIVE_LENGTH_MEASURE(0.1),#17822);
#18553 = DRAUGHTING_PRE_DEFINED_CURVE_FONT('continuous');
#18554 = STYLED_ITEM('color',(#18555),#10787);
#18555 = PRESENTATION_STYLE_ASSIGNMENT((#18556,#18561));
#18556 = SURFACE_STYLE_USAGE(.BOTH.,#18557);
#18557 = SURFACE_SIDE_STYLE('',(#18558));
#18558 = SURFACE_STYLE_FILL_AREA(#18559);
#18559 = FILL_AREA_STYLE('',(#18560));
#18560 = FILL_AREA_STYLE_COLOUR('',#17822);
#18561 = CURVE_STYLE('',#18562,POSITIVE_LENGTH_MEASURE(0.1),#17822);
#18562 = DRAUGHTING_PRE_DEFINED_CURVE_FONT('continuous');
#18563 = STYLED_ITEM('color',(#18564),#10804);
#18564 = PRESENTATION_STYLE_ASSIGNMENT((#18565,#18571));
#18565 = SURFACE_STYLE_USAGE(.BOTH.,#18566);
#18566 = SURFACE_SIDE_STYLE('',(#18567));
#18567 = SURFACE_STYLE_FILL_AREA(#18568);
#18568 = FILL_AREA_STYLE('',(#18569));
#18569 = FILL_AREA_STYLE_COLOUR('',#18570);
#18570 = COLOUR_RGB('',0.147999998088,0.145000001626,0.145000001626);
#18571 = CURVE_STYLE('',#18572,POSITIVE_LENGTH_MEASURE(0.1),#18570);
#18572 = DRAUGHTING_PRE_DEFINED_CURVE_FONT('continuous');
#18573 = STYLED_ITEM('color',(#18574),#10837);
#18574 = PRESENTATION_STYLE_ASSIGNMENT((#18575,#18580));
#18575 = SURFACE_STYLE_USAGE(.BOTH.,#18576);
#18576 = SURFACE_SIDE_STYLE('',(#18577));
#18577 = SURFACE_STYLE_FILL_AREA(#18578);
#18578 = FILL_AREA_STYLE('',(#18579));
#18579 = FILL_AREA_STYLE_COLOUR('',#18570);
#18580 = CURVE_STYLE('',#18581,POSITIVE_LENGTH_MEASURE(0.1),#18570);
#18581 = DRAUGHTING_PRE_DEFINED_CURVE_FONT('continuous');
#18582 = STYLED_ITEM('color',(#18583),#10863);
#18583 = PRESENTATION_STYLE_ASSIGNMENT((#18584,#18589));
#18584 = SURFACE_STYLE_USAGE(.BOTH.,#18585);
#18585 = SURFACE_SIDE_STYLE('',(#18586));
#18586 = SURFACE_STYLE_FILL_AREA(#18587);
#18587 = FILL_AREA_STYLE('',(#18588));
#18588 = FILL_AREA_STYLE_COLOUR('',#18570);
#18589 = CURVE_STYLE('',#18590,POSITIVE_LENGTH_MEASURE(0.1),#18570);
#18590 = DRAUGHTING_PRE_DEFINED_CURVE_FONT('continuous');
#18591 = STYLED_ITEM('color',(#18592),#10889);
#18592 = PRESENTATION_STYLE_ASSIGNMENT((#18593,#18598));
#18593 = SURFACE_STYLE_USAGE(.BOTH.,#18594);
#18594 = SURFACE_SIDE_STYLE('',(#18595));
#18595 = SURFACE_STYLE_FILL_AREA(#18596);
#18596 = FILL_AREA_STYLE('',(#18597));
#18597 = FILL_AREA_STYLE_COLOUR('',#18570);
#18598 = CURVE_STYLE('',#18599,POSITIVE_LENGTH_MEASURE(0.1),#18570);
#18599 = DRAUGHTING_PRE_DEFINED_CURVE_FONT('continuous');
#18600 = STYLED_ITEM('color',(#18601),#10914);
#18601 = PRESENTATION_STYLE_ASSIGNMENT((#18602,#18607));
#18602 = SURFACE_STYLE_USAGE(.BOTH.,#18603);
#18603 = SURFACE_SIDE_STYLE('',(#18604));
#18604 = SURFACE_STYLE_FILL_AREA(#18605);
#18605 = FILL_AREA_STYLE('',(#18606));
#18606 = FILL_AREA_STYLE_COLOUR('',#18570);
#18607 = CURVE_STYLE('',#18608,POSITIVE_LENGTH_MEASURE(0.1),#18570);
#18608 = DRAUGHTING_PRE_DEFINED_CURVE_FONT('continuous');
#18609 = STYLED_ITEM('color',(#18610),#10939);
#18610 = PRESENTATION_STYLE_ASSIGNMENT((#18611,#18616));
#18611 = SURFACE_STYLE_USAGE(.BOTH.,#18612);
#18612 = SURFACE_SIDE_STYLE('',(#18613));
#18613 = SURFACE_STYLE_FILL_AREA(#18614);
#18614 = FILL_AREA_STYLE('',(#18615));
#18615 = FILL_AREA_STYLE_COLOUR('',#18570);
#18616 = CURVE_STYLE('',#18617,POSITIVE_LENGTH_MEASURE(0.1),#18570);
#18617 = DRAUGHTING_PRE_DEFINED_CURVE_FONT('continuous');
#18618 = STYLED_ITEM('color',(#18619),#10965);
#18619 = PRESENTATION_STYLE_ASSIGNMENT((#18620,#18625));
#18620 = SURFACE_STYLE_USAGE(.BOTH.,#18621);
#18621 = SURFACE_SIDE_STYLE('',(#18622));
#18622 = SURFACE_STYLE_FILL_AREA(#18623);
#18623 = FILL_AREA_STYLE('',(#18624));
#18624 = FILL_AREA_STYLE_COLOUR('',#18570);
#18625 = CURVE_STYLE('',#18626,POSITIVE_LENGTH_MEASURE(0.1),#18570);
#18626 = DRAUGHTING_PRE_DEFINED_CURVE_FONT('continuous');
#18627 = STYLED_ITEM('color',(#18628),#10991);
#18628 = PRESENTATION_STYLE_ASSIGNMENT((#18629,#18634));
#18629 = SURFACE_STYLE_USAGE(.BOTH.,#18630);
#18630 = SURFACE_SIDE_STYLE('',(#18631));
#18631 = SURFACE_STYLE_FILL_AREA(#18632);
#18632 = FILL_AREA_STYLE('',(#18633));
#18633 = FILL_AREA_STYLE_COLOUR('',#18570);
#18634 = CURVE_STYLE('',#18635,POSITIVE_LENGTH_MEASURE(0.1),#18570);
#18635 = DRAUGHTING_PRE_DEFINED_CURVE_FONT('continuous');
#18636 = STYLED_ITEM('color',(#18637),#11008);
#18637 = PRESENTATION_STYLE_ASSIGNMENT((#18638,#18643));
#18638 = SURFACE_STYLE_USAGE(.BOTH.,#18639);
#18639 = SURFACE_SIDE_STYLE('',(#18640));
#18640 = SURFACE_STYLE_FILL_AREA(#18641);
#18641 = FILL_AREA_STYLE('',(#18642));
#18642 = FILL_AREA_STYLE_COLOUR('',#18570);
#18643 = CURVE_STYLE('',#18644,POSITIVE_LENGTH_MEASURE(0.1),#18570);
#18644 = DRAUGHTING_PRE_DEFINED_CURVE_FONT('continuous');
#18645 = STYLED_ITEM('color',(#18646),#11094);
#18646 = PRESENTATION_STYLE_ASSIGNMENT((#18647,#18652));
#18647 = SURFACE_STYLE_USAGE(.BOTH.,#18648);
#18648 = SURFACE_SIDE_STYLE('',(#18649));
#18649 = SURFACE_STYLE_FILL_AREA(#18650);
#18650 = FILL_AREA_STYLE('',(#18651));
#18651 = FILL_AREA_STYLE_COLOUR('',#18570);
#18652 = CURVE_STYLE('',#18653,POSITIVE_LENGTH_MEASURE(0.1),#18570);
#18653 = DRAUGHTING_PRE_DEFINED_CURVE_FONT('continuous');
#18654 = STYLED_ITEM('color',(#18655),#11147);
#18655 = PRESENTATION_STYLE_ASSIGNMENT((#18656,#18661));
#18656 = SURFACE_STYLE_USAGE(.BOTH.,#18657);
#18657 = SURFACE_SIDE_STYLE('',(#18658));
#18658 = SURFACE_STYLE_FILL_AREA(#18659);
#18659 = FILL_AREA_STYLE('',(#18660));
#18660 = FILL_AREA_STYLE_COLOUR('',#18570);
#18661 = CURVE_STYLE('',#18662,POSITIVE_LENGTH_MEASURE(0.1),#18570);
#18662 = DRAUGHTING_PRE_DEFINED_CURVE_FONT('continuous');
#18663 = STYLED_ITEM('color',(#18664),#11183);
#18664 = PRESENTATION_STYLE_ASSIGNMENT((#18665,#18670));
#18665 = SURFACE_STYLE_USAGE(.BOTH.,#18666);
#18666 = SURFACE_SIDE_STYLE('',(#18667));
#18667 = SURFACE_STYLE_FILL_AREA(#18668);
#18668 = FILL_AREA_STYLE('',(#18669));
#18669 = FILL_AREA_STYLE_COLOUR('',#18570);
#18670 = CURVE_STYLE('',#18671,POSITIVE_LENGTH_MEASURE(0.1),#18570);
#18671 = DRAUGHTING_PRE_DEFINED_CURVE_FONT('continuous');
#18672 = STYLED_ITEM('color',(#18673),#11231);
#18673 = PRESENTATION_STYLE_ASSIGNMENT((#18674,#18679));
#18674 = SURFACE_STYLE_USAGE(.BOTH.,#18675);
#18675 = SURFACE_SIDE_STYLE('',(#18676));
#18676 = SURFACE_STYLE_FILL_AREA(#18677);
#18677 = FILL_AREA_STYLE('',(#18678));
#18678 = FILL_AREA_STYLE_COLOUR('',#18570);
#18679 = CURVE_STYLE('',#18680,POSITIVE_LENGTH_MEASURE(0.1),#18570);
#18680 = DRAUGHTING_PRE_DEFINED_CURVE_FONT('continuous');
#18681 = STYLED_ITEM('color',(#18682),#11266);
#18682 = PRESENTATION_STYLE_ASSIGNMENT((#18683,#18688));
#18683 = SURFACE_STYLE_USAGE(.BOTH.,#18684);
#18684 = SURFACE_SIDE_STYLE('',(#18685));
#18685 = SURFACE_STYLE_FILL_AREA(#18686);
#18686 = FILL_AREA_STYLE('',(#18687));
#18687 = FILL_AREA_STYLE_COLOUR('',#18570);
#18688 = CURVE_STYLE('',#18689,POSITIVE_LENGTH_MEASURE(0.1),#18570);
#18689 = DRAUGHTING_PRE_DEFINED_CURVE_FONT('continuous');
#18690 = STYLED_ITEM('color',(#18691),#11301);
#18691 = PRESENTATION_STYLE_ASSIGNMENT((#18692,#18697));
#18692 = SURFACE_STYLE_USAGE(.BOTH.,#18693);
#18693 = SURFACE_SIDE_STYLE('',(#18694));
#18694 = SURFACE_STYLE_FILL_AREA(#18695);
#18695 = FILL_AREA_STYLE('',(#18696));
#18696 = FILL_AREA_STYLE_COLOUR('',#18570);
#18697 = CURVE_STYLE('',#18698,POSITIVE_LENGTH_MEASURE(0.1),#18570);
#18698 = DRAUGHTING_PRE_DEFINED_CURVE_FONT('continuous');
#18699 = STYLED_ITEM('color',(#18700),#11337);
#18700 = PRESENTATION_STYLE_ASSIGNMENT((#18701,#18706));
#18701 = SURFACE_STYLE_USAGE(.BOTH.,#18702);
#18702 = SURFACE_SIDE_STYLE('',(#18703));
#18703 = SURFACE_STYLE_FILL_AREA(#18704);
#18704 = FILL_AREA_STYLE('',(#18705));
#18705 = FILL_AREA_STYLE_COLOUR('',#18570);
#18706 = CURVE_STYLE('',#18707,POSITIVE_LENGTH_MEASURE(0.1),#18570);
#18707 = DRAUGHTING_PRE_DEFINED_CURVE_FONT('continuous');
#18708 = STYLED_ITEM('color',(#18709),#11373);
#18709 = PRESENTATION_STYLE_ASSIGNMENT((#18710,#18715));
#18710 = SURFACE_STYLE_USAGE(.BOTH.,#18711);
#18711 = SURFACE_SIDE_STYLE('',(#18712));
#18712 = SURFACE_STYLE_FILL_AREA(#18713);
#18713 = FILL_AREA_STYLE('',(#18714));
#18714 = FILL_AREA_STYLE_COLOUR('',#18570);
#18715 = CURVE_STYLE('',#18716,POSITIVE_LENGTH_MEASURE(0.1),#18570);
#18716 = DRAUGHTING_PRE_DEFINED_CURVE_FONT('continuous');
#18717 = STYLED_ITEM('color',(#18718),#11390);
#18718 = PRESENTATION_STYLE_ASSIGNMENT((#18719,#18724));
#18719 = SURFACE_STYLE_USAGE(.BOTH.,#18720);
#18720 = SURFACE_SIDE_STYLE('',(#18721));
#18721 = SURFACE_STYLE_FILL_AREA(#18722);
#18722 = FILL_AREA_STYLE('',(#18723));
#18723 = FILL_AREA_STYLE_COLOUR('',#18570);
#18724 = CURVE_STYLE('',#18725,POSITIVE_LENGTH_MEASURE(0.1),#18570);
#18725 = DRAUGHTING_PRE_DEFINED_CURVE_FONT('continuous');
#18726 = OVER_RIDING_STYLED_ITEM('overriding color',(#18727),#11402,
  #18717);
#18727 = PRESENTATION_STYLE_ASSIGNMENT((#18728,#18733));
#18728 = SURFACE_STYLE_USAGE(.BOTH.,#18729);
#18729 = SURFACE_SIDE_STYLE('',(#18730));
#18730 = SURFACE_STYLE_FILL_AREA(#18731);
#18731 = FILL_AREA_STYLE('',(#18732));
#18732 = FILL_AREA_STYLE_COLOUR('',#18570);
#18733 = CURVE_STYLE('',#18734,POSITIVE_LENGTH_MEASURE(0.1),#18570);
#18734 = DRAUGHTING_PRE_DEFINED_CURVE_FONT('continuous');
#18735 = OVER_RIDING_STYLED_ITEM('overriding color',(#18736),#11410,
  #18717);
#18736 = PRESENTATION_STYLE_ASSIGNMENT((#18737,#18742));
#18737 = SURFACE_STYLE_USAGE(.BOTH.,#18738);
#18738 = SURFACE_SIDE_STYLE('',(#18739));
#18739 = SURFACE_STYLE_FILL_AREA(#18740);
#18740 = FILL_AREA_STYLE('',(#18741));
#18741 = FILL_AREA_STYLE_COLOUR('',#18570);
#18742 = CURVE_STYLE('',#18743,POSITIVE_LENGTH_MEASURE(0.1),#18570);
#18743 = DRAUGHTING_PRE_DEFINED_CURVE_FONT('continuous');
#18744 = OVER_RIDING_STYLED_ITEM('overriding color',(#18745),#11426,
  #18717);
#18745 = PRESENTATION_STYLE_ASSIGNMENT((#18746,#18751));
#18746 = SURFACE_STYLE_USAGE(.BOTH.,#18747);
#18747 = SURFACE_SIDE_STYLE('',(#18748));
#18748 = SURFACE_STYLE_FILL_AREA(#18749);
#18749 = FILL_AREA_STYLE('',(#18750));
#18750 = FILL_AREA_STYLE_COLOUR('',#18570);
#18751 = CURVE_STYLE('',#18752,POSITIVE_LENGTH_MEASURE(0.1),#18570);
#18752 = DRAUGHTING_PRE_DEFINED_CURVE_FONT('continuous');
#18753 = OVER_RIDING_STYLED_ITEM('overriding color',(#18754),#11434,
  #18717);
#18754 = PRESENTATION_STYLE_ASSIGNMENT((#18755,#18760));
#18755 = SURFACE_STYLE_USAGE(.BOTH.,#18756);
#18756 = SURFACE_SIDE_STYLE('',(#18757));
#18757 = SURFACE_STYLE_FILL_AREA(#18758);
#18758 = FILL_AREA_STYLE('',(#18759));
#18759 = FILL_AREA_STYLE_COLOUR('',#18570);
#18760 = CURVE_STYLE('',#18761,POSITIVE_LENGTH_MEASURE(0.1),#18570);
#18761 = DRAUGHTING_PRE_DEFINED_CURVE_FONT('continuous');
#18762 = STYLED_ITEM('color',(#18763),#11453);
#18763 = PRESENTATION_STYLE_ASSIGNMENT((#18764,#18769));
#18764 = SURFACE_STYLE_USAGE(.BOTH.,#18765);
#18765 = SURFACE_SIDE_STYLE('',(#18766));
#18766 = SURFACE_STYLE_FILL_AREA(#18767);
#18767 = FILL_AREA_STYLE('',(#18768));
#18768 = FILL_AREA_STYLE_COLOUR('',#18570);
#18769 = CURVE_STYLE('',#18770,POSITIVE_LENGTH_MEASURE(0.1),#18570);
#18770 = DRAUGHTING_PRE_DEFINED_CURVE_FONT('continuous');
#18771 = OVER_RIDING_STYLED_ITEM('overriding color',(#18772),#11458,
  #18762);
#18772 = PRESENTATION_STYLE_ASSIGNMENT((#18773,#18778));
#18773 = SURFACE_STYLE_USAGE(.BOTH.,#18774);
#18774 = SURFACE_SIDE_STYLE('',(#18775));
#18775 = SURFACE_STYLE_FILL_AREA(#18776);
#18776 = FILL_AREA_STYLE('',(#18777));
#18777 = FILL_AREA_STYLE_COLOUR('',#18570);
#18778 = CURVE_STYLE('',#18779,POSITIVE_LENGTH_MEASURE(0.1),#18570);
#18779 = DRAUGHTING_PRE_DEFINED_CURVE_FONT('continuous');
#18780 = OVER_RIDING_STYLED_ITEM('overriding color',(#18781),#11508,
  #18762);
#18781 = PRESENTATION_STYLE_ASSIGNMENT((#18782,#18787));
#18782 = SURFACE_STYLE_USAGE(.BOTH.,#18783);
#18783 = SURFACE_SIDE_STYLE('',(#18784));
#18784 = SURFACE_STYLE_FILL_AREA(#18785);
#18785 = FILL_AREA_STYLE('',(#18786));
#18786 = FILL_AREA_STYLE_COLOUR('',#18570);
#18787 = CURVE_STYLE('',#18788,POSITIVE_LENGTH_MEASURE(0.1),#18570);
#18788 = DRAUGHTING_PRE_DEFINED_CURVE_FONT('continuous');
#18789 = STYLED_ITEM('color',(#18790),#11528);
#18790 = PRESENTATION_STYLE_ASSIGNMENT((#18791,#18796));
#18791 = SURFACE_STYLE_USAGE(.BOTH.,#18792);
#18792 = SURFACE_SIDE_STYLE('',(#18793));
#18793 = SURFACE_STYLE_FILL_AREA(#18794);
#18794 = FILL_AREA_STYLE('',(#18795));
#18795 = FILL_AREA_STYLE_COLOUR('',#18570);
#18796 = CURVE_STYLE('',#18797,POSITIVE_LENGTH_MEASURE(0.1),#18570);
#18797 = DRAUGHTING_PRE_DEFINED_CURVE_FONT('continuous');
#18798 = OVER_RIDING_STYLED_ITEM('overriding color',(#18799),#11541,
  #18789);
#18799 = PRESENTATION_STYLE_ASSIGNMENT((#18800,#18805));
#18800 = SURFACE_STYLE_USAGE(.BOTH.,#18801);
#18801 = SURFACE_SIDE_STYLE('',(#18802));
#18802 = SURFACE_STYLE_FILL_AREA(#18803);
#18803 = FILL_AREA_STYLE('',(#18804));
#18804 = FILL_AREA_STYLE_COLOUR('',#18570);
#18805 = CURVE_STYLE('',#18806,POSITIVE_LENGTH_MEASURE(0.1),#18570);
#18806 = DRAUGHTING_PRE_DEFINED_CURVE_FONT('continuous');
#18807 = OVER_RIDING_STYLED_ITEM('overriding color',(#18808),#11591,
  #18789);
#18808 = PRESENTATION_STYLE_ASSIGNMENT((#18809,#18814));
#18809 = SURFACE_STYLE_USAGE(.BOTH.,#18810);
#18810 = SURFACE_SIDE_STYLE('',(#18811));
#18811 = SURFACE_STYLE_FILL_AREA(#18812);
#18812 = FILL_AREA_STYLE('',(#18813));
#18813 = FILL_AREA_STYLE_COLOUR('',#18570);
#18814 = CURVE_STYLE('',#18815,POSITIVE_LENGTH_MEASURE(0.1),#18570);
#18815 = DRAUGHTING_PRE_DEFINED_CURVE_FONT('continuous');
#18816 = STYLED_ITEM('color',(#18817),#11603);
#18817 = PRESENTATION_STYLE_ASSIGNMENT((#18818,#18823));
#18818 = SURFACE_STYLE_USAGE(.BOTH.,#18819);
#18819 = SURFACE_SIDE_STYLE('',(#18820));
#18820 = SURFACE_STYLE_FILL_AREA(#18821);
#18821 = FILL_AREA_STYLE('',(#18822));
#18822 = FILL_AREA_STYLE_COLOUR('',#18570);
#18823 = CURVE_STYLE('',#18824,POSITIVE_LENGTH_MEASURE(0.1),#18570);
#18824 = DRAUGHTING_PRE_DEFINED_CURVE_FONT('continuous');
#18825 = OVER_RIDING_STYLED_ITEM('overriding color',(#18826),#11609,
  #18816);
#18826 = PRESENTATION_STYLE_ASSIGNMENT((#18827,#18832));
#18827 = SURFACE_STYLE_USAGE(.BOTH.,#18828);
#18828 = SURFACE_SIDE_STYLE('',(#18829));
#18829 = SURFACE_STYLE_FILL_AREA(#18830);
#18830 = FILL_AREA_STYLE('',(#18831));
#18831 = FILL_AREA_STYLE_COLOUR('',#18570);
#18832 = CURVE_STYLE('',#18833,POSITIVE_LENGTH_MEASURE(0.1),#18570);
#18833 = DRAUGHTING_PRE_DEFINED_CURVE_FONT('continuous');
#18834 = OVER_RIDING_STYLED_ITEM('overriding color',(#18835),#11617,
  #18816);
#18835 = PRESENTATION_STYLE_ASSIGNMENT((#18836,#18841));
#18836 = SURFACE_STYLE_USAGE(.BOTH.,#18837);
#18837 = SURFACE_SIDE_STYLE('',(#18838));
#18838 = SURFACE_STYLE_FILL_AREA(#18839);
#18839 = FILL_AREA_STYLE('',(#18840));
#18840 = FILL_AREA_STYLE_COLOUR('',#18570);
#18841 = CURVE_STYLE('',#18842,POSITIVE_LENGTH_MEASURE(0.1),#18570);
#18842 = DRAUGHTING_PRE_DEFINED_CURVE_FONT('continuous');
#18843 = OVER_RIDING_STYLED_ITEM('overriding color',(#18844),#11633,
  #18816);
#18844 = PRESENTATION_STYLE_ASSIGNMENT((#18845,#18850));
#18845 = SURFACE_STYLE_USAGE(.BOTH.,#18846);
#18846 = SURFACE_SIDE_STYLE('',(#18847));
#18847 = SURFACE_STYLE_FILL_AREA(#18848);
#18848 = FILL_AREA_STYLE('',(#18849));
#18849 = FILL_AREA_STYLE_COLOUR('',#18570);
#18850 = CURVE_STYLE('',#18851,POSITIVE_LENGTH_MEASURE(0.1),#18570);
#18851 = DRAUGHTING_PRE_DEFINED_CURVE_FONT('continuous');
#18852 = OVER_RIDING_STYLED_ITEM('overriding color',(#18853),#11641,
  #18816);
#18853 = PRESENTATION_STYLE_ASSIGNMENT((#18854,#18859));
#18854 = SURFACE_STYLE_USAGE(.BOTH.,#18855);
#18855 = SURFACE_SIDE_STYLE('',(#18856));
#18856 = SURFACE_STYLE_FILL_AREA(#18857);
#18857 = FILL_AREA_STYLE('',(#18858));
#18858 = FILL_AREA_STYLE_COLOUR('',#18570);
#18859 = CURVE_STYLE('',#18860,POSITIVE_LENGTH_MEASURE(0.1),#18570);
#18860 = DRAUGHTING_PRE_DEFINED_CURVE_FONT('continuous');
#18861 = STYLED_ITEM('color',(#18862),#11659);
#18862 = PRESENTATION_STYLE_ASSIGNMENT((#18863,#18868));
#18863 = SURFACE_STYLE_USAGE(.BOTH.,#18864);
#18864 = SURFACE_SIDE_STYLE('',(#18865));
#18865 = SURFACE_STYLE_FILL_AREA(#18866);
#18866 = FILL_AREA_STYLE('',(#18867));
#18867 = FILL_AREA_STYLE_COLOUR('',#18570);
#18868 = CURVE_STYLE('',#18869,POSITIVE_LENGTH_MEASURE(0.1),#18570);
#18869 = DRAUGHTING_PRE_DEFINED_CURVE_FONT('continuous');
#18870 = OVER_RIDING_STYLED_ITEM('overriding color',(#18871),#11672,
  #18861);
#18871 = PRESENTATION_STYLE_ASSIGNMENT((#18872,#18877));
#18872 = SURFACE_STYLE_USAGE(.BOTH.,#18873);
#18873 = SURFACE_SIDE_STYLE('',(#18874));
#18874 = SURFACE_STYLE_FILL_AREA(#18875);
#18875 = FILL_AREA_STYLE('',(#18876));
#18876 = FILL_AREA_STYLE_COLOUR('',#18570);
#18877 = CURVE_STYLE('',#18878,POSITIVE_LENGTH_MEASURE(0.1),#18570);
#18878 = DRAUGHTING_PRE_DEFINED_CURVE_FONT('continuous');
#18879 = OVER_RIDING_STYLED_ITEM('overriding color',(#18880),#11680,
  #18861);
#18880 = PRESENTATION_STYLE_ASSIGNMENT((#18881,#18886));
#18881 = SURFACE_STYLE_USAGE(.BOTH.,#18882);
#18882 = SURFACE_SIDE_STYLE('',(#18883));
#18883 = SURFACE_STYLE_FILL_AREA(#18884);
#18884 = FILL_AREA_STYLE('',(#18885));
#18885 = FILL_AREA_STYLE_COLOUR('',#18570);
#18886 = CURVE_STYLE('',#18887,POSITIVE_LENGTH_MEASURE(0.1),#18570);
#18887 = DRAUGHTING_PRE_DEFINED_CURVE_FONT('continuous');
#18888 = OVER_RIDING_STYLED_ITEM('overriding color',(#18889),#11696,
  #18861);
#18889 = PRESENTATION_STYLE_ASSIGNMENT((#18890,#18895));
#18890 = SURFACE_STYLE_USAGE(.BOTH.,#18891);
#18891 = SURFACE_SIDE_STYLE('',(#18892));
#18892 = SURFACE_STYLE_FILL_AREA(#18893);
#18893 = FILL_AREA_STYLE('',(#18894));
#18894 = FILL_AREA_STYLE_COLOUR('',#18570);
#18895 = CURVE_STYLE('',#18896,POSITIVE_LENGTH_MEASURE(0.1),#18570);
#18896 = DRAUGHTING_PRE_DEFINED_CURVE_FONT('continuous');
#18897 = OVER_RIDING_STYLED_ITEM('overriding color',(#18898),#11704,
  #18861);
#18898 = PRESENTATION_STYLE_ASSIGNMENT((#18899,#18904));
#18899 = SURFACE_STYLE_USAGE(.BOTH.,#18900);
#18900 = SURFACE_SIDE_STYLE('',(#18901));
#18901 = SURFACE_STYLE_FILL_AREA(#18902);
#18902 = FILL_AREA_STYLE('',(#18903));
#18903 = FILL_AREA_STYLE_COLOUR('',#18570);
#18904 = CURVE_STYLE('',#18905,POSITIVE_LENGTH_MEASURE(0.1),#18570);
#18905 = DRAUGHTING_PRE_DEFINED_CURVE_FONT('continuous');
#18906 = STYLED_ITEM('color',(#18907),#11715);
#18907 = PRESENTATION_STYLE_ASSIGNMENT((#18908,#18913));
#18908 = SURFACE_STYLE_USAGE(.BOTH.,#18909);
#18909 = SURFACE_SIDE_STYLE('',(#18910));
#18910 = SURFACE_STYLE_FILL_AREA(#18911);
#18911 = FILL_AREA_STYLE('',(#18912));
#18912 = FILL_AREA_STYLE_COLOUR('',#18570);
#18913 = CURVE_STYLE('',#18914,POSITIVE_LENGTH_MEASURE(0.1),#18570);
#18914 = DRAUGHTING_PRE_DEFINED_CURVE_FONT('continuous');
#18915 = OVER_RIDING_STYLED_ITEM('overriding color',(#18916),#11719,
  #18906);
#18916 = PRESENTATION_STYLE_ASSIGNMENT((#18917,#18922));
#18917 = SURFACE_STYLE_USAGE(.BOTH.,#18918);
#18918 = SURFACE_SIDE_STYLE('',(#18919));
#18919 = SURFACE_STYLE_FILL_AREA(#18920);
#18920 = FILL_AREA_STYLE('',(#18921));
#18921 = FILL_AREA_STYLE_COLOUR('',#18570);
#18922 = CURVE_STYLE('',#18923,POSITIVE_LENGTH_MEASURE(0.1),#18570);
#18923 = DRAUGHTING_PRE_DEFINED_CURVE_FONT('continuous');
#18924 = OVER_RIDING_STYLED_ITEM('overriding color',(#18925),#11769,
  #18906);
#18925 = PRESENTATION_STYLE_ASSIGNMENT((#18926,#18931));
#18926 = SURFACE_STYLE_USAGE(.BOTH.,#18927);
#18927 = SURFACE_SIDE_STYLE('',(#18928));
#18928 = SURFACE_STYLE_FILL_AREA(#18929);
#18929 = FILL_AREA_STYLE('',(#18930));
#18930 = FILL_AREA_STYLE_COLOUR('',#18570);
#18931 = CURVE_STYLE('',#18932,POSITIVE_LENGTH_MEASURE(0.1),#18570);
#18932 = DRAUGHTING_PRE_DEFINED_CURVE_FONT('continuous');
#18933 = STYLED_ITEM('color',(#18934),#11790);
#18934 = PRESENTATION_STYLE_ASSIGNMENT((#18935,#18940));
#18935 = SURFACE_STYLE_USAGE(.BOTH.,#18936);
#18936 = SURFACE_SIDE_STYLE('',(#18937));
#18937 = SURFACE_STYLE_FILL_AREA(#18938);
#18938 = FILL_AREA_STYLE('',(#18939));
#18939 = FILL_AREA_STYLE_COLOUR('',#18570);
#18940 = CURVE_STYLE('',#18941,POSITIVE_LENGTH_MEASURE(0.1),#18570);
#18941 = DRAUGHTING_PRE_DEFINED_CURVE_FONT('continuous');
#18942 = OVER_RIDING_STYLED_ITEM('overriding color',(#18943),#11802,
  #18933);
#18943 = PRESENTATION_STYLE_ASSIGNMENT((#18944,#18949));
#18944 = SURFACE_STYLE_USAGE(.BOTH.,#18945);
#18945 = SURFACE_SIDE_STYLE('',(#18946));
#18946 = SURFACE_STYLE_FILL_AREA(#18947);
#18947 = FILL_AREA_STYLE('',(#18948));
#18948 = FILL_AREA_STYLE_COLOUR('',#18570);
#18949 = CURVE_STYLE('',#18950,POSITIVE_LENGTH_MEASURE(0.1),#18570);
#18950 = DRAUGHTING_PRE_DEFINED_CURVE_FONT('continuous');
#18951 = OVER_RIDING_STYLED_ITEM('overriding color',(#18952),#11852,
  #18933);
#18952 = PRESENTATION_STYLE_ASSIGNMENT((#18953,#18958));
#18953 = SURFACE_STYLE_USAGE(.BOTH.,#18954);
#18954 = SURFACE_SIDE_STYLE('',(#18955));
#18955 = SURFACE_STYLE_FILL_AREA(#18956);
#18956 = FILL_AREA_STYLE('',(#18957));
#18957 = FILL_AREA_STYLE_COLOUR('',#18570);
#18958 = CURVE_STYLE('',#18959,POSITIVE_LENGTH_MEASURE(0.1),#18570);
#18959 = DRAUGHTING_PRE_DEFINED_CURVE_FONT('continuous');
#18960 = STYLED_ITEM('color',(#18961),#11865);
#18961 = PRESENTATION_STYLE_ASSIGNMENT((#18962,#18967));
#18962 = SURFACE_STYLE_USAGE(.BOTH.,#18963);
#18963 = SURFACE_SIDE_STYLE('',(#18964));
#18964 = SURFACE_STYLE_FILL_AREA(#18965);
#18965 = FILL_AREA_STYLE('',(#18966));
#18966 = FILL_AREA_STYLE_COLOUR('',#18570);
#18967 = CURVE_STYLE('',#18968,POSITIVE_LENGTH_MEASURE(0.1),#18570);
#18968 = DRAUGHTING_PRE_DEFINED_CURVE_FONT('continuous');
#18969 = OVER_RIDING_STYLED_ITEM('overriding color',(#18970),#11871,
  #18960);
#18970 = PRESENTATION_STYLE_ASSIGNMENT((#18971,#18976));
#18971 = SURFACE_STYLE_USAGE(.BOTH.,#18972);
#18972 = SURFACE_SIDE_STYLE('',(#18973));
#18973 = SURFACE_STYLE_FILL_AREA(#18974);
#18974 = FILL_AREA_STYLE('',(#18975));
#18975 = FILL_AREA_STYLE_COLOUR('',#18570);
#18976 = CURVE_STYLE('',#18977,POSITIVE_LENGTH_MEASURE(0.1),#18570);
#18977 = DRAUGHTING_PRE_DEFINED_CURVE_FONT('continuous');
#18978 = OVER_RIDING_STYLED_ITEM('overriding color',(#18979),#11879,
  #18960);
#18979 = PRESENTATION_STYLE_ASSIGNMENT((#18980,#18985));
#18980 = SURFACE_STYLE_USAGE(.BOTH.,#18981);
#18981 = SURFACE_SIDE_STYLE('',(#18982));
#18982 = SURFACE_STYLE_FILL_AREA(#18983);
#18983 = FILL_AREA_STYLE('',(#18984));
#18984 = FILL_AREA_STYLE_COLOUR('',#18570);
#18985 = CURVE_STYLE('',#18986,POSITIVE_LENGTH_MEASURE(0.1),#18570);
#18986 = DRAUGHTING_PRE_DEFINED_CURVE_FONT('continuous');
#18987 = OVER_RIDING_STYLED_ITEM('overriding color',(#18988),#11895,
  #18960);
#18988 = PRESENTATION_STYLE_ASSIGNMENT((#18989,#18994));
#18989 = SURFACE_STYLE_USAGE(.BOTH.,#18990);
#18990 = SURFACE_SIDE_STYLE('',(#18991));
#18991 = SURFACE_STYLE_FILL_AREA(#18992);
#18992 = FILL_AREA_STYLE('',(#18993));
#18993 = FILL_AREA_STYLE_COLOUR('',#18570);
#18994 = CURVE_STYLE('',#18995,POSITIVE_LENGTH_MEASURE(0.1),#18570);
#18995 = DRAUGHTING_PRE_DEFINED_CURVE_FONT('continuous');
#18996 = OVER_RIDING_STYLED_ITEM('overriding color',(#18997),#11903,
  #18960);
#18997 = PRESENTATION_STYLE_ASSIGNMENT((#18998,#19003));
#18998 = SURFACE_STYLE_USAGE(.BOTH.,#18999);
#18999 = SURFACE_SIDE_STYLE('',(#19000));
#19000 = SURFACE_STYLE_FILL_AREA(#19001);
#19001 = FILL_AREA_STYLE('',(#19002));
#19002 = FILL_AREA_STYLE_COLOUR('',#18570);
#19003 = CURVE_STYLE('',#19004,POSITIVE_LENGTH_MEASURE(0.1),#18570);
#19004 = DRAUGHTING_PRE_DEFINED_CURVE_FONT('continuous');
#19005 = STYLED_ITEM('color',(#19006),#11914);
#19006 = PRESENTATION_STYLE_ASSIGNMENT((#19007,#19012));
#19007 = SURFACE_STYLE_USAGE(.BOTH.,#19008);
#19008 = SURFACE_SIDE_STYLE('',(#19009));
#19009 = SURFACE_STYLE_FILL_AREA(#19010);
#19010 = FILL_AREA_STYLE('',(#19011));
#19011 = FILL_AREA_STYLE_COLOUR('',#15336);
#19012 = CURVE_STYLE('',#19013,POSITIVE_LENGTH_MEASURE(0.1),#15336);
#19013 = DRAUGHTING_PRE_DEFINED_CURVE_FONT('continuous');
#19014 = OVER_RIDING_STYLED_ITEM('overriding color',(#19015),#11951,
  #19005);
#19015 = PRESENTATION_STYLE_ASSIGNMENT((#19016,#19021));
#19016 = SURFACE_STYLE_USAGE(.BOTH.,#19017);
#19017 = SURFACE_SIDE_STYLE('',(#19018));
#19018 = SURFACE_STYLE_FILL_AREA(#19019);
#19019 = FILL_AREA_STYLE('',(#19020));
#19020 = FILL_AREA_STYLE_COLOUR('',#15336);
#19021 = CURVE_STYLE('',#19022,POSITIVE_LENGTH_MEASURE(0.1),#15336);
#19022 = DRAUGHTING_PRE_DEFINED_CURVE_FONT('continuous');
#19023 = OVER_RIDING_STYLED_ITEM('overriding color',(#19024),#11959,
  #19005);
#19024 = PRESENTATION_STYLE_ASSIGNMENT((#19025,#19030));
#19025 = SURFACE_STYLE_USAGE(.BOTH.,#19026);
#19026 = SURFACE_SIDE_STYLE('',(#19027));
#19027 = SURFACE_STYLE_FILL_AREA(#19028);
#19028 = FILL_AREA_STYLE('',(#19029));
#19029 = FILL_AREA_STYLE_COLOUR('',#15336);
#19030 = CURVE_STYLE('',#19031,POSITIVE_LENGTH_MEASURE(0.1),#15336);
#19031 = DRAUGHTING_PRE_DEFINED_CURVE_FONT('continuous');
#19032 = STYLED_ITEM('color',(#19033),#11970);
#19033 = PRESENTATION_STYLE_ASSIGNMENT((#19034,#19039));
#19034 = SURFACE_STYLE_USAGE(.BOTH.,#19035);
#19035 = SURFACE_SIDE_STYLE('',(#19036));
#19036 = SURFACE_STYLE_FILL_AREA(#19037);
#19037 = FILL_AREA_STYLE('',(#19038));
#19038 = FILL_AREA_STYLE_COLOUR('',#15336);
#19039 = CURVE_STYLE('',#19040,POSITIVE_LENGTH_MEASURE(0.1),#15336);
#19040 = DRAUGHTING_PRE_DEFINED_CURVE_FONT('continuous');
#19041 = OVER_RIDING_STYLED_ITEM('overriding color',(#19042),#11992,
  #19032);
#19042 = PRESENTATION_STYLE_ASSIGNMENT((#19043,#19048));
#19043 = SURFACE_STYLE_USAGE(.BOTH.,#19044);
#19044 = SURFACE_SIDE_STYLE('',(#19045));
#19045 = SURFACE_STYLE_FILL_AREA(#19046);
#19046 = FILL_AREA_STYLE('',(#19047));
#19047 = FILL_AREA_STYLE_COLOUR('',#18570);
#19048 = CURVE_STYLE('',#19049,POSITIVE_LENGTH_MEASURE(0.1),#18570);
#19049 = DRAUGHTING_PRE_DEFINED_CURVE_FONT('continuous');
#19050 = OVER_RIDING_STYLED_ITEM('overriding color',(#19051),#12000,
  #19032);
#19051 = PRESENTATION_STYLE_ASSIGNMENT((#19052,#19057));
#19052 = SURFACE_STYLE_USAGE(.BOTH.,#19053);
#19053 = SURFACE_SIDE_STYLE('',(#19054));
#19054 = SURFACE_STYLE_FILL_AREA(#19055);
#19055 = FILL_AREA_STYLE('',(#19056));
#19056 = FILL_AREA_STYLE_COLOUR('',#18570);
#19057 = CURVE_STYLE('',#19058,POSITIVE_LENGTH_MEASURE(0.1),#18570);
#19058 = DRAUGHTING_PRE_DEFINED_CURVE_FONT('continuous');
#19059 = STYLED_ITEM('color',(#19060),#12018);
#19060 = PRESENTATION_STYLE_ASSIGNMENT((#19061,#19066));
#19061 = SURFACE_STYLE_USAGE(.BOTH.,#19062);
#19062 = SURFACE_SIDE_STYLE('',(#19063));
#19063 = SURFACE_STYLE_FILL_AREA(#19064);
#19064 = FILL_AREA_STYLE('',(#19065));
#19065 = FILL_AREA_STYLE_COLOUR('',#18570);
#19066 = CURVE_STYLE('',#19067,POSITIVE_LENGTH_MEASURE(0.1),#18570);
#19067 = DRAUGHTING_PRE_DEFINED_CURVE_FONT('continuous');
#19068 = OVER_RIDING_STYLED_ITEM('overriding color',(#19069),#12024,
  #19059);
#19069 = PRESENTATION_STYLE_ASSIGNMENT((#19070,#19075));
#19070 = SURFACE_STYLE_USAGE(.BOTH.,#19071);
#19071 = SURFACE_SIDE_STYLE('',(#19072));
#19072 = SURFACE_STYLE_FILL_AREA(#19073);
#19073 = FILL_AREA_STYLE('',(#19074));
#19074 = FILL_AREA_STYLE_COLOUR('',#18570);
#19075 = CURVE_STYLE('',#19076,POSITIVE_LENGTH_MEASURE(0.1),#18570);
#19076 = DRAUGHTING_PRE_DEFINED_CURVE_FONT('continuous');
#19077 = STYLED_ITEM('color',(#19078),#12042);
#19078 = PRESENTATION_STYLE_ASSIGNMENT((#19079,#19084));
#19079 = SURFACE_STYLE_USAGE(.BOTH.,#19080);
#19080 = SURFACE_SIDE_STYLE('',(#19081));
#19081 = SURFACE_STYLE_FILL_AREA(#19082);
#19082 = FILL_AREA_STYLE('',(#19083));
#19083 = FILL_AREA_STYLE_COLOUR('',#15336);
#19084 = CURVE_STYLE('',#19085,POSITIVE_LENGTH_MEASURE(0.1),#15336);
#19085 = DRAUGHTING_PRE_DEFINED_CURVE_FONT('continuous');
#19086 = OVER_RIDING_STYLED_ITEM('overriding color',(#19087),#12064,
  #19077);
#19087 = PRESENTATION_STYLE_ASSIGNMENT((#19088,#19093));
#19088 = SURFACE_STYLE_USAGE(.BOTH.,#19089);
#19089 = SURFACE_SIDE_STYLE('',(#19090));
#19090 = SURFACE_STYLE_FILL_AREA(#19091);
#19091 = FILL_AREA_STYLE('',(#19092));
#19092 = FILL_AREA_STYLE_COLOUR('',#18570);
#19093 = CURVE_STYLE('',#19094,POSITIVE_LENGTH_MEASURE(0.1),#18570);
#19094 = DRAUGHTING_PRE_DEFINED_CURVE_FONT('continuous');
#19095 = STYLED_ITEM('color',(#19096),#12090);
#19096 = PRESENTATION_STYLE_ASSIGNMENT((#19097,#19102));
#19097 = SURFACE_STYLE_USAGE(.BOTH.,#19098);
#19098 = SURFACE_SIDE_STYLE('',(#19099));
#19099 = SURFACE_STYLE_FILL_AREA(#19100);
#19100 = FILL_AREA_STYLE('',(#19101));
#19101 = FILL_AREA_STYLE_COLOUR('',#15336);
#19102 = CURVE_STYLE('',#19103,POSITIVE_LENGTH_MEASURE(0.1),#15336);
#19103 = DRAUGHTING_PRE_DEFINED_CURVE_FONT('continuous');
#19104 = OVER_RIDING_STYLED_ITEM('overriding color',(#19105),#12112,
  #19095);
#19105 = PRESENTATION_STYLE_ASSIGNMENT((#19106,#19111));
#19106 = SURFACE_STYLE_USAGE(.BOTH.,#19107);
#19107 = SURFACE_SIDE_STYLE('',(#19108));
#19108 = SURFACE_STYLE_FILL_AREA(#19109);
#19109 = FILL_AREA_STYLE('',(#19110));
#19110 = FILL_AREA_STYLE_COLOUR('',#15336);
#19111 = CURVE_STYLE('',#19112,POSITIVE_LENGTH_MEASURE(0.1),#15336);
#19112 = DRAUGHTING_PRE_DEFINED_CURVE_FONT('continuous');
#19113 = OVER_RIDING_STYLED_ITEM('overriding color',(#19114),#12120,
  #19095);
#19114 = PRESENTATION_STYLE_ASSIGNMENT((#19115,#19120));
#19115 = SURFACE_STYLE_USAGE(.BOTH.,#19116);
#19116 = SURFACE_SIDE_STYLE('',(#19117));
#19117 = SURFACE_STYLE_FILL_AREA(#19118);
#19118 = FILL_AREA_STYLE('',(#19119));
#19119 = FILL_AREA_STYLE_COLOUR('',#15336);
#19120 = CURVE_STYLE('',#19121,POSITIVE_LENGTH_MEASURE(0.1),#15336);
#19121 = DRAUGHTING_PRE_DEFINED_CURVE_FONT('continuous');
#19122 = STYLED_ITEM('color',(#19123),#12139);
#19123 = PRESENTATION_STYLE_ASSIGNMENT((#19124,#19129));
#19124 = SURFACE_STYLE_USAGE(.BOTH.,#19125);
#19125 = SURFACE_SIDE_STYLE('',(#19126));
#19126 = SURFACE_STYLE_FILL_AREA(#19127);
#19127 = FILL_AREA_STYLE('',(#19128));
#19128 = FILL_AREA_STYLE_COLOUR('',#17822);
#19129 = CURVE_STYLE('',#19130,POSITIVE_LENGTH_MEASURE(0.1),#17822);
#19130 = DRAUGHTING_PRE_DEFINED_CURVE_FONT('continuous');
#19131 = STYLED_ITEM('color',(#19132),#12163);
#19132 = PRESENTATION_STYLE_ASSIGNMENT((#19133,#19138));
#19133 = SURFACE_STYLE_USAGE(.BOTH.,#19134);
#19134 = SURFACE_SIDE_STYLE('',(#19135));
#19135 = SURFACE_STYLE_FILL_AREA(#19136);
#19136 = FILL_AREA_STYLE('',(#19137));
#19137 = FILL_AREA_STYLE_COLOUR('',#18570);
#19138 = CURVE_STYLE('',#19139,POSITIVE_LENGTH_MEASURE(0.1),#18570);
#19139 = DRAUGHTING_PRE_DEFINED_CURVE_FONT('continuous');
#19140 = STYLED_ITEM('color',(#19141),#12185);
#19141 = PRESENTATION_STYLE_ASSIGNMENT((#19142,#19147));
#19142 = SURFACE_STYLE_USAGE(.BOTH.,#19143);
#19143 = SURFACE_SIDE_STYLE('',(#19144));
#19144 = SURFACE_STYLE_FILL_AREA(#19145);
#19145 = FILL_AREA_STYLE('',(#19146));
#19146 = FILL_AREA_STYLE_COLOUR('',#18570);
#19147 = CURVE_STYLE('',#19148,POSITIVE_LENGTH_MEASURE(0.1),#18570);
#19148 = DRAUGHTING_PRE_DEFINED_CURVE_FONT('continuous');
#19149 = STYLED_ITEM('color',(#19150),#12286);
#19150 = PRESENTATION_STYLE_ASSIGNMENT((#19151,#19156));
#19151 = SURFACE_STYLE_USAGE(.BOTH.,#19152);
#19152 = SURFACE_SIDE_STYLE('',(#19153));
#19153 = SURFACE_STYLE_FILL_AREA(#19154);
#19154 = FILL_AREA_STYLE('',(#19155));
#19155 = FILL_AREA_STYLE_COLOUR('',#18570);
#19156 = CURVE_STYLE('',#19157,POSITIVE_LENGTH_MEASURE(0.1),#18570);
#19157 = DRAUGHTING_PRE_DEFINED_CURVE_FONT('continuous');
#19158 = STYLED_ITEM('color',(#19159),#12303);
#19159 = PRESENTATION_STYLE_ASSIGNMENT((#19160,#19165));
#19160 = SURFACE_STYLE_USAGE(.BOTH.,#19161);
#19161 = SURFACE_SIDE_STYLE('',(#19162));
#19162 = SURFACE_STYLE_FILL_AREA(#19163);
#19163 = FILL_AREA_STYLE('',(#19164));
#19164 = FILL_AREA_STYLE_COLOUR('',#17822);
#19165 = CURVE_STYLE('',#19166,POSITIVE_LENGTH_MEASURE(0.1),#17822);
#19166 = DRAUGHTING_PRE_DEFINED_CURVE_FONT('continuous');
#19167 = STYLED_ITEM('color',(#19168),#12320);
#19168 = PRESENTATION_STYLE_ASSIGNMENT((#19169,#19174));
#19169 = SURFACE_STYLE_USAGE(.BOTH.,#19170);
#19170 = SURFACE_SIDE_STYLE('',(#19171));
#19171 = SURFACE_STYLE_FILL_AREA(#19172);
#19172 = FILL_AREA_STYLE('',(#19173));
#19173 = FILL_AREA_STYLE_COLOUR('',#17822);
#19174 = CURVE_STYLE('',#19175,POSITIVE_LENGTH_MEASURE(0.1),#17822);
#19175 = DRAUGHTING_PRE_DEFINED_CURVE_FONT('continuous');
#19176 = STYLED_ITEM('color',(#19177),#12344);
#19177 = PRESENTATION_STYLE_ASSIGNMENT((#19178,#19183));
#19178 = SURFACE_STYLE_USAGE(.BOTH.,#19179);
#19179 = SURFACE_SIDE_STYLE('',(#19180));
#19180 = SURFACE_STYLE_FILL_AREA(#19181);
#19181 = FILL_AREA_STYLE('',(#19182));
#19182 = FILL_AREA_STYLE_COLOUR('',#18570);
#19183 = CURVE_STYLE('',#19184,POSITIVE_LENGTH_MEASURE(0.1),#18570);
#19184 = DRAUGHTING_PRE_DEFINED_CURVE_FONT('continuous');
#19185 = STYLED_ITEM('color',(#19186),#12361);
#19186 = PRESENTATION_STYLE_ASSIGNMENT((#19187,#19192));
#19187 = SURFACE_STYLE_USAGE(.BOTH.,#19188);
#19188 = SURFACE_SIDE_STYLE('',(#19189));
#19189 = SURFACE_STYLE_FILL_AREA(#19190);
#19190 = FILL_AREA_STYLE('',(#19191));
#19191 = FILL_AREA_STYLE_COLOUR('',#17822);
#19192 = CURVE_STYLE('',#19193,POSITIVE_LENGTH_MEASURE(0.1),#17822);
#19193 = DRAUGHTING_PRE_DEFINED_CURVE_FONT('continuous');
#19194 = STYLED_ITEM('color',(#19195),#12378);
#19195 = PRESENTATION_STYLE_ASSIGNMENT((#19196,#19201));
#19196 = SURFACE_STYLE_USAGE(.BOTH.,#19197);
#19197 = SURFACE_SIDE_STYLE('',(#19198));
#19198 = SURFACE_STYLE_FILL_AREA(#19199);
#19199 = FILL_AREA_STYLE('',(#19200));
#19200 = FILL_AREA_STYLE_COLOUR('',#15336);
#19201 = CURVE_STYLE('',#19202,POSITIVE_LENGTH_MEASURE(0.1),#15336);
#19202 = DRAUGHTING_PRE_DEFINED_CURVE_FONT('continuous');
#19203 = OVER_RIDING_STYLED_ITEM('overriding color',(#19204),#12414,
  #19194);
#19204 = PRESENTATION_STYLE_ASSIGNMENT((#19205,#19210));
#19205 = SURFACE_STYLE_USAGE(.BOTH.,#19206);
#19206 = SURFACE_SIDE_STYLE('',(#19207));
#19207 = SURFACE_STYLE_FILL_AREA(#19208);
#19208 = FILL_AREA_STYLE('',(#19209));
#19209 = FILL_AREA_STYLE_COLOUR('',#15336);
#19210 = CURVE_STYLE('',#19211,POSITIVE_LENGTH_MEASURE(0.1),#15336);
#19211 = DRAUGHTING_PRE_DEFINED_CURVE_FONT('continuous');
#19212 = OVER_RIDING_STYLED_ITEM('overriding color',(#19213),#12422,
  #19194);
#19213 = PRESENTATION_STYLE_ASSIGNMENT((#19214,#19219));
#19214 = SURFACE_STYLE_USAGE(.BOTH.,#19215);
#19215 = SURFACE_SIDE_STYLE('',(#19216));
#19216 = SURFACE_STYLE_FILL_AREA(#19217);
#19217 = FILL_AREA_STYLE('',(#19218));
#19218 = FILL_AREA_STYLE_COLOUR('',#15336);
#19219 = CURVE_STYLE('',#19220,POSITIVE_LENGTH_MEASURE(0.1),#15336);
#19220 = DRAUGHTING_PRE_DEFINED_CURVE_FONT('continuous');
#19221 = STYLED_ITEM('color',(#19222),#12434);
#19222 = PRESENTATION_STYLE_ASSIGNMENT((#19223,#19228));
#19223 = SURFACE_STYLE_USAGE(.BOTH.,#19224);
#19224 = SURFACE_SIDE_STYLE('',(#19225));
#19225 = SURFACE_STYLE_FILL_AREA(#19226);
#19226 = FILL_AREA_STYLE('',(#19227));
#19227 = FILL_AREA_STYLE_COLOUR('',#15336);
#19228 = CURVE_STYLE('',#19229,POSITIVE_LENGTH_MEASURE(0.1),#15336);
#19229 = DRAUGHTING_PRE_DEFINED_CURVE_FONT('continuous');
#19230 = OVER_RIDING_STYLED_ITEM('overriding color',(#19231),#12456,
  #19221);
#19231 = PRESENTATION_STYLE_ASSIGNMENT((#19232,#19237));
#19232 = SURFACE_STYLE_USAGE(.BOTH.,#19233);
#19233 = SURFACE_SIDE_STYLE('',(#19234));
#19234 = SURFACE_STYLE_FILL_AREA(#19235);
#19235 = FILL_AREA_STYLE('',(#19236));
#19236 = FILL_AREA_STYLE_COLOUR('',#18570);
#19237 = CURVE_STYLE('',#19238,POSITIVE_LENGTH_MEASURE(0.1),#18570);
#19238 = DRAUGHTING_PRE_DEFINED_CURVE_FONT('continuous');
#19239 = OVER_RIDING_STYLED_ITEM('overriding color',(#19240),#12464,
  #19221);
#19240 = PRESENTATION_STYLE_ASSIGNMENT((#19241,#19246));
#19241 = SURFACE_STYLE_USAGE(.BOTH.,#19242);
#19242 = SURFACE_SIDE_STYLE('',(#19243));
#19243 = SURFACE_STYLE_FILL_AREA(#19244);
#19244 = FILL_AREA_STYLE('',(#19245));
#19245 = FILL_AREA_STYLE_COLOUR('',#18570);
#19246 = CURVE_STYLE('',#19247,POSITIVE_LENGTH_MEASURE(0.1),#18570);
#19247 = DRAUGHTING_PRE_DEFINED_CURVE_FONT('continuous');
#19248 = STYLED_ITEM('color',(#19249),#12482);
#19249 = PRESENTATION_STYLE_ASSIGNMENT((#19250,#19255));
#19250 = SURFACE_STYLE_USAGE(.BOTH.,#19251);
#19251 = SURFACE_SIDE_STYLE('',(#19252));
#19252 = SURFACE_STYLE_FILL_AREA(#19253);
#19253 = FILL_AREA_STYLE('',(#19254));
#19254 = FILL_AREA_STYLE_COLOUR('',#18570);
#19255 = CURVE_STYLE('',#19256,POSITIVE_LENGTH_MEASURE(0.1),#18570);
#19256 = DRAUGHTING_PRE_DEFINED_CURVE_FONT('continuous');
#19257 = OVER_RIDING_STYLED_ITEM('overriding color',(#19258),#12486,
  #19248);
#19258 = PRESENTATION_STYLE_ASSIGNMENT((#19259,#19264));
#19259 = SURFACE_STYLE_USAGE(.BOTH.,#19260);
#19260 = SURFACE_SIDE_STYLE('',(#19261));
#19261 = SURFACE_STYLE_FILL_AREA(#19262);
#19262 = FILL_AREA_STYLE('',(#19263));
#19263 = FILL_AREA_STYLE_COLOUR('',#18570);
#19264 = CURVE_STYLE('',#19265,POSITIVE_LENGTH_MEASURE(0.1),#18570);
#19265 = DRAUGHTING_PRE_DEFINED_CURVE_FONT('continuous');
#19266 = STYLED_ITEM('color',(#19267),#12506);
#19267 = PRESENTATION_STYLE_ASSIGNMENT((#19268,#19273));
#19268 = SURFACE_STYLE_USAGE(.BOTH.,#19269);
#19269 = SURFACE_SIDE_STYLE('',(#19270));
#19270 = SURFACE_STYLE_FILL_AREA(#19271);
#19271 = FILL_AREA_STYLE('',(#19272));
#19272 = FILL_AREA_STYLE_COLOUR('',#15336);
#19273 = CURVE_STYLE('',#19274,POSITIVE_LENGTH_MEASURE(0.1),#15336);
#19274 = DRAUGHTING_PRE_DEFINED_CURVE_FONT('continuous');
#19275 = OVER_RIDING_STYLED_ITEM('overriding color',(#19276),#12519,
  #19266);
#19276 = PRESENTATION_STYLE_ASSIGNMENT((#19277,#19282));
#19277 = SURFACE_STYLE_USAGE(.BOTH.,#19278);
#19278 = SURFACE_SIDE_STYLE('',(#19279));
#19279 = SURFACE_STYLE_FILL_AREA(#19280);
#19280 = FILL_AREA_STYLE('',(#19281));
#19281 = FILL_AREA_STYLE_COLOUR('',#18570);
#19282 = CURVE_STYLE('',#19283,POSITIVE_LENGTH_MEASURE(0.1),#18570);
#19283 = DRAUGHTING_PRE_DEFINED_CURVE_FONT('continuous');
#19284 = STYLED_ITEM('color',(#19285),#12538);
#19285 = PRESENTATION_STYLE_ASSIGNMENT((#19286,#19291));
#19286 = SURFACE_STYLE_USAGE(.BOTH.,#19287);
#19287 = SURFACE_SIDE_STYLE('',(#19288));
#19288 = SURFACE_STYLE_FILL_AREA(#19289);
#19289 = FILL_AREA_STYLE('',(#19290));
#19290 = FILL_AREA_STYLE_COLOUR('',#15336);
#19291 = CURVE_STYLE('',#19292,POSITIVE_LENGTH_MEASURE(0.1),#15336);
#19292 = DRAUGHTING_PRE_DEFINED_CURVE_FONT('continuous');
#19293 = OVER_RIDING_STYLED_ITEM('overriding color',(#19294),#12558,
  #19284);
#19294 = PRESENTATION_STYLE_ASSIGNMENT((#19295,#19300));
#19295 = SURFACE_STYLE_USAGE(.BOTH.,#19296);
#19296 = SURFACE_SIDE_STYLE('',(#19297));
#19297 = SURFACE_STYLE_FILL_AREA(#19298);
#19298 = FILL_AREA_STYLE('',(#19299));
#19299 = FILL_AREA_STYLE_COLOUR('',#18570);
#19300 = CURVE_STYLE('',#19301,POSITIVE_LENGTH_MEASURE(0.1),#18570);
#19301 = DRAUGHTING_PRE_DEFINED_CURVE_FONT('continuous');
#19302 = OVER_RIDING_STYLED_ITEM('overriding color',(#19303),#12566,
  #19284);
#19303 = PRESENTATION_STYLE_ASSIGNMENT((#19304,#19309));
#19304 = SURFACE_STYLE_USAGE(.BOTH.,#19305);
#19305 = SURFACE_SIDE_STYLE('',(#19306));
#19306 = SURFACE_STYLE_FILL_AREA(#19307);
#19307 = FILL_AREA_STYLE('',(#19308));
#19308 = FILL_AREA_STYLE_COLOUR('',#18570);
#19309 = CURVE_STYLE('',#19310,POSITIVE_LENGTH_MEASURE(0.1),#18570);
#19310 = DRAUGHTING_PRE_DEFINED_CURVE_FONT('continuous');
#19311 = STYLED_ITEM('color',(#19312),#12577);
#19312 = PRESENTATION_STYLE_ASSIGNMENT((#19313,#19318));
#19313 = SURFACE_STYLE_USAGE(.BOTH.,#19314);
#19314 = SURFACE_SIDE_STYLE('',(#19315));
#19315 = SURFACE_STYLE_FILL_AREA(#19316);
#19316 = FILL_AREA_STYLE('',(#19317));
#19317 = FILL_AREA_STYLE_COLOUR('',#18570);
#19318 = CURVE_STYLE('',#19319,POSITIVE_LENGTH_MEASURE(0.1),#18570);
#19319 = DRAUGHTING_PRE_DEFINED_CURVE_FONT('continuous');
#19320 = OVER_RIDING_STYLED_ITEM('overriding color',(#19321),#12591,
  #19311);
#19321 = PRESENTATION_STYLE_ASSIGNMENT((#19322,#19327));
#19322 = SURFACE_STYLE_USAGE(.BOTH.,#19323);
#19323 = SURFACE_SIDE_STYLE('',(#19324));
#19324 = SURFACE_STYLE_FILL_AREA(#19325);
#19325 = FILL_AREA_STYLE('',(#19326));
#19326 = FILL_AREA_STYLE_COLOUR('',#18570);
#19327 = CURVE_STYLE('',#19328,POSITIVE_LENGTH_MEASURE(0.1),#18570);
#19328 = DRAUGHTING_PRE_DEFINED_CURVE_FONT('continuous');
#19329 = STYLED_ITEM('color',(#19330),#12601);
#19330 = PRESENTATION_STYLE_ASSIGNMENT((#19331,#19336));
#19331 = SURFACE_STYLE_USAGE(.BOTH.,#19332);
#19332 = SURFACE_SIDE_STYLE('',(#19333));
#19333 = SURFACE_STYLE_FILL_AREA(#19334);
#19334 = FILL_AREA_STYLE('',(#19335));
#19335 = FILL_AREA_STYLE_COLOUR('',#15336);
#19336 = CURVE_STYLE('',#19337,POSITIVE_LENGTH_MEASURE(0.1),#15336);
#19337 = DRAUGHTING_PRE_DEFINED_CURVE_FONT('continuous');
#19338 = OVER_RIDING_STYLED_ITEM('overriding color',(#19339),#12623,
  #19329);
#19339 = PRESENTATION_STYLE_ASSIGNMENT((#19340,#19345));
#19340 = SURFACE_STYLE_USAGE(.BOTH.,#19341);
#19341 = SURFACE_SIDE_STYLE('',(#19342));
#19342 = SURFACE_STYLE_FILL_AREA(#19343);
#19343 = FILL_AREA_STYLE('',(#19344));
#19344 = FILL_AREA_STYLE_COLOUR('',#18570);
#19345 = CURVE_STYLE('',#19346,POSITIVE_LENGTH_MEASURE(0.1),#18570);
#19346 = DRAUGHTING_PRE_DEFINED_CURVE_FONT('continuous');
#19347 = STYLED_ITEM('color',(#19348),#12649);
#19348 = PRESENTATION_STYLE_ASSIGNMENT((#19349,#19354));
#19349 = SURFACE_STYLE_USAGE(.BOTH.,#19350);
#19350 = SURFACE_SIDE_STYLE('',(#19351));
#19351 = SURFACE_STYLE_FILL_AREA(#19352);
#19352 = FILL_AREA_STYLE('',(#19353));
#19353 = FILL_AREA_STYLE_COLOUR('',#15336);
#19354 = CURVE_STYLE('',#19355,POSITIVE_LENGTH_MEASURE(0.1),#15336);
#19355 = DRAUGHTING_PRE_DEFINED_CURVE_FONT('continuous');
#19356 = OVER_RIDING_STYLED_ITEM('overriding color',(#19357),#12677,
  #19347);
#19357 = PRESENTATION_STYLE_ASSIGNMENT((#19358,#19363));
#19358 = SURFACE_STYLE_USAGE(.BOTH.,#19359);
#19359 = SURFACE_SIDE_STYLE('',(#19360));
#19360 = SURFACE_STYLE_FILL_AREA(#19361);
#19361 = FILL_AREA_STYLE('',(#19362));
#19362 = FILL_AREA_STYLE_COLOUR('',#15336);
#19363 = CURVE_STYLE('',#19364,POSITIVE_LENGTH_MEASURE(0.1),#15336);
#19364 = DRAUGHTING_PRE_DEFINED_CURVE_FONT('continuous');
#19365 = OVER_RIDING_STYLED_ITEM('overriding color',(#19366),#12685,
  #19347);
#19366 = PRESENTATION_STYLE_ASSIGNMENT((#19367,#19372));
#19367 = SURFACE_STYLE_USAGE(.BOTH.,#19368);
#19368 = SURFACE_SIDE_STYLE('',(#19369));
#19369 = SURFACE_STYLE_FILL_AREA(#19370);
#19370 = FILL_AREA_STYLE('',(#19371));
#19371 = FILL_AREA_STYLE_COLOUR('',#15336);
#19372 = CURVE_STYLE('',#19373,POSITIVE_LENGTH_MEASURE(0.1),#15336);
#19373 = DRAUGHTING_PRE_DEFINED_CURVE_FONT('continuous');
#19374 = STYLED_ITEM('color',(#19375),#12698);
#19375 = PRESENTATION_STYLE_ASSIGNMENT((#19376,#19381));
#19376 = SURFACE_STYLE_USAGE(.BOTH.,#19377);
#19377 = SURFACE_SIDE_STYLE('',(#19378));
#19378 = SURFACE_STYLE_FILL_AREA(#19379);
#19379 = FILL_AREA_STYLE('',(#19380));
#19380 = FILL_AREA_STYLE_COLOUR('',#17822);
#19381 = CURVE_STYLE('',#19382,POSITIVE_LENGTH_MEASURE(0.1),#17822);
#19382 = DRAUGHTING_PRE_DEFINED_CURVE_FONT('continuous');
#19383 = STYLED_ITEM('color',(#19384),#12722);
#19384 = PRESENTATION_STYLE_ASSIGNMENT((#19385,#19390));
#19385 = SURFACE_STYLE_USAGE(.BOTH.,#19386);
#19386 = SURFACE_SIDE_STYLE('',(#19387));
#19387 = SURFACE_STYLE_FILL_AREA(#19388);
#19388 = FILL_AREA_STYLE('',(#19389));
#19389 = FILL_AREA_STYLE_COLOUR('',#18570);
#19390 = CURVE_STYLE('',#19391,POSITIVE_LENGTH_MEASURE(0.1),#18570);
#19391 = DRAUGHTING_PRE_DEFINED_CURVE_FONT('continuous');
#19392 = STYLED_ITEM('color',(#19393),#12739);
#19393 = PRESENTATION_STYLE_ASSIGNMENT((#19394,#19399));
#19394 = SURFACE_STYLE_USAGE(.BOTH.,#19395);
#19395 = SURFACE_SIDE_STYLE('',(#19396));
#19396 = SURFACE_STYLE_FILL_AREA(#19397);
#19397 = FILL_AREA_STYLE('',(#19398));
#19398 = FILL_AREA_STYLE_COLOUR('',#17822);
#19399 = CURVE_STYLE('',#19400,POSITIVE_LENGTH_MEASURE(0.1),#17822);
#19400 = DRAUGHTING_PRE_DEFINED_CURVE_FONT('continuous');
#19401 = STYLED_ITEM('color',(#19402),#12756);
#19402 = PRESENTATION_STYLE_ASSIGNMENT((#19403,#19408));
#19403 = SURFACE_STYLE_USAGE(.BOTH.,#19404);
#19404 = SURFACE_SIDE_STYLE('',(#19405));
#19405 = SURFACE_STYLE_FILL_AREA(#19406);
#19406 = FILL_AREA_STYLE('',(#19407));
#19407 = FILL_AREA_STYLE_COLOUR('',#17822);
#19408 = CURVE_STYLE('',#19409,POSITIVE_LENGTH_MEASURE(0.1),#17822);
#19409 = DRAUGHTING_PRE_DEFINED_CURVE_FONT('continuous');
#19410 = STYLED_ITEM('color',(#19411),#12780);
#19411 = PRESENTATION_STYLE_ASSIGNMENT((#19412,#19417));
#19412 = SURFACE_STYLE_USAGE(.BOTH.,#19413);
#19413 = SURFACE_SIDE_STYLE('',(#19414));
#19414 = SURFACE_STYLE_FILL_AREA(#19415);
#19415 = FILL_AREA_STYLE('',(#19416));
#19416 = FILL_AREA_STYLE_COLOUR('',#17822);
#19417 = CURVE_STYLE('',#19418,POSITIVE_LENGTH_MEASURE(0.1),#17822);
#19418 = DRAUGHTING_PRE_DEFINED_CURVE_FONT('continuous');
#19419 = STYLED_ITEM('color',(#19420),#12797);
#19420 = PRESENTATION_STYLE_ASSIGNMENT((#19421,#19426));
#19421 = SURFACE_STYLE_USAGE(.BOTH.,#19422);
#19422 = SURFACE_SIDE_STYLE('',(#19423));
#19423 = SURFACE_STYLE_FILL_AREA(#19424);
#19424 = FILL_AREA_STYLE('',(#19425));
#19425 = FILL_AREA_STYLE_COLOUR('',#15336);
#19426 = CURVE_STYLE('',#19427,POSITIVE_LENGTH_MEASURE(0.1),#15336);
#19427 = DRAUGHTING_PRE_DEFINED_CURVE_FONT('continuous');
#19428 = OVER_RIDING_STYLED_ITEM('overriding color',(#19429),#12817,
  #19419);
#19429 = PRESENTATION_STYLE_ASSIGNMENT((#19430,#19435));
#19430 = SURFACE_STYLE_USAGE(.BOTH.,#19431);
#19431 = SURFACE_SIDE_STYLE('',(#19432));
#19432 = SURFACE_STYLE_FILL_AREA(#19433);
#19433 = FILL_AREA_STYLE('',(#19434));
#19434 = FILL_AREA_STYLE_COLOUR('',#18570);
#19435 = CURVE_STYLE('',#19436,POSITIVE_LENGTH_MEASURE(0.1),#18570);
#19436 = DRAUGHTING_PRE_DEFINED_CURVE_FONT('continuous');
#19437 = OVER_RIDING_STYLED_ITEM('overriding color',(#19438),#12825,
  #19419);
#19438 = PRESENTATION_STYLE_ASSIGNMENT((#19439,#19444));
#19439 = SURFACE_STYLE_USAGE(.BOTH.,#19440);
#19440 = SURFACE_SIDE_STYLE('',(#19441));
#19441 = SURFACE_STYLE_FILL_AREA(#19442);
#19442 = FILL_AREA_STYLE('',(#19443));
#19443 = FILL_AREA_STYLE_COLOUR('',#18570);
#19444 = CURVE_STYLE('',#19445,POSITIVE_LENGTH_MEASURE(0.1),#18570);
#19445 = DRAUGHTING_PRE_DEFINED_CURVE_FONT('continuous');
#19446 = STYLED_ITEM('color',(#19447),#12836);
#19447 = PRESENTATION_STYLE_ASSIGNMENT((#19448,#19453));
#19448 = SURFACE_STYLE_USAGE(.BOTH.,#19449);
#19449 = SURFACE_SIDE_STYLE('',(#19450));
#19450 = SURFACE_STYLE_FILL_AREA(#19451);
#19451 = FILL_AREA_STYLE('',(#19452));
#19452 = FILL_AREA_STYLE_COLOUR('',#18570);
#19453 = CURVE_STYLE('',#19454,POSITIVE_LENGTH_MEASURE(0.1),#18570);
#19454 = DRAUGHTING_PRE_DEFINED_CURVE_FONT('continuous');
#19455 = OVER_RIDING_STYLED_ITEM('overriding color',(#19456),#12840,
  #19446);
#19456 = PRESENTATION_STYLE_ASSIGNMENT((#19457,#19462));
#19457 = SURFACE_STYLE_USAGE(.BOTH.,#19458);
#19458 = SURFACE_SIDE_STYLE('',(#19459));
#19459 = SURFACE_STYLE_FILL_AREA(#19460);
#19460 = FILL_AREA_STYLE('',(#19461));
#19461 = FILL_AREA_STYLE_COLOUR('',#18570);
#19462 = CURVE_STYLE('',#19463,POSITIVE_LENGTH_MEASURE(0.1),#18570);
#19463 = DRAUGHTING_PRE_DEFINED_CURVE_FONT('continuous');
#19464 = STYLED_ITEM('color',(#19465),#12860);
#19465 = PRESENTATION_STYLE_ASSIGNMENT((#19466,#19471));
#19466 = SURFACE_STYLE_USAGE(.BOTH.,#19467);
#19467 = SURFACE_SIDE_STYLE('',(#19468));
#19468 = SURFACE_STYLE_FILL_AREA(#19469);
#19469 = FILL_AREA_STYLE('',(#19470));
#19470 = FILL_AREA_STYLE_COLOUR('',#15336);
#19471 = CURVE_STYLE('',#19472,POSITIVE_LENGTH_MEASURE(0.1),#15336);
#19472 = DRAUGHTING_PRE_DEFINED_CURVE_FONT('continuous');
#19473 = OVER_RIDING_STYLED_ITEM('overriding color',(#19474),#12873,
  #19464);
#19474 = PRESENTATION_STYLE_ASSIGNMENT((#19475,#19480));
#19475 = SURFACE_STYLE_USAGE(.BOTH.,#19476);
#19476 = SURFACE_SIDE_STYLE('',(#19477));
#19477 = SURFACE_STYLE_FILL_AREA(#19478);
#19478 = FILL_AREA_STYLE('',(#19479));
#19479 = FILL_AREA_STYLE_COLOUR('',#18570);
#19480 = CURVE_STYLE('',#19481,POSITIVE_LENGTH_MEASURE(0.1),#18570);
#19481 = DRAUGHTING_PRE_DEFINED_CURVE_FONT('continuous');
#19482 = STYLED_ITEM('color',(#19483),#12892);
#19483 = PRESENTATION_STYLE_ASSIGNMENT((#19484,#19489));
#19484 = SURFACE_STYLE_USAGE(.BOTH.,#19485);
#19485 = SURFACE_SIDE_STYLE('',(#19486));
#19486 = SURFACE_STYLE_FILL_AREA(#19487);
#19487 = FILL_AREA_STYLE('',(#19488));
#19488 = FILL_AREA_STYLE_COLOUR('',#15336);
#19489 = CURVE_STYLE('',#19490,POSITIVE_LENGTH_MEASURE(0.1),#15336);
#19490 = DRAUGHTING_PRE_DEFINED_CURVE_FONT('continuous');
#19491 = STYLED_ITEM('color',(#19492),#12916);
#19492 = PRESENTATION_STYLE_ASSIGNMENT((#19493,#19498));
#19493 = SURFACE_STYLE_USAGE(.BOTH.,#19494);
#19494 = SURFACE_SIDE_STYLE('',(#19495));
#19495 = SURFACE_STYLE_FILL_AREA(#19496);
#19496 = FILL_AREA_STYLE('',(#19497));
#19497 = FILL_AREA_STYLE_COLOUR('',#15336);
#19498 = CURVE_STYLE('',#19499,POSITIVE_LENGTH_MEASURE(0.1),#15336);
#19499 = DRAUGHTING_PRE_DEFINED_CURVE_FONT('continuous');
#19500 = STYLED_ITEM('color',(#19501),#12933);
#19501 = PRESENTATION_STYLE_ASSIGNMENT((#19502,#19507));
#19502 = SURFACE_STYLE_USAGE(.BOTH.,#19503);
#19503 = SURFACE_SIDE_STYLE('',(#19504));
#19504 = SURFACE_STYLE_FILL_AREA(#19505);
#19505 = FILL_AREA_STYLE('',(#19506));
#19506 = FILL_AREA_STYLE_COLOUR('',#15336);
#19507 = CURVE_STYLE('',#19508,POSITIVE_LENGTH_MEASURE(0.1),#15336);
#19508 = DRAUGHTING_PRE_DEFINED_CURVE_FONT('continuous');
#19509 = STYLED_ITEM('color',(#19510),#12945);
#19510 = PRESENTATION_STYLE_ASSIGNMENT((#19511,#19516));
#19511 = SURFACE_STYLE_USAGE(.BOTH.,#19512);
#19512 = SURFACE_SIDE_STYLE('',(#19513));
#19513 = SURFACE_STYLE_FILL_AREA(#19514);
#19514 = FILL_AREA_STYLE('',(#19515));
#19515 = FILL_AREA_STYLE_COLOUR('',#18570);
#19516 = CURVE_STYLE('',#19517,POSITIVE_LENGTH_MEASURE(0.1),#18570);
#19517 = DRAUGHTING_PRE_DEFINED_CURVE_FONT('continuous');
#19518 = STYLED_ITEM('color',(#19519),#12965);
#19519 = PRESENTATION_STYLE_ASSIGNMENT((#19520,#19525));
#19520 = SURFACE_STYLE_USAGE(.BOTH.,#19521);
#19521 = SURFACE_SIDE_STYLE('',(#19522));
#19522 = SURFACE_STYLE_FILL_AREA(#19523);
#19523 = FILL_AREA_STYLE('',(#19524));
#19524 = FILL_AREA_STYLE_COLOUR('',#15336);
#19525 = CURVE_STYLE('',#19526,POSITIVE_LENGTH_MEASURE(0.1),#15336);
#19526 = DRAUGHTING_PRE_DEFINED_CURVE_FONT('continuous');
#19527 = STYLED_ITEM('color',(#19528),#12989);
#19528 = PRESENTATION_STYLE_ASSIGNMENT((#19529,#19534));
#19529 = SURFACE_STYLE_USAGE(.BOTH.,#19530);
#19530 = SURFACE_SIDE_STYLE('',(#19531));
#19531 = SURFACE_STYLE_FILL_AREA(#19532);
#19532 = FILL_AREA_STYLE('',(#19533));
#19533 = FILL_AREA_STYLE_COLOUR('',#15336);
#19534 = CURVE_STYLE('',#19535,POSITIVE_LENGTH_MEASURE(0.1),#15336);
#19535 = DRAUGHTING_PRE_DEFINED_CURVE_FONT('continuous');
#19536 = STYLED_ITEM('color',(#19537),#13006);
#19537 = PRESENTATION_STYLE_ASSIGNMENT((#19538,#19543));
#19538 = SURFACE_STYLE_USAGE(.BOTH.,#19539);
#19539 = SURFACE_SIDE_STYLE('',(#19540));
#19540 = SURFACE_STYLE_FILL_AREA(#19541);
#19541 = FILL_AREA_STYLE('',(#19542));
#19542 = FILL_AREA_STYLE_COLOUR('',#15336);
#19543 = CURVE_STYLE('',#19544,POSITIVE_LENGTH_MEASURE(0.1),#15336);
#19544 = DRAUGHTING_PRE_DEFINED_CURVE_FONT('continuous');
#19545 = STYLED_ITEM('color',(#19546),#13018);
#19546 = PRESENTATION_STYLE_ASSIGNMENT((#19547,#19552));
#19547 = SURFACE_STYLE_USAGE(.BOTH.,#19548);
#19548 = SURFACE_SIDE_STYLE('',(#19549));
#19549 = SURFACE_STYLE_FILL_AREA(#19550);
#19550 = FILL_AREA_STYLE('',(#19551));
#19551 = FILL_AREA_STYLE_COLOUR('',#17822);
#19552 = CURVE_STYLE('',#19553,POSITIVE_LENGTH_MEASURE(0.1),#17822);
#19553 = DRAUGHTING_PRE_DEFINED_CURVE_FONT('continuous');
#19554 = STYLED_ITEM('color',(#19555),#13108);
#19555 = PRESENTATION_STYLE_ASSIGNMENT((#19556,#19561));
#19556 = SURFACE_STYLE_USAGE(.BOTH.,#19557);
#19557 = SURFACE_SIDE_STYLE('',(#19558));
#19558 = SURFACE_STYLE_FILL_AREA(#19559);
#19559 = FILL_AREA_STYLE('',(#19560));
#19560 = FILL_AREA_STYLE_COLOUR('',#18570);
#19561 = CURVE_STYLE('',#19562,POSITIVE_LENGTH_MEASURE(0.1),#18570);
#19562 = DRAUGHTING_PRE_DEFINED_CURVE_FONT('continuous');
#19563 = STYLED_ITEM('color',(#19564),#13141);
#19564 = PRESENTATION_STYLE_ASSIGNMENT((#19565,#19570));
#19565 = SURFACE_STYLE_USAGE(.BOTH.,#19566);
#19566 = SURFACE_SIDE_STYLE('',(#19567));
#19567 = SURFACE_STYLE_FILL_AREA(#19568);
#19568 = FILL_AREA_STYLE('',(#19569));
#19569 = FILL_AREA_STYLE_COLOUR('',#18570);
#19570 = CURVE_STYLE('',#19571,POSITIVE_LENGTH_MEASURE(0.1),#18570);
#19571 = DRAUGHTING_PRE_DEFINED_CURVE_FONT('continuous');
#19572 = STYLED_ITEM('color',(#19573),#13167);
#19573 = PRESENTATION_STYLE_ASSIGNMENT((#19574,#19579));
#19574 = SURFACE_STYLE_USAGE(.BOTH.,#19575);
#19575 = SURFACE_SIDE_STYLE('',(#19576));
#19576 = SURFACE_STYLE_FILL_AREA(#19577);
#19577 = FILL_AREA_STYLE('',(#19578));
#19578 = FILL_AREA_STYLE_COLOUR('',#18570);
#19579 = CURVE_STYLE('',#19580,POSITIVE_LENGTH_MEASURE(0.1),#18570);
#19580 = DRAUGHTING_PRE_DEFINED_CURVE_FONT('continuous');
#19581 = STYLED_ITEM('color',(#19582),#13193);
#19582 = PRESENTATION_STYLE_ASSIGNMENT((#19583,#19588));
#19583 = SURFACE_STYLE_USAGE(.BOTH.,#19584);
#19584 = SURFACE_SIDE_STYLE('',(#19585));
#19585 = SURFACE_STYLE_FILL_AREA(#19586);
#19586 = FILL_AREA_STYLE('',(#19587));
#19587 = FILL_AREA_STYLE_COLOUR('',#18570);
#19588 = CURVE_STYLE('',#19589,POSITIVE_LENGTH_MEASURE(0.1),#18570);
#19589 = DRAUGHTING_PRE_DEFINED_CURVE_FONT('continuous');
#19590 = STYLED_ITEM('color',(#19591),#13218);
#19591 = PRESENTATION_STYLE_ASSIGNMENT((#19592,#19597));
#19592 = SURFACE_STYLE_USAGE(.BOTH.,#19593);
#19593 = SURFACE_SIDE_STYLE('',(#19594));
#19594 = SURFACE_STYLE_FILL_AREA(#19595);
#19595 = FILL_AREA_STYLE('',(#19596));
#19596 = FILL_AREA_STYLE_COLOUR('',#18570);
#19597 = CURVE_STYLE('',#19598,POSITIVE_LENGTH_MEASURE(0.1),#18570);
#19598 = DRAUGHTING_PRE_DEFINED_CURVE_FONT('continuous');
#19599 = STYLED_ITEM('color',(#19600),#13243);
#19600 = PRESENTATION_STYLE_ASSIGNMENT((#19601,#19606));
#19601 = SURFACE_STYLE_USAGE(.BOTH.,#19602);
#19602 = SURFACE_SIDE_STYLE('',(#19603));
#19603 = SURFACE_STYLE_FILL_AREA(#19604);
#19604 = FILL_AREA_STYLE('',(#19605));
#19605 = FILL_AREA_STYLE_COLOUR('',#18570);
#19606 = CURVE_STYLE('',#19607,POSITIVE_LENGTH_MEASURE(0.1),#18570);
#19607 = DRAUGHTING_PRE_DEFINED_CURVE_FONT('continuous');
#19608 = STYLED_ITEM('color',(#19609),#13269);
#19609 = PRESENTATION_STYLE_ASSIGNMENT((#19610,#19615));
#19610 = SURFACE_STYLE_USAGE(.BOTH.,#19611);
#19611 = SURFACE_SIDE_STYLE('',(#19612));
#19612 = SURFACE_STYLE_FILL_AREA(#19613);
#19613 = FILL_AREA_STYLE('',(#19614));
#19614 = FILL_AREA_STYLE_COLOUR('',#18570);
#19615 = CURVE_STYLE('',#19616,POSITIVE_LENGTH_MEASURE(0.1),#18570);
#19616 = DRAUGHTING_PRE_DEFINED_CURVE_FONT('continuous');
#19617 = STYLED_ITEM('color',(#19618),#13295);
#19618 = PRESENTATION_STYLE_ASSIGNMENT((#19619,#19624));
#19619 = SURFACE_STYLE_USAGE(.BOTH.,#19620);
#19620 = SURFACE_SIDE_STYLE('',(#19621));
#19621 = SURFACE_STYLE_FILL_AREA(#19622);
#19622 = FILL_AREA_STYLE('',(#19623));
#19623 = FILL_AREA_STYLE_COLOUR('',#18570);
#19624 = CURVE_STYLE('',#19625,POSITIVE_LENGTH_MEASURE(0.1),#18570);
#19625 = DRAUGHTING_PRE_DEFINED_CURVE_FONT('continuous');
#19626 = STYLED_ITEM('color',(#19627),#13312);
#19627 = PRESENTATION_STYLE_ASSIGNMENT((#19628,#19633));
#19628 = SURFACE_STYLE_USAGE(.BOTH.,#19629);
#19629 = SURFACE_SIDE_STYLE('',(#19630));
#19630 = SURFACE_STYLE_FILL_AREA(#19631);
#19631 = FILL_AREA_STYLE('',(#19632));
#19632 = FILL_AREA_STYLE_COLOUR('',#15336);
#19633 = CURVE_STYLE('',#19634,POSITIVE_LENGTH_MEASURE(0.1),#15336);
#19634 = DRAUGHTING_PRE_DEFINED_CURVE_FONT('continuous');
#19635 = STYLED_ITEM('color',(#19636),#13336);
#19636 = PRESENTATION_STYLE_ASSIGNMENT((#19637,#19642));
#19637 = SURFACE_STYLE_USAGE(.BOTH.,#19638);
#19638 = SURFACE_SIDE_STYLE('',(#19639));
#19639 = SURFACE_STYLE_FILL_AREA(#19640);
#19640 = FILL_AREA_STYLE('',(#19641));
#19641 = FILL_AREA_STYLE_COLOUR('',#15336);
#19642 = CURVE_STYLE('',#19643,POSITIVE_LENGTH_MEASURE(0.1),#15336);
#19643 = DRAUGHTING_PRE_DEFINED_CURVE_FONT('continuous');
#19644 = STYLED_ITEM('color',(#19645),#13353);
#19645 = PRESENTATION_STYLE_ASSIGNMENT((#19646,#19651));
#19646 = SURFACE_STYLE_USAGE(.BOTH.,#19647);
#19647 = SURFACE_SIDE_STYLE('',(#19648));
#19648 = SURFACE_STYLE_FILL_AREA(#19649);
#19649 = FILL_AREA_STYLE('',(#19650));
#19650 = FILL_AREA_STYLE_COLOUR('',#15336);
#19651 = CURVE_STYLE('',#19652,POSITIVE_LENGTH_MEASURE(0.1),#15336);
#19652 = DRAUGHTING_PRE_DEFINED_CURVE_FONT('continuous');
#19653 = STYLED_ITEM('color',(#19654),#13365);
#19654 = PRESENTATION_STYLE_ASSIGNMENT((#19655,#19660));
#19655 = SURFACE_STYLE_USAGE(.BOTH.,#19656);
#19656 = SURFACE_SIDE_STYLE('',(#19657));
#19657 = SURFACE_STYLE_FILL_AREA(#19658);
#19658 = FILL_AREA_STYLE('',(#19659));
#19659 = FILL_AREA_STYLE_COLOUR('',#15336);
#19660 = CURVE_STYLE('',#19661,POSITIVE_LENGTH_MEASURE(0.1),#15336);
#19661 = DRAUGHTING_PRE_DEFINED_CURVE_FONT('continuous');
#19662 = STYLED_ITEM('color',(#19663),#13389);
#19663 = PRESENTATION_STYLE_ASSIGNMENT((#19664,#19669));
#19664 = SURFACE_STYLE_USAGE(.BOTH.,#19665);
#19665 = SURFACE_SIDE_STYLE('',(#19666));
#19666 = SURFACE_STYLE_FILL_AREA(#19667);
#19667 = FILL_AREA_STYLE('',(#19668));
#19668 = FILL_AREA_STYLE_COLOUR('',#15336);
#19669 = CURVE_STYLE('',#19670,POSITIVE_LENGTH_MEASURE(0.1),#15336);
#19670 = DRAUGHTING_PRE_DEFINED_CURVE_FONT('continuous');
#19671 = STYLED_ITEM('color',(#19672),#13406);
#19672 = PRESENTATION_STYLE_ASSIGNMENT((#19673,#19678));
#19673 = SURFACE_STYLE_USAGE(.BOTH.,#19674);
#19674 = SURFACE_SIDE_STYLE('',(#19675));
#19675 = SURFACE_STYLE_FILL_AREA(#19676);
#19676 = FILL_AREA_STYLE('',(#19677));
#19677 = FILL_AREA_STYLE_COLOUR('',#15336);
#19678 = CURVE_STYLE('',#19679,POSITIVE_LENGTH_MEASURE(0.1),#15336);
#19679 = DRAUGHTING_PRE_DEFINED_CURVE_FONT('continuous');
#19680 = STYLED_ITEM('color',(#19681),#13418);
#19681 = PRESENTATION_STYLE_ASSIGNMENT((#19682,#19687));
#19682 = SURFACE_STYLE_USAGE(.BOTH.,#19683);
#19683 = SURFACE_SIDE_STYLE('',(#19684));
#19684 = SURFACE_STYLE_FILL_AREA(#19685);
#19685 = FILL_AREA_STYLE('',(#19686));
#19686 = FILL_AREA_STYLE_COLOUR('',#17822);
#19687 = CURVE_STYLE('',#19688,POSITIVE_LENGTH_MEASURE(0.1),#17822);
#19688 = DRAUGHTING_PRE_DEFINED_CURVE_FONT('continuous');
#19689 = STYLED_ITEM('color',(#19690),#13451);
#19690 = PRESENTATION_STYLE_ASSIGNMENT((#19691,#19696));
#19691 = SURFACE_STYLE_USAGE(.BOTH.,#19692);
#19692 = SURFACE_SIDE_STYLE('',(#19693));
#19693 = SURFACE_STYLE_FILL_AREA(#19694);
#19694 = FILL_AREA_STYLE('',(#19695));
#19695 = FILL_AREA_STYLE_COLOUR('',#17822);
#19696 = CURVE_STYLE('',#19697,POSITIVE_LENGTH_MEASURE(0.1),#17822);
#19697 = DRAUGHTING_PRE_DEFINED_CURVE_FONT('continuous');
#19698 = STYLED_ITEM('color',(#19699),#13477);
#19699 = PRESENTATION_STYLE_ASSIGNMENT((#19700,#19705));
#19700 = SURFACE_STYLE_USAGE(.BOTH.,#19701);
#19701 = SURFACE_SIDE_STYLE('',(#19702));
#19702 = SURFACE_STYLE_FILL_AREA(#19703);
#19703 = FILL_AREA_STYLE('',(#19704));
#19704 = FILL_AREA_STYLE_COLOUR('',#17822);
#19705 = CURVE_STYLE('',#19706,POSITIVE_LENGTH_MEASURE(0.1),#17822);
#19706 = DRAUGHTING_PRE_DEFINED_CURVE_FONT('continuous');
#19707 = STYLED_ITEM('color',(#19708),#13503);
#19708 = PRESENTATION_STYLE_ASSIGNMENT((#19709,#19714));
#19709 = SURFACE_STYLE_USAGE(.BOTH.,#19710);
#19710 = SURFACE_SIDE_STYLE('',(#19711));
#19711 = SURFACE_STYLE_FILL_AREA(#19712);
#19712 = FILL_AREA_STYLE('',(#19713));
#19713 = FILL_AREA_STYLE_COLOUR('',#17822);
#19714 = CURVE_STYLE('',#19715,POSITIVE_LENGTH_MEASURE(0.1),#17822);
#19715 = DRAUGHTING_PRE_DEFINED_CURVE_FONT('continuous');
#19716 = STYLED_ITEM('color',(#19717),#13528);
#19717 = PRESENTATION_STYLE_ASSIGNMENT((#19718,#19723));
#19718 = SURFACE_STYLE_USAGE(.BOTH.,#19719);
#19719 = SURFACE_SIDE_STYLE('',(#19720));
#19720 = SURFACE_STYLE_FILL_AREA(#19721);
#19721 = FILL_AREA_STYLE('',(#19722));
#19722 = FILL_AREA_STYLE_COLOUR('',#17822);
#19723 = CURVE_STYLE('',#19724,POSITIVE_LENGTH_MEASURE(0.1),#17822);
#19724 = DRAUGHTING_PRE_DEFINED_CURVE_FONT('continuous');
#19725 = STYLED_ITEM('color',(#19726),#13553);
#19726 = PRESENTATION_STYLE_ASSIGNMENT((#19727,#19732));
#19727 = SURFACE_STYLE_USAGE(.BOTH.,#19728);
#19728 = SURFACE_SIDE_STYLE('',(#19729));
#19729 = SURFACE_STYLE_FILL_AREA(#19730);
#19730 = FILL_AREA_STYLE('',(#19731));
#19731 = FILL_AREA_STYLE_COLOUR('',#17822);
#19732 = CURVE_STYLE('',#19733,POSITIVE_LENGTH_MEASURE(0.1),#17822);
#19733 = DRAUGHTING_PRE_DEFINED_CURVE_FONT('continuous');
#19734 = STYLED_ITEM('color',(#19735),#13579);
#19735 = PRESENTATION_STYLE_ASSIGNMENT((#19736,#19741));
#19736 = SURFACE_STYLE_USAGE(.BOTH.,#19737);
#19737 = SURFACE_SIDE_STYLE('',(#19738));
#19738 = SURFACE_STYLE_FILL_AREA(#19739);
#19739 = FILL_AREA_STYLE('',(#19740));
#19740 = FILL_AREA_STYLE_COLOUR('',#17822);
#19741 = CURVE_STYLE('',#19742,POSITIVE_LENGTH_MEASURE(0.1),#17822);
#19742 = DRAUGHTING_PRE_DEFINED_CURVE_FONT('continuous');
#19743 = STYLED_ITEM('color',(#19744),#13605);
#19744 = PRESENTATION_STYLE_ASSIGNMENT((#19745,#19750));
#19745 = SURFACE_STYLE_USAGE(.BOTH.,#19746);
#19746 = SURFACE_SIDE_STYLE('',(#19747));
#19747 = SURFACE_STYLE_FILL_AREA(#19748);
#19748 = FILL_AREA_STYLE('',(#19749));
#19749 = FILL_AREA_STYLE_COLOUR('',#17822);
#19750 = CURVE_STYLE('',#19751,POSITIVE_LENGTH_MEASURE(0.1),#17822);
#19751 = DRAUGHTING_PRE_DEFINED_CURVE_FONT('continuous');
#19752 = STYLED_ITEM('color',(#19753),#13622);
#19753 = PRESENTATION_STYLE_ASSIGNMENT((#19754,#19759));
#19754 = SURFACE_STYLE_USAGE(.BOTH.,#19755);
#19755 = SURFACE_SIDE_STYLE('',(#19756));
#19756 = SURFACE_STYLE_FILL_AREA(#19757);
#19757 = FILL_AREA_STYLE('',(#19758));
#19758 = FILL_AREA_STYLE_COLOUR('',#17822);
#19759 = CURVE_STYLE('',#19760,POSITIVE_LENGTH_MEASURE(0.1),#17822);
#19760 = DRAUGHTING_PRE_DEFINED_CURVE_FONT('continuous');
#19761 = STYLED_ITEM('color',(#19762),#13644);
#19762 = PRESENTATION_STYLE_ASSIGNMENT((#19763,#19768));
#19763 = SURFACE_STYLE_USAGE(.BOTH.,#19764);
#19764 = SURFACE_SIDE_STYLE('',(#19765));
#19765 = SURFACE_STYLE_FILL_AREA(#19766);
#19766 = FILL_AREA_STYLE('',(#19767));
#19767 = FILL_AREA_STYLE_COLOUR('',#17822);
#19768 = CURVE_STYLE('',#19769,POSITIVE_LENGTH_MEASURE(0.1),#17822);
#19769 = DRAUGHTING_PRE_DEFINED_CURVE_FONT('continuous');
#19770 = STYLED_ITEM('color',(#19771),#13661);
#19771 = PRESENTATION_STYLE_ASSIGNMENT((#19772,#19777));
#19772 = SURFACE_STYLE_USAGE(.BOTH.,#19773);
#19773 = SURFACE_SIDE_STYLE('',(#19774));
#19774 = SURFACE_STYLE_FILL_AREA(#19775);
#19775 = FILL_AREA_STYLE('',(#19776));
#19776 = FILL_AREA_STYLE_COLOUR('',#17822);
#19777 = CURVE_STYLE('',#19778,POSITIVE_LENGTH_MEASURE(0.1),#17822);
#19778 = DRAUGHTING_PRE_DEFINED_CURVE_FONT('continuous');
#19779 = STYLED_ITEM('color',(#19780),#13678);
#19780 = PRESENTATION_STYLE_ASSIGNMENT((#19781,#19786));
#19781 = SURFACE_STYLE_USAGE(.BOTH.,#19782);
#19782 = SURFACE_SIDE_STYLE('',(#19783));
#19783 = SURFACE_STYLE_FILL_AREA(#19784);
#19784 = FILL_AREA_STYLE('',(#19785));
#19785 = FILL_AREA_STYLE_COLOUR('',#17822);
#19786 = CURVE_STYLE('',#19787,POSITIVE_LENGTH_MEASURE(0.1),#17822);
#19787 = DRAUGHTING_PRE_DEFINED_CURVE_FONT('continuous');
#19788 = STYLED_ITEM('color',(#19789),#13695);
#19789 = PRESENTATION_STYLE_ASSIGNMENT((#19790,#19795));
#19790 = SURFACE_STYLE_USAGE(.BOTH.,#19791);
#19791 = SURFACE_SIDE_STYLE('',(#19792));
#19792 = SURFACE_STYLE_FILL_AREA(#19793);
#19793 = FILL_AREA_STYLE('',(#19794));
#19794 = FILL_AREA_STYLE_COLOUR('',#17822);
#19795 = CURVE_STYLE('',#19796,POSITIVE_LENGTH_MEASURE(0.1),#17822);
#19796 = DRAUGHTING_PRE_DEFINED_CURVE_FONT('continuous');
#19797 = STYLED_ITEM('color',(#19798),#13712);
#19798 = PRESENTATION_STYLE_ASSIGNMENT((#19799,#19804));
#19799 = SURFACE_STYLE_USAGE(.BOTH.,#19800);
#19800 = SURFACE_SIDE_STYLE('',(#19801));
#19801 = SURFACE_STYLE_FILL_AREA(#19802);
#19802 = FILL_AREA_STYLE('',(#19803));
#19803 = FILL_AREA_STYLE_COLOUR('',#17822);
#19804 = CURVE_STYLE('',#19805,POSITIVE_LENGTH_MEASURE(0.1),#17822);
#19805 = DRAUGHTING_PRE_DEFINED_CURVE_FONT('continuous');
#19806 = STYLED_ITEM('color',(#19807),#13729);
#19807 = PRESENTATION_STYLE_ASSIGNMENT((#19808,#19813));
#19808 = SURFACE_STYLE_USAGE(.BOTH.,#19809);
#19809 = SURFACE_SIDE_STYLE('',(#19810));
#19810 = SURFACE_STYLE_FILL_AREA(#19811);
#19811 = FILL_AREA_STYLE('',(#19812));
#19812 = FILL_AREA_STYLE_COLOUR('',#17822);
#19813 = CURVE_STYLE('',#19814,POSITIVE_LENGTH_MEASURE(0.1),#17822);
#19814 = DRAUGHTING_PRE_DEFINED_CURVE_FONT('continuous');
#19815 = STYLED_ITEM('color',(#19816),#13746);
#19816 = PRESENTATION_STYLE_ASSIGNMENT((#19817,#19822));
#19817 = SURFACE_STYLE_USAGE(.BOTH.,#19818);
#19818 = SURFACE_SIDE_STYLE('',(#19819));
#19819 = SURFACE_STYLE_FILL_AREA(#19820);
#19820 = FILL_AREA_STYLE('',(#19821));
#19821 = FILL_AREA_STYLE_COLOUR('',#17822);
#19822 = CURVE_STYLE('',#19823,POSITIVE_LENGTH_MEASURE(0.1),#17822);
#19823 = DRAUGHTING_PRE_DEFINED_CURVE_FONT('continuous');
ENDSEC;
END-ISO-10303-21;
